month_end,ticker,permno,weight,composite_score,normalized_composite_score,mktcap
2010-12-31,AAPL,14593,0.0745362830437391,283.3,3.05,297089049.6
2010-12-31,MSFT,10107,0.0506915282015648,236.6,0.78,234527730.0
2010-12-31,GOOG,90319,0.03952926031128043,264.4,2.13,144697618.36
2010-12-31,KO,11308,0.03643495411861557,245.1,1.19,152720176.18
2010-12-31,JPM,47896,0.03566896287850618,231.2,0.52,165827458.02
2010-12-31,INTC,59328,0.03529036398195486,270.6,2.43,115896330.0
2010-12-31,ORCL,10104,0.03342961443941669,228.3,0.37,158140746.0
2010-12-31,MCD,43449,0.02900321837844675,273.3,2.56,81097477.32
2010-12-31,GS,86868,0.026740099394696355,260.0,1.92,85970622.88
2010-12-31,EBAY,86356,0.024989962129122113,293.7,3.56,36115269.3
2010-12-31,SNDK,82618,0.024393626520512184,311.2,4.41,11791989.72
2010-12-31,NOVL,90609,0.024354233943565978,319.0,4.79,2085343.68
2010-12-31,NEM,21207,0.023621534618260498,293.2,3.53,29867143.14
2010-12-31,OXY,34833,0.023545562242484552,252.0,1.53,79714686.6
2010-12-31,ALTR,75577,0.023116900315202207,306.3,4.17,11367596.52
2010-12-31,TXN,15579,0.02002165704362483,271.6,2.48,38160102.5
2010-12-31,MA,91233,0.018056821661485017,272.3,2.52,27460198.3
2010-12-31,CLF,27422,0.017824104851160403,285.2,3.14,10567156.59
2010-12-31,QCOM,77178,0.017644942430254815,226.8,0.3,80866660.0
2010-12-31,PNC,60442,0.017172126098666522,265.0,2.16,31926333.12
2010-12-31,GLW,22293,0.017045555570566355,265.9,2.2,30194822.28
2010-12-31,BIIB,76841,0.01589785076429667,272.7,2.53,16153149.6
2010-12-31,AMGN,14008,0.015318891407955414,241.6,1.02,51166800.0
2010-12-31,NBL,61815,0.015268581818023432,271.0,2.45,15072177.6
2010-12-31,ADI,60871,0.014870842047373595,272.5,2.53,11250258.51
2010-12-31,BMY,19393,0.014615484740397394,243.5,1.11,45325418.8
2010-12-31,BRCM,85963,0.014405320185330662,262.5,2.04,21108685.0
2010-12-31,PCLN,86783,0.01420881729770544,262.9,2.06,19636283.81
2010-12-31,MCHP,78987,0.014105980079866345,273.3,2.56,6441948.26
2010-12-31,LO,17279,0.013032226585525594,264.1,2.12,12276996.6
2010-12-31,ICE,90993,0.012929814789799791,266.6,2.24,8715941.65
2010-12-31,AMP,90880,0.0127731272442391,261.4,1.99,14270213.1
2010-12-31,CSX,62148,0.011733218135671361,249.0,1.38,24176092.85
2010-12-31,NOV,84032,0.011542834288553069,244.9,1.18,28220453.75
2010-12-31,XLNX,76201,0.011386575274130523,261.2,1.98,7565518.8
2010-12-31,COH,88661,0.011007226926245485,252.4,1.55,16392833.11
2010-12-31,ISRG,88352,0.010953210845663698,257.4,1.79,10026475.0
2010-12-31,DD,11703,0.010448705035156625,226.2,0.27,45535152.72
2010-12-31,NTAP,82598,0.009656350011267523,244.0,1.14,19863808.08
2010-12-31,LLTC,10299,0.009589865607801229,253.6,1.61,7826956.02
2010-12-31,AMT,86111,0.009415711228555904,242.4,1.06,20608491.2
2010-12-31,BMC,11976,0.008737774562500421,249.6,1.41,8433346.0
2010-12-31,CA,25778,0.008078030292839863,243.7,1.12,12320008.48
2010-12-31,TROW,10138,0.00795469422271185,239.6,0.92,16700370.4
2010-12-31,MU,53613,0.00757976837213579,245.2,1.2,7994336.0
2010-12-31,CME,89626,0.0072841112293764495,232.9,0.6,21508022.25
2010-12-31,NSM,51377,0.006812609453721417,245.9,1.23,3296428.16
2010-12-31,SWN,63765,0.006506832273230562,236.7,0.78,12980087.69
2010-12-31,COF,81055,0.006434903700607916,231.1,0.51,19446770.56
2010-12-31,WAT,82651,0.0063060282973927415,240.7,0.98,7097254.3
2010-12-31,FSLR,91611,0.006145982725785993,236.7,0.78,11171738.16
2010-12-31,LTD,64282,0.0058459564585265425,236.5,0.77,9912022.96
2010-12-31,RAI,86946,0.005838700499115194,229.0,0.41,19019156.24
2010-12-31,FISV,10696,0.0056089660973272,236.6,0.78,8602464.0
2010-12-31,STJ,68591,0.005500772904644112,231.2,0.52,14643585.0
2010-12-31,PXD,75241,0.004954927600425332,232.7,0.59,10079454.72
2010-12-31,VIA,91063,0.004639361109542047,221.6,0.05,22030408.63
2010-12-31,CMA,25081,0.004552868391468285,233.2,0.61,7455022.08
2010-12-31,AKAM,87299,0.0038197759768115376,229.1,0.41,8779671.15
2010-12-31,TDC,92293,0.0037354852319249074,230.3,0.47,6894300.0
2010-12-31,VAR,27043,0.003526403368171787,228.3,0.37,8284779.52
2010-12-31,HCBK,87070,0.003187911803076575,228.2,0.37,6710387.32
2010-12-31,APH,84769,0.0030797182089599435,225.7,0.25,9216021.36
2010-12-31,NDAQ,90601,0.002146050627551373,226.0,0.26,4171330.59
2010-12-31,FMC,19166,0.0020564632544124647,224.3,0.18,5794901.04
2010-12-31,BCR,46877,0.0017012739706952016,220.6,0.0,8525708.31
2010-12-31,SRCL,83906,0.0016926828803594648,221.9,0.06,6897782.64
2011-01-31,AAPL,14593,0.0719651838918341,286.6,2.99,312608060.17
2011-01-31,MSFT,10107,0.04636320473774498,240.5,0.77,232956040.95
2011-01-31,GOOG,90319,0.04025183345075758,277.6,2.56,150611710.33
2011-01-31,JPM,47896,0.035626281642650234,239.3,0.72,175678594.14
2011-01-31,ORCL,10104,0.03300373306140341,238.9,0.7,161829012.6
2011-01-31,KO,11308,0.03226666875088075,247.9,1.13,145939836.9
2011-01-31,INTC,59328,0.03158934205193907,266.1,2.0,118266060.0
2011-01-31,T,66093,0.030971776240621487,229.8,0.26,162670720.0
2011-01-31,GS,86868,0.027003688855267178,273.3,2.35,83649579.66
2011-01-31,SNDK,82618,0.024100651013219145,316.6,4.43,10730095.74
2011-01-31,NEM,21207,0.02352118459962821,302.0,3.73,26774923.86
2011-01-31,MCD,43449,0.02327675314568727,262.2,1.82,77832870.69
2011-01-31,OXY,34833,0.02324143118654198,261.5,1.78,78560814.48
2011-01-31,ALTR,75577,0.02217464266404672,307.6,4.0,12020934.77
2011-01-31,EBAY,86356,0.021192477338360074,282.7,2.8,39418513.2
2011-01-31,QCOM,77178,0.021082603037968134,244.6,0.97,88975970.98
2011-01-31,TXN,15579,0.020712546725439356,280.4,2.69,39815663.87
2011-01-31,NOVL,90609,0.020057115627894074,306.3,3.93,2124638.6
2011-01-31,CLF,27422,0.017818594655606194,289.8,3.14,11576326.14
2011-01-31,ADI,60871,0.01739001316453109,288.0,3.05,11596695.99
2011-01-31,GLW,22293,0.017139619937524116,269.4,2.16,34711542.59
2011-01-31,ICE,90993,0.01616188308869814,285.0,2.91,8813963.99
2011-01-31,PNC,60442,0.015313613948261359,264.2,1.91,31547760.0
2011-01-31,MA,91233,0.015037248991137616,265.0,1.95,28979569.07
2011-01-31,MCHP,78987,0.014582742570724488,279.9,2.67,6871786.81
2011-01-31,BRCM,85963,0.014554147818158458,268.4,2.11,21855123.0
2011-01-31,BIIB,76841,0.013468555461572912,268.5,2.12,15772508.64
2011-01-31,CSX,62148,0.013393051854009044,260.1,1.71,26417461.0
2011-01-31,PCLN,86783,0.012968115599650644,262.4,1.83,21060043.43
2011-01-31,AMP,90880,0.012779548393348397,266.0,2.0,15286857.3
2011-01-31,BMY,19393,0.01244962976473386,243.5,0.92,43100228.3
2011-01-31,LLTC,10299,0.012439327633639764,270.2,2.2,7892424.61
2011-01-31,NOV,84032,0.01238175164491952,252.4,1.34,31011026.5
2011-01-31,LO,17279,0.012380578301840911,267.4,2.07,11256656.4
2011-01-31,AMGN,14008,0.012270604783884623,236.5,0.58,51334560.0
2011-01-31,XLNX,76201,0.011740494415881026,266.9,2.04,8406132.0
2011-01-31,NBL,61815,0.011531789662650177,260.3,1.72,15951154.5
2011-01-31,CME,89626,0.01046332383601893,252.3,1.34,20626310.32
2011-01-31,COH,88661,0.009673111790980805,252.5,1.35,16031248.29
2011-01-31,NTAP,82598,0.009602204037079048,249.1,1.19,20118748.0
2011-01-31,TROW,10138,0.009572118003738635,251.3,1.29,17057459.2
2011-01-31,DD,11703,0.009112349025672581,227.2,0.13,46265467.92
2011-01-31,FSLR,91611,0.008665006774166008,250.4,1.25,13269765.52
2011-01-31,CMCSA,89525,0.008589054510170927,224.4,0.0,47083172.5
2011-01-31,ISRG,88352,0.008437737931199828,250.0,1.23,12550542.97
2011-01-31,BMC,11976,0.008230878068378068,252.2,1.34,8520221.7
2011-01-31,COF,81055,0.007988830467391546,241.1,0.8,21806848.0
2011-01-31,NSM,51377,0.007943892734505346,254.7,1.46,3655712.72
2011-01-31,CA,25778,0.007402049770480899,246.0,1.04,12139261.4
2011-01-31,AMT,86111,0.006896875731173792,237.7,0.64,20297208.8
2011-01-31,MU,53613,0.006528698571154009,243.6,0.92,10511426.06
2011-01-31,APH,84769,0.006526995007287584,244.2,0.95,9712170.0
2011-01-31,WAT,82651,0.006316180352526705,245.4,1.01,6976698.7
2011-01-31,FISV,10696,0.0059302500128665635,242.2,0.85,9074013.0
2011-01-31,SWN,63765,0.005596948996734757,237.3,0.62,13697928.5
2011-01-31,NDAQ,90601,0.005180020648524603,242.7,0.88,4303167.84
2011-01-31,LTD,64282,0.004650524056062208,236.6,0.59,9431420.48
2011-01-31,STJ,68591,0.004572135325261253,232.9,0.41,13872870.0
2011-01-31,RAI,86946,0.004392072590887133,228.6,0.2,18546884.12
2011-01-31,PXD,75241,0.004056758435912675,232.9,0.41,11047695.36
2011-01-31,LM,65330,0.00395076416531474,237.0,0.61,5068890.0
2011-01-31,HCBK,87070,0.003480687520103624,234.5,0.49,5783363.64
2011-01-31,TDC,92293,0.003403033774720355,233.1,0.42,7200825.0
2011-01-31,AKAM,87299,0.0023893580157374767,227.5,0.15,9016656.96
2011-01-31,AZO,76605,0.002241515932465951,225.3,0.04,11102585.76
2011-01-31,SRCL,83906,0.002061105906710743,227.9,0.17,6690644.58
2011-01-31,FMC,19166,0.0019430882941171327,228.3,0.19,5517088.16
2011-02-28,AAPL,14593,0.0771114931059757,320.6,3.96,325404593.17
2011-02-28,JPM,47896,0.040091518229402115,266.9,1.47,185990081.9
2011-02-28,MSFT,10107,0.0394711864936411,235.9,0.03,223335313.56
2011-02-28,KO,11308,0.03736603205375699,285.0,2.31,146652742.64
2011-02-28,WFC,38703,0.035501878315353785,259.3,1.11,169948228.54
2011-02-28,ORCL,10104,0.031761534504942214,245.8,0.49,166506900.0
2011-02-28,GOOG,90319,0.030722394992218658,250.9,0.72,153883049.62
2011-02-28,INTC,59328,0.029503522147400495,273.0,1.75,117827360.0
2011-02-28,QCOM,77178,0.02678951957468154,276.4,1.91,97934386.68
2011-02-28,SNDK,82618,0.0238071841302047,328.9,4.35,11788729.6
2011-02-28,ALTR,75577,0.023579041641764782,326.7,4.24,13393567.46
2011-02-28,GLW,22293,0.02319081715622544,307.8,3.37,36105203.42
2011-02-28,GS,86868,0.022175467099170957,267.3,1.49,83731378.54
2011-02-28,LUK,20415,0.020417022297578784,317.1,3.8,8094686.03
2011-02-28,CLF,27422,0.02033210222591117,312.9,3.6,13149393.41
2011-02-28,TXN,15579,0.02025893130893463,290.9,2.58,41736736.11
2011-02-28,MCD,43449,0.019175446296933542,258.0,1.05,78956868.32
2011-02-28,EBAY,86356,0.019153561115065294,284.8,2.3,43501886.85
2011-02-28,NOVL,90609,0.018637329712781314,314.0,3.65,2075951.64
2011-02-28,ADI,60871,0.017404220018019934,301.2,3.06,11948446.8
2011-02-28,MCHP,78987,0.01715162060879042,303.9,3.19,6954692.93
2011-02-28,MA,91233,0.017125802248530515,286.5,2.38,29746687.36
2011-02-28,COF,81055,0.017063173793690527,291.7,2.62,22535856.0
2011-02-28,OXY,34833,0.0170349818653796,245.8,0.49,82886212.53
2011-02-28,NEM,21207,0.01588019615541956,283.3,2.23,26892447.55
2011-02-28,BRCM,85963,0.01586999918773128,288.5,2.47,19979334.0
2011-02-28,AIG,66800,0.015314472257439461,250.8,0.72,66525220.08
2011-02-28,LLTC,10299,0.015264486104767373,295.1,2.78,7840247.04
2011-02-28,XLNX,76201,0.014924863563681173,293.0,2.68,8680245.0
2011-02-28,PCLN,86783,0.014794415054391455,282.1,2.17,22309109.76
2011-02-28,NBL,61815,0.013501281690557941,281.1,2.13,16284717.02
2011-02-28,FSLR,91611,0.013350494862521217,283.2,2.22,12660064.05
2011-02-28,AMGN,14008,0.013002921796407284,255.0,0.91,47862812.49
2011-02-28,AMP,90880,0.012917932641782374,279.1,2.03,15608949.88
2011-02-28,HBAN,42906,0.012696120147536495,285.5,2.33,5912263.44
2011-02-28,MU,53613,0.01135766583278998,275.8,1.88,11099826.57
2011-02-28,UNP,48725,0.0106647456332249,245.7,0.48,46846405.41
2011-02-28,COH,88661,0.010220506362703571,267.0,1.47,16243908.08
2011-02-28,NTAP,82598,0.010033345772771126,264.1,1.34,19004267.52
2011-02-28,BIIB,76841,0.009913545585129212,265.5,1.4,16478380.8
2011-02-28,AMT,86111,0.009629172564053837,260.5,1.17,21455197.48
2011-02-28,JNPR,86979,0.009508169827507119,258.4,1.07,23536568.0
2011-02-28,GILD,77274,0.009492275360098836,252.7,0.81,30960683.58
2011-02-28,BMC,11976,0.009381239200122808,269.0,1.56,8841739.5
2011-02-28,BMY,19393,0.009340238521466687,242.2,0.32,43939640.87
2011-02-28,PNC,60442,0.009335178979838233,250.9,0.72,32441613.2
2011-02-28,NDAQ,90601,0.0084796653631508,268.0,1.52,5040710.07
2011-02-28,NSM,51377,0.008296624547428669,268.2,1.53,3737701.0
2011-02-28,CME,89626,0.007901105258445807,253.5,0.85,20871012.72
2011-02-28,LO,17279,0.006611274387084035,255.3,0.93,11174103.81
2011-02-28,PXD,75241,0.004583054377337414,246.0,0.5,11917697.68
2011-02-28,SBUX,77702,0.004565051165352653,236.3,0.05,24603080.0
2011-02-28,CMA,25081,0.0044149208901570845,249.1,0.64,6876236.3
2011-02-28,TROW,10138,0.004242845141713041,240.4,0.24,17368449.84
2011-02-28,WAT,82651,0.004168190409930006,247.5,0.57,7584541.25
2011-02-28,LTD,64282,0.0040477244936550725,244.9,0.45,10328115.04
2011-02-28,SWN,63765,0.0035323036293854167,240.1,0.22,13729327.92
2011-02-28,ICE,90993,0.0034909862493824094,243.2,0.37,9407957.0
2011-02-28,CA,25778,0.003363521400715772,240.2,0.23,12639113.34
2011-02-28,LM,65330,0.0033400143729315486,245.5,0.47,5518591.25
2011-02-28,AZO,76605,0.002523369333252471,237.6,0.11,11296146.84
2011-02-28,MTB,35554,0.0022822640074529926,237.1,0.08,10586251.5
2011-02-28,FRX,45241,0.002236083635751096,237.9,0.12,9269380.8
2011-02-28,VAR,27043,0.0019290437965322343,237.3,0.09,8316925.44
2011-02-28,FIS,89003,0.0017258198732507774,235.3,0.0,9799594.5
2011-02-28,HCBK,87070,0.0016703921584780511,237.9,0.12,6057257.0
2011-02-28,SRCL,83906,0.001624725272249228,236.7,0.07,7379922.32
2011-02-28,TDC,92293,0.0015267102382932884,235.8,0.02,8009850.0
2011-02-28,AKAM,87299,0.001260177224898381,235.4,0.0,7023739.5
2011-02-28,TMK,62308,0.0009650847348755633,235.6,0.01,5084475.75
2011-03-31,AAPL,14593,0.07328896778720848,319.9,3.87,322255833.3
2011-03-31,JPM,47896,0.03833820246011217,269.4,1.52,183639811.0
2011-03-31,KO,11308,0.03709350250068548,286.6,2.32,152258791.52
2011-03-31,MSFT,10107,0.035999448645575416,237.5,0.04,214063090.0
2011-03-31,IBM,12490,0.033690446628841644,238.5,0.08,198869747.72
2011-03-31,ORCL,10104,0.03086667540950236,247.7,0.51,169185701.17
2011-03-31,WFC,38703,0.030780189644095714,248.6,0.55,167416020.87
2011-03-31,GOOG,90319,0.028063823469991752,250.7,0.65,148256651.73
2011-03-31,INTC,59328,0.026052190221027526,270.5,1.57,108672488.44
2011-03-31,QCOM,77178,0.025505576844071266,280.6,2.04,91346780.0
2011-03-31,ALTR,75577,0.02489037718107407,333.4,4.5,14175760.6
2011-03-31,SNDK,82618,0.022535048602524844,325.6,4.14,10954486.84
2011-03-31,TXN,15579,0.0220122454851768,302.2,3.05,40400709.12
2011-03-31,LUK,20415,0.021119079550108676,320.8,3.92,9172185.74
2011-03-31,GLW,22293,0.02042450292309269,301.2,3.0,32302350.85
2011-03-31,GS,86868,0.020215158543822043,264.2,1.28,82552415.41
2011-03-31,MCD,43449,0.019731755115486464,264.4,1.29,79384620.91
2011-03-31,ADI,60871,0.019485927514411985,311.9,3.5,11798641.8
2011-03-31,CLF,27422,0.0190872909518828,309.1,3.37,13313303.64
2011-03-31,XLNX,76201,0.017826773061026285,307.1,3.28,8562768.0
2011-03-31,OXY,34833,0.01767989538240635,251.6,0.69,84936890.79
2011-03-31,EBAY,86356,0.017660494877546912,283.6,2.18,40279211.2
2011-03-31,MCHP,78987,0.017646105326431977,307.3,3.29,7204491.42
2011-03-31,COF,81055,0.016189673735882253,289.1,2.44,23832181.44
2011-03-31,NBL,61815,0.01579804728625534,292.3,2.59,17037172.05
2011-03-31,NEM,21207,0.015783866379722154,285.4,2.27,26556717.7
2011-03-31,LLTC,10299,0.015388448799438707,297.3,2.82,7629268.17
2011-03-31,MA,91233,0.015221059112393173,279.7,2.0,31126688.32
2011-03-31,PCLN,86783,0.014313079084281529,280.1,2.02,25142720.24
2011-03-31,AMT,86111,0.013295943892261897,279.0,1.97,20594200.76
2011-03-31,JNPR,86979,0.012405444287892826,273.8,1.73,22509517.76
2011-03-31,BRCM,85963,0.011842383741972658,273.9,1.73,19004788.0
2011-03-31,AMGN,14008,0.011719798404355036,251.2,0.68,49868850.0
2011-03-31,AMP,90880,0.01157581422946622,275.6,1.81,15045164.52
2011-03-31,NTAP,82598,0.011457733625710394,273.4,1.71,17401613.89
2011-03-31,BIIB,76841,0.011167163119968243,271.9,1.64,17752703.04
2011-03-31,NOVL,90609,0.011039099974173806,282.6,2.14,2093604.29
2011-03-31,BMC,11976,0.010486742386269116,275.4,1.8,8813928.0
2011-03-31,NDAQ,90601,0.01007705314128869,276.7,1.86,4555617.84
2011-03-31,GILD,77274,0.010024924800116622,255.6,0.88,33613730.9
2011-03-31,COH,88661,0.00951471621566732,266.5,1.39,15392078.96
2011-03-31,MU,53613,0.00948902727406948,269.2,1.51,11480323.0
2011-03-31,NSM,51377,0.009431730477351135,274.7,1.77,3482239.56
2011-03-31,HBAN,42906,0.009249388344339547,272.3,1.66,5732969.36
2011-03-31,UNP,48725,0.009119620795847614,241.2,0.21,48246302.81
2011-03-31,FSLR,91611,0.008650060415270897,263.9,1.27,13842855.44
2011-03-31,CME,89626,0.007844326404701115,255.9,0.89,20162235.43
2011-03-31,BMY,19393,0.007793897256058141,237.8,0.05,45054718.83
2011-03-31,PNC,60442,0.0076804084790241655,245.9,0.43,33101748.92
2011-03-31,STJ,68591,0.006308012695289673,251.8,0.7,16686257.72
2011-03-31,LO,17279,0.005783412160871968,251.6,0.69,13828990.53
2011-03-31,SBUX,77702,0.005566401498348351,240.8,0.19,27564700.0
2011-03-31,SWN,63765,0.005457467286894939,249.4,0.59,14942989.38
2011-03-31,ICE,90993,0.005219424421879624,252.6,0.74,9065982.9
2011-03-31,CSX,62148,0.004870612712321009,236.8,0.0,28973532.0
2011-03-31,PXD,75241,0.004640413763606278,248.1,0.53,11868787.84
2011-03-31,NVDA,86580,0.0039571168136397624,245.8,0.42,10986007.5
2011-03-31,TDC,92293,0.003920288829010262,247.4,0.5,8538792.6
2011-03-31,LM,65330,0.0038533857004276724,249.3,0.59,5494233.33
2011-03-31,CA,25778,0.003848387205512331,244.5,0.36,12145614.0
2011-03-31,WAT,82651,0.003796177128101399,247.3,0.49,7936142.5
2011-03-31,CMA,25081,0.0037893375814120637,248.3,0.54,6503332.32
2011-03-31,BTU,88991,0.00367693456062371,238.5,0.08,19472376.0
2011-03-31,SRCL,83906,0.0033672098183229206,245.7,0.42,7599196.34
2011-03-31,MTB,35554,0.003248226508318269,243.0,0.29,10646214.39
2011-03-31,FIS,89003,0.002819036667160299,241.7,0.23,9890359.5
2011-03-31,LTD,64282,0.0028051882613332564,241.2,0.21,10503548.88
2011-03-31,HCBK,87070,0.0025529776665221314,244.0,0.34,5098630.24
2011-03-31,AZO,76605,0.0024208607518181225,238.8,0.1,11546967.6
2011-03-31,FRX,45241,0.0015459981787040809,236.7,0.0,9240771.6
2011-04-30,AAPL,14593,0.06746770240449608,309.5,3.31,323784468.15
2011-04-30,KO,11308,0.03863880132258989,299.3,2.86,154829334.88
2011-04-30,JPM,47896,0.03776443333850873,276.0,1.83,181908558.0
2011-04-30,ORCL,10104,0.03473394694479932,262.2,1.22,181976155.36
2011-04-30,IBM,12490,0.03400319556052543,241.3,0.3,206606496.0
2011-04-30,T,66093,0.029018601925510364,234.7,0.01,184168160.0
2011-04-30,GOOG,90319,0.02768926533231661,262.0,1.21,137478830.15
2011-04-30,PM,92602,0.026875830163950065,267.7,1.46,124324334.4
2011-04-30,WFC,38703,0.02576603161286211,241.7,0.32,153689068.67
2011-04-30,INTC,59328,0.025040104983975815,260.5,1.15,122741300.0
2011-04-30,QCOM,77178,0.024890012615874355,279.4,1.98,95313581.88
2011-04-30,ALTR,75577,0.023999072605063884,332.2,4.31,15692308.8
2011-04-30,GS,86868,0.02262058565227765,281.3,2.06,78227252.09
2011-04-30,LUK,20415,0.022400672613741488,329.4,4.18,9454573.62
2011-04-30,CLF,27422,0.020224785694797288,317.2,3.64,12713024.28
2011-04-30,EBAY,86356,0.020068196828107825,293.7,2.61,44634746.61
2011-04-30,TXN,15579,0.01940417126105705,292.9,2.57,41534641.06
2011-04-30,GLW,22293,0.018284004846418022,294.0,2.62,32873831.64
2011-04-30,ADI,60871,0.018053277759204844,307.8,3.23,12077279.1
2011-04-30,MCD,43449,0.017985787692421748,258.1,1.04,81264323.06
2011-04-30,OXY,34833,0.017392781755997188,247.1,0.56,92903026.59
2011-04-30,XLNX,76201,0.01722975457984094,306.1,3.16,9224025.72
2011-04-30,MA,91233,0.017223229788725238,288.3,2.37,34115455.08
2011-04-30,MCHP,78987,0.016759974673028186,305.0,3.11,7778803.68
2011-04-30,SNDK,82618,0.016218180893479883,299.7,2.87,11758890.76
2011-04-30,COF,81055,0.01599582616425155,289.3,2.42,24913096.0
2011-04-30,NBL,61815,0.015696654555933356,293.6,2.6,16988381.82
2011-04-30,V,92611,0.01493861992811323,274.7,1.77,38643854.76
2011-04-30,BIIB,76841,0.014378137085901903,282.9,2.13,23595364.8
2011-04-30,GILD,77274,0.014241224256381916,277.3,1.89,30569177.36
2011-04-30,PCLN,86783,0.013968907610190668,278.5,1.94,27157405.97
2011-04-30,AMT,86111,0.01331957237121318,280.1,2.01,20788935.58
2011-04-30,NEM,21207,0.012900451362252574,272.4,1.67,28910496.09
2011-04-30,AMGN,14008,0.01270090852773584,254.4,0.88,52855207.35
2011-04-30,LLTC,10299,0.012464082383129002,285.4,2.24,7927420.54
2011-04-30,JNPR,86979,0.012300429218143425,275.7,1.82,20474237.81
2011-04-30,LO,17279,0.012016147012555984,278.1,1.92,15305541.0
2011-04-30,BMY,19393,0.01060511633667431,248.4,0.61,47938262.8
2011-04-30,MU,53613,0.010355991453116125,273.4,1.71,11336651.72
2011-04-30,AMP,90880,0.010181384919576087,269.7,1.55,15409498.0
2011-04-30,BMC,11976,0.009818500788799684,272.7,1.68,8900756.0
2011-04-30,UNP,48725,0.009747949533530604,242.5,0.35,50754207.87
2011-04-30,NTAP,82598,0.009570188130362213,264.2,1.31,19228590.0
2011-04-30,STJ,68591,0.009354828663851074,264.5,1.32,17439502.72
2011-04-30,BRCM,85963,0.009062589452537854,263.5,1.28,16982694.0
2011-04-30,SWN,63765,0.008593062978162704,262.6,1.24,15258937.86
2011-04-30,NDAQ,90601,0.007585322423367033,265.5,1.37,4791426.0
2011-04-30,FRX,45241,0.00664921035983702,257.9,1.03,9486810.72
2011-04-30,FSLR,91611,0.006497684320380137,255.4,0.92,12025491.63
2011-04-30,SBUX,77702,0.006384698358239395,244.1,0.42,27135520.0
2011-04-30,CME,89626,0.006381911944118304,249.3,0.65,19834039.76
2011-04-30,COH,88661,0.006265007049033495,250.3,0.7,17690242.94
2011-04-30,NSM,51377,0.0062190999145267465,258.4,1.05,6052576.32
2011-04-30,DFS,92121,0.006142507767071268,252.7,0.8,13549872.24
2011-04-30,ADBE,75510,0.005659734625592812,248.1,0.6,16924599.45
2011-04-30,PNC,60442,0.005484598573138872,236.0,0.07,32760168.72
2011-04-30,CA,25778,0.004808051306880498,247.5,0.57,12351557.0
2011-04-30,CTSH,86158,0.004739438389808049,238.0,0.15,25222325.0
2011-04-30,BTU,88991,0.004453406493098604,241.8,0.32,18081492.0
2011-04-30,PXD,75241,0.00443459861097014,246.1,0.51,11938828.32
2011-04-30,TDC,92293,0.003927809725495436,245.6,0.49,9417934.56
2011-04-30,ICE,90993,0.003683696646290006,244.9,0.46,8846808.15
2011-04-30,WAT,82651,0.0032414609936227317,242.8,0.37,8977388.0
2011-04-30,AZO,76605,0.0029770706720585937,239.5,0.22,11919259.8
2011-04-30,DO,82298,0.00295966580965133,240.4,0.26,10547978.49
2011-04-30,SRCL,83906,0.0029496405388195666,242.3,0.34,7822878.56
2011-04-30,HCBK,87070,0.002420465704363933,241.9,0.33,5019622.54
2011-04-30,ISRG,88352,0.002161510662698265,234.5,0.0,13739013.99
2011-04-30,HBAN,42906,0.0011206571923725588,235.4,0.04,5862479.21
2011-04-30,LM,65330,0.0008897763365817246,234.5,0.0,5655604.55
2011-05-31,AAPL,14593,0.06821786256722324,311.1,2.83,321657522.4
2011-05-31,JPM,47896,0.03887300475574945,293.1,2.0,171822139.4
2011-05-31,KO,11308,0.03821071967162846,304.0,2.5,152945059.74
2011-05-31,ORCL,10104,0.03612374382563162,280.0,1.39,173426960.0
2011-05-31,MSFT,10107,0.036111009799916154,252.6,0.13,210903502.67
2011-05-31,QCOM,77178,0.029424471988612907,306.1,2.6,97817879.88
2011-05-31,GOOG,90319,0.029374306720440356,279.6,1.37,133838361.92
2011-05-31,PM,92602,0.029178132111845227,283.3,1.54,127600845.75
2011-05-31,INTC,59328,0.024632920864879768,269.6,0.91,119348020.0
2011-05-31,MA,91233,0.02410066680483495,329.1,3.66,34636887.04
2011-05-31,ALTR,75577,0.023278744060636535,339.5,4.13,15495752.16
2011-05-31,LUK,20415,0.02270744253707417,342.0,4.25,8672097.6
2011-05-31,CLF,27422,0.021289962139786643,333.2,3.84,12303364.3
2011-05-31,EBAY,86356,0.020239306506697374,308.1,2.69,40455511.83
2011-05-31,LO,17279,0.019771284721582703,323.5,3.4,16566312.4
2011-05-31,KLAC,46886,0.01721138439681418,319.2,3.2,7236619.3
2011-05-31,OXY,34833,0.01716232828365132,260.3,0.48,87668568.75
2011-05-31,V,92611,0.017111588201842876,293.1,2.0,42413753.34
2011-05-31,TXN,15579,0.017079466298380013,294.0,2.04,40989265.7
2011-05-31,BIIB,76841,0.017078021339584838,307.2,2.65,22889799.36
2011-05-31,NSM,51377,0.016686167523862386,317.7,3.13,6169098.76
2011-05-31,COF,81055,0.01665951688781399,303.9,2.49,24923801.76
2011-05-31,MCD,43449,0.015748168170835377,256.4,0.3,84604028.58
2011-05-31,CF,90829,0.01565355788287575,309.7,2.76,10992655.74
2011-05-31,ADI,60871,0.015234134264952806,306.9,2.63,12335931.78
2011-05-31,BEN,37584,0.014652582357806332,292.4,1.96,28750173.76
2011-05-31,GS,86868,0.014096080382166361,257.8,0.37,72860846.55
2011-05-31,MO,13901,0.013818838949769856,266.9,0.79,58740439.22
2011-05-31,XLNX,76201,0.013808539932071318,302.8,2.44,9477500.0
2011-05-31,PCLN,86783,0.01328940196430738,288.8,1.8,25577637.93
2011-05-31,BMY,19393,0.01313659559537177,271.0,0.98,49064214.88
2011-05-31,MCHP,78987,0.013089196694015894,301.1,2.36,7529674.4
2011-05-31,GILD,77274,0.012323158317512552,279.3,1.36,32851633.96
2011-05-31,NEM,21207,0.012320882764563907,282.9,1.53,27904227.33
2011-05-31,AMP,90880,0.012197380397587939,291.9,1.94,14835110.55
2011-05-31,AMGN,14008,0.012138510998293191,261.4,0.53,56285914.74
2011-05-31,GLW,22293,0.011680444841061398,277.4,1.27,31633605.9
2011-05-31,CSX,62148,0.011377987960934874,277.9,1.3,29149728.4
2011-05-31,NVLS,12067,0.010339590242809947,292.3,1.96,3239201.16
2011-05-31,ISRG,88352,0.00947328882963816,280.9,1.43,13711512.0
2011-05-31,LLTC,10299,0.009091422739671656,283.5,1.55,7877319.06
2011-05-31,NBL,61815,0.008988310453707526,276.8,1.24,16446631.2
2011-05-31,UNP,48725,0.00884537226765362,250.6,0.04,51504265.29
2011-05-31,SNDK,82618,0.008473164556661639,278.3,1.31,11327437.44
2011-05-31,STJ,68591,0.008148888701842197,273.0,1.07,16662829.5
2011-05-31,ICE,90993,0.008036965628123168,278.2,1.31,8870549.95
2011-05-31,CTSH,86158,0.007923615856055314,267.3,0.81,23135170.0
2011-05-31,MRO,15069,0.007661997030815665,254.9,0.24,38573861.13
2011-05-31,PNC,60442,0.007298782775804603,257.5,0.35,32850584.86
2011-05-31,CME,89626,0.007117334987759906,266.7,0.78,19162780.51
2011-05-31,CELG,11552,0.0068145303138469945,258.8,0.41,28189208.91
2011-05-31,MU,53613,0.006511494460197908,270.6,0.96,10215004.2
2011-05-31,CERN,10909,0.006076735803814291,268.8,0.88,10096566.8
2011-05-31,NVDA,86580,0.0057795618442908715,266.1,0.75,12029771.52
2011-05-31,NTAP,82598,0.005772370298037241,260.1,0.47,20210130.0
2011-05-31,BMC,11976,0.005754022532301928,267.6,0.82,9822116.07
2011-05-31,MSI,22779,0.0057292500148898645,262.8,0.6,16253301.1
2011-05-31,COH,88661,0.005539930500960981,260.2,0.48,18690830.64
2011-05-31,AMT,86111,0.005106246865952243,255.9,0.28,22005087.88
2011-05-31,DFS,92121,0.005067675997473385,262.3,0.58,13004386.24
2011-05-31,VIA,91063,0.004547902705300332,249.8,0.0,27044965.0
2011-05-31,FRX,45241,0.004314572615982525,261.0,0.52,10307591.26
2011-05-31,APH,84769,0.004274812061671569,261.4,0.53,9522939.3
2011-05-31,NDAQ,90601,0.004192165254551107,264.7,0.69,4508746.0
2011-05-31,WAT,82651,0.004030917709313189,260.7,0.5,9031939.84
2011-05-31,SWN,63765,0.003943496860167156,255.8,0.28,15227626.77
2011-05-31,CA,25778,0.0035126038132281888,256.4,0.3,11842927.2
2011-05-31,HBAN,42906,0.003447305844791175,260.6,0.5,5698433.4
2011-05-31,TROW,10138,0.0032719584221638847,252.0,0.1,16442175.0
2011-05-31,MCO,48506,0.0028425002379838227,255.5,0.26,9091498.0
2011-05-31,CMA,25081,0.0027097258300462193,256.9,0.33,6383200.81
2011-05-31,LTD,64282,0.0021857552227878786,250.0,0.01,12723903.36
2011-05-31,FISV,10696,0.00208821723708783,252.1,0.11,9265781.72
2011-06-30,AAPL,14593,0.06861082492041702,305.3,2.67,311133874.95
2011-06-30,MSFT,10107,0.039426296390777375,255.0,0.15,217776000.0
2011-06-30,KO,11308,0.038508174727973576,296.5,2.23,154043901.66
2011-06-30,JPM,47896,0.03793726659331501,288.1,1.81,162682663.9
2011-06-30,ORCL,10104,0.035719745056769656,276.4,1.22,166706098.65
2011-06-30,QCOM,77178,0.031297479405119726,309.4,2.88,95236830.0
2011-06-30,GOOG,90319,0.03021896770049909,281.5,1.48,128534435.4
2011-06-30,PM,92602,0.028179643698281614,280.3,1.42,118744368.93
2011-06-30,INTC,59328,0.02625320451271795,273.5,1.08,117492320.0
2011-06-30,MA,91233,0.025628336285092194,328.5,3.83,36361191.1
2011-06-30,ALTR,75577,0.023803059261071194,336.4,4.23,14935082.4
2011-06-30,LUK,20415,0.023609105234695338,340.3,4.43,8339496.0
2011-06-30,CLF,27422,0.02327512951630822,335.4,4.18,13373447.2
2011-06-30,LO,17279,0.02084676364839959,324.1,3.61,15645163.35
2011-06-30,EBAY,86356,0.019738265467513273,301.3,2.47,41577119.78
2011-06-30,KLAC,46886,0.019269738368339763,324.1,3.61,6764936.64
2011-06-30,V,92611,0.018705641139861638,295.4,2.18,44088118.14
2011-06-30,BEN,37584,0.017527725452937758,301.3,2.47,29129572.66
2011-06-30,NSM,51377,0.017488467764561633,317.4,3.28,6189218.12
2011-06-30,BIIB,76841,0.017060295049625786,301.7,2.49,25933018.32
2011-06-30,TXN,15579,0.01684405719822833,292.2,2.01,38121178.27
2011-06-30,ADI,60871,0.0162166204433853,308.4,2.83,11727674.76
2011-06-30,CF,90829,0.016057659288678337,308.9,2.85,10126996.61
2011-06-30,COF,81055,0.01591801546365306,298.7,2.34,23734252.81
2011-06-30,MCD,43449,0.01583766342444963,253.2,0.06,87488492.64
2011-06-30,OXY,34833,0.015018920291502199,252.0,0.0,84571515.0
2011-06-30,GILD,77274,0.014831525043511625,288.4,1.82,32150931.05
2011-06-30,NVLS,12067,0.014179847567246622,306.8,2.75,2516428.2
2011-06-30,PCLN,86783,0.0135965037722607,288.2,1.81,25478755.6
2011-06-30,MO,13901,0.013251454500841973,265.7,0.69,55286350.67
2011-06-30,AMP,90880,0.013007058344875616,294.0,2.11,13974998.8
2011-06-30,GS,86868,0.012938475313321733,254.8,0.14,68905351.15
2011-06-30,XLNX,76201,0.012020079232642924,293.1,2.06,9687343.75
2011-06-30,AMGN,14008,0.011604621477310248,260.1,0.41,53915400.0
2011-06-30,CSX,62148,0.01160039216280393,277.8,1.29,28914472.08
2011-06-30,GLW,22293,0.011300143297506171,276.9,1.25,28493793.9
2011-06-30,MCHP,78987,0.011256872553648616,291.8,1.99,7224205.42
2011-06-30,A,87432,0.010977810541752007,283.2,1.56,17788579.95
2011-06-30,BMC,11976,0.009724068221779198,284.0,1.6,9599850.0
2011-06-30,NEM,21207,0.009439017286376502,270.8,0.94,26621727.93
2011-06-30,ISRG,88352,0.009375121696061094,279.1,1.36,14549500.61
2011-06-30,BMY,19393,0.008924189169921886,252.6,0.03,49405412.48
2011-06-30,SNDK,82618,0.008748562539244097,279.9,1.4,9892438.0
2011-06-30,PNC,60442,0.008353428932141525,263.1,0.56,31374531.3
2011-06-30,NVDA,86580,0.008239435398787957,278.1,1.31,9565589.28
2011-06-30,COH,88661,0.00799453959296151,270.6,0.93,18770103.72
2011-06-30,ICE,90993,0.0073670905935937885,274.9,1.15,9169053.33
2011-06-30,LLTC,10299,0.007224559053228135,275.5,1.18,7519776.68
2011-06-30,CELG,11552,0.007107920616288775,260.7,0.44,27747803.2
2011-06-30,ADBE,75510,0.006943367986348848,268.7,0.84,15532117.15
2011-06-30,CME,89626,0.006860397054939527,265.6,0.68,19439430.53
2011-06-30,NBL,61815,0.006818476280603745,268.0,0.8,15816647.58
2011-06-30,CERN,10909,0.006768998624389757,271.7,0.99,10316834.64
2011-06-30,HOG,70033,0.006154712627986785,269.7,0.89,9680063.84
2011-06-30,MSI,22779,0.005858452780498393,264.3,0.62,15631961.2
2011-06-30,STJ,68591,0.005265463731769862,261.9,0.5,15679568.0
2011-06-30,LTD,64282,0.00488189608434945,263.1,0.56,11826335.65
2011-06-30,NTAP,82598,0.004339378294812603,255.4,0.17,19637168.46
2011-06-30,HBAN,42906,0.004313693016605251,265.2,0.66,5663398.88
2011-06-30,WAT,82651,0.004189390182173419,262.5,0.53,8773517.86
2011-06-30,TROW,10138,0.004051893395741579,257.2,0.26,15478296.12
2011-06-30,CTSH,86158,0.003979351983218992,252.1,0.01,22266610.72
2011-06-30,APH,84769,0.0033429432934363253,258.6,0.33,9510608.45
2011-06-30,MU,53613,0.0031629324009202976,259.3,0.37,7509172.0
2011-06-30,FISV,10696,0.0030273025501497248,257.8,0.29,8862145.0
2011-06-30,DFS,92121,0.002919549297100669,253.3,0.07,14605500.0
2011-06-30,CA,25778,0.002850692110324592,255.3,0.17,11395492.68
2011-06-30,MCO,48506,0.0025287810049584723,255.9,0.2,8736130.0
2011-06-30,FRX,45241,0.0025254915465194277,254.1,0.11,11257652.42
2011-06-30,ADSK,85631,0.0023772040435383023,255.2,0.16,8870395.8
2011-06-30,BCR,46877,0.001946778813818682,253.1,0.06,9410058.3
2011-06-30,CMA,25081,0.0016115010508306337,254.1,0.11,6110973.47
2011-06-30,NDAQ,90601,0.0012215686326838347,253.7,0.09,4479719.2
2011-07-31,AAPL,14593,0.0774312156530112,307.4,2.66,362010502.95
2011-07-31,MSFT,10107,0.04067933204738185,250.3,0.0,229564488.4
2011-07-31,KO,11308,0.03796349954835627,294.9,2.07,155692164.54
2011-07-31,ORCL,10104,0.03519521910743755,283.6,1.55,154903448.7
2011-07-31,JPM,47896,0.03451752605090926,278.2,1.3,158167590.0
2011-07-31,GOOG,90319,0.032266180862303685,272.1,1.01,153470071.8
2011-07-31,QCOM,77178,0.028424553112905898,302.4,2.42,92016102.42
2011-07-31,MA,91233,0.027698358689930577,341.5,4.24,36591661.25
2011-07-31,PM,92602,0.026499084488798393,267.8,0.81,126569368.53
2011-07-31,INTC,59328,0.02570919305404463,271.5,0.99,117254830.0
2011-07-31,ALTR,75577,0.022328462648899986,336.2,4.0,13245160.88
2011-07-31,CLF,27422,0.02153782123628132,332.9,3.84,13115246.94
2011-07-31,LUK,20415,0.02139401087490571,336.0,3.99,8234335.2
2011-07-31,V,92611,0.021020767078696857,306.7,2.62,44589949.04
2011-07-31,EBAY,86356,0.02020303717403968,305.0,2.54,42206857.25
2011-07-31,LO,17279,0.01947004961471412,322.8,3.37,14704459.48
2011-07-31,MCD,43449,0.01834272131220541,260.8,0.49,89729658.96
2011-07-31,GILD,77274,0.017979642329688832,302.7,2.44,32678833.8
2011-07-31,DFS,92121,0.017037857321408622,312.9,2.91,13974608.7
2011-07-31,BIIB,76841,0.016567221589362132,302.7,2.44,24708161.02
2011-07-31,OXY,34833,0.016189152692456233,259.1,0.41,79808067.5
2011-07-31,ADI,60871,0.014899303271882628,306.5,2.61,10307409.6
2011-07-31,BEN,37584,0.014738038201392288,292.2,1.95,28168869.12
2011-07-31,CF,90829,0.0147145804864506,305.1,2.55,11102740.27
2011-07-31,KLAC,46886,0.0145768487472951,307.9,2.68,6649940.0
2011-07-31,NVLS,12067,0.014549074941220222,311.2,2.83,2161315.2
2011-07-31,TXN,15579,0.014239577580387595,285.2,1.62,34544777.75
2011-07-31,COF,81055,0.013963476629030547,293.6,2.01,21960037.0
2011-07-31,NSM,51377,0.013437895237975903,303.3,2.47,6260908.56
2011-07-31,PCLN,86783,0.012813370111428636,285.0,1.61,26758841.5
2011-07-31,XLNX,76201,0.012185176529064855,296.2,2.14,8511603.9
2011-07-31,ICE,90993,0.012073956905104329,295.3,2.09,9065385.9
2011-07-31,BMY,19393,0.011825952429206156,263.9,0.63,48884416.22
2011-07-31,A,87432,0.011718589767863408,289.5,1.82,14673577.2
2011-07-31,ISRG,88352,0.011706356256636486,288.7,1.79,15654695.26
2011-07-31,AMGN,14008,0.011562434375432718,261.5,0.52,50547777.7
2011-07-31,SNI,92709,0.011310012988359791,294.2,2.04,6198206.7
2011-07-31,CSX,62148,0.011258583685124541,278.2,1.3,26911078.74
2011-07-31,BMC,11976,0.010858099428307838,291.2,1.9,7586017.62
2011-07-31,MO,13901,0.010699570904720403,254.8,0.21,54473454.2
2011-07-31,NEM,21207,0.010387362167450299,274.3,1.12,27114045.75
2011-07-31,AMP,90880,0.009533678113117176,281.3,1.44,13107618.5
2011-07-31,MCHP,78987,0.00897892379507799,284.0,1.57,6432716.25
2011-07-31,CME,89626,0.008450825659493996,271.9,1.0,19336110.97
2011-07-31,COH,88661,0.008313521442598762,271.6,0.99,18955074.24
2011-07-31,FRX,45241,0.008222954225828924,277.9,1.28,10174007.68
2011-07-31,NVDA,86580,0.007899655323259714,277.9,1.28,8349544.41
2011-07-31,CERN,10909,0.007714072882549486,274.9,1.14,11240333.97
2011-07-31,PNC,60442,0.007432926471338235,260.5,0.47,28556540.0
2011-07-31,SNDK,82618,0.007152986514095068,273.3,1.07,10174281.78
2011-07-31,SBUX,77702,0.00699839068160745,257.6,0.34,29911149.0
2011-07-31,GLW,22293,0.00687187508727118,260.8,0.49,24996566.93
2011-07-31,HOG,70033,0.006236281428158874,269.3,0.88,10251842.08
2011-07-31,CELG,11552,0.006030758535515512,255.5,0.24,27207195.8
2011-07-31,WAT,82651,0.005753800968759706,268.9,0.87,8054151.71
2011-07-31,STJ,68591,0.005384732555916884,261.8,0.54,15291525.0
2011-07-31,VIA,91063,0.005182214187285865,252.9,0.12,25831634.22
2011-07-31,NBL,61815,0.005048539266827404,258.6,0.39,17594915.52
2011-07-31,MSI,22779,0.004799768771467188,259.2,0.41,15403419.93
2011-07-31,BCR,46877,0.004515816908597043,263.2,0.6,8550227.28
2011-07-31,SWN,63765,0.004492373928595869,257.8,0.35,15506478.96
2011-07-31,LTD,64282,0.004482662966690044,260.7,0.48,11644865.22
2011-07-31,ADBE,75510,0.004309180863485849,258.4,0.38,13685054.57
2011-07-31,LLTC,10299,0.004021178364717568,262.5,0.57,6677733.7
2011-07-31,AMAT,14702,0.0035509183652866253,253.2,0.13,16231981.92
2011-07-31,HBAN,42906,0.0033206866494854687,260.6,0.48,5218787.54
2011-07-31,TROW,10138,0.0027897267564717105,251.2,0.04,14561759.2
2011-07-31,CA,25778,0.002226973504930734,251.3,0.05,11254720.8
2011-07-31,MCO,48506,0.0020711889807797103,253.0,0.13,8144007.0
2011-07-31,TDC,92293,0.002016128318492639,251.9,0.07,9277248.0
2011-07-31,CMA,25081,0.0018617380231725374,253.4,0.14,6436940.98
2011-07-31,FISV,10696,0.0016070744277025106,250.7,0.02,8544078.72
2011-07-31,NDAQ,90601,0.000755278899349872,250.3,0.0,4262243.39
2011-08-31,AAPL,14593,0.07837523585783339,344.6,3.07,356772420.26
2011-08-31,MSFT,10107,0.043631526358205205,281.1,0.85,222861875.6
2011-08-31,KO,11308,0.03655591300562521,302.4,1.6,161759963.2
2011-08-31,GOOG,90319,0.03627229669514767,325.3,2.4,137522856.28
2011-08-31,JPM,47896,0.0351079825242806,309.6,1.85,146448318.0
2011-08-31,ORCL,10104,0.030809136084616016,289.7,1.15,141781570.0
2011-08-31,WFC,38703,0.029041401561343244,283.6,0.94,137803850.1
2011-08-31,INTC,59328,0.02895728535436347,315.6,2.06,105702630.0
2011-08-31,PM,92602,0.027551528859732197,291.3,1.21,121760649.32
2011-08-31,MA,91233,0.025204933787510132,360.8,3.64,39792039.27
2011-08-31,QCOM,77178,0.02471613210101783,310.8,1.89,86439368.94
2011-08-31,V,92611,0.021065160780259273,331.0,2.59,45809734.88
2011-08-31,LUK,20415,0.019909370118880554,363.4,3.73,7246994.29
2011-08-31,CF,90829,0.017837892889971424,345.6,3.1,13112860.75
2011-08-31,ISRG,88352,0.017229030443395427,340.3,2.92,14904302.44
2011-08-31,ALTR,75577,0.017220157304980367,343.4,3.03,11790396.39
2011-08-31,GILD,77274,0.016924062199208025,322.5,2.3,30769482.67
2011-08-31,CLF,27422,0.016209394142573923,337.3,2.81,12097508.45
2011-08-31,KLAC,46886,0.015311505562949851,338.2,2.85,6125560.0
2011-08-31,BEN,37584,0.014711279951592816,314.2,2.01,26446797.04
2011-08-31,LO,17279,0.014125842138831515,322.0,2.28,15424316.28
2011-08-31,EBAY,86356,0.013715279418433333,295.0,1.34,39783990.33
2011-08-31,SWN,63765,0.013681615381267392,321.7,2.27,13206258.45
2011-08-31,DFS,92121,0.013302572953910028,319.0,2.18,13729057.2
2011-08-31,USB,66157,0.013288851517610292,287.7,1.08,44584669.25
2011-08-31,TXN,15579,0.01320622039451072,301.7,1.57,30280963.41
2011-08-31,COF,81055,0.013165192751314087,310.7,1.89,21154172.7
2011-08-31,BIIB,76841,0.013132672856802441,308.8,1.82,22847833.2
2011-08-31,PCLN,86783,0.012755155722504238,302.7,1.61,26739430.7
2011-08-31,SNDK,82618,0.012426072745905077,319.0,2.18,8767632.9
2011-08-31,ICE,90993,0.012390495908942341,318.9,2.17,8665078.8
2011-08-31,CSX,62148,0.012346422836945833,303.1,1.62,24030487.08
2011-08-31,PNC,60442,0.01230856374734763,300.5,1.53,26385723.74
2011-08-31,GS,86868,0.012287915150788918,267.6,0.38,58783378.68
2011-08-31,UNP,48725,0.012277479475940607,281.5,0.87,44987163.13
2011-08-31,FRX,45241,0.011472910999797673,312.9,1.96,9400797.44
2011-08-31,AMGN,14008,0.011244890593077215,269.3,0.44,51199261.86
2011-08-31,CME,89626,0.011221485842731492,302.9,1.61,17860444.56
2011-08-31,NSM,51377,0.011048477896657577,313.6,1.99,6306497.7
2011-08-31,NVLS,12067,0.010837111452664963,316.8,2.1,1947551.1
2011-08-31,AXP,59176,0.010762887632119683,258.3,0.06,59342008.44
2011-08-31,NEM,21207,0.010369772061038136,285.2,1.0,30531946.5
2011-08-31,MCO,48506,0.010254628351242183,308.3,1.8,7050821.0
2011-08-31,ADI,60871,0.009743113974819903,302.5,1.6,9887442.76
2011-08-31,BMY,19393,0.009575592700068691,260.2,0.12,50743593.25
2011-08-31,SNI,92709,0.009327418371232998,304.6,1.67,5459004.3
2011-08-31,MCHP,78987,0.008629738429230392,299.8,1.5,6253553.19
2011-08-31,A,87432,0.008622206342475382,293.1,1.27,12832419.15
2011-08-31,XLNX,76201,0.0085646587770986,297.4,1.42,8257051.26
2011-08-31,TROW,10138,0.007956762889490867,288.4,1.11,13710614.12
2011-08-31,CELG,11552,0.00787566556937775,274.2,0.61,27285192.82
2011-08-31,VIA,91063,0.0069903353045076295,271.2,0.51,25238637.36
2011-08-31,COH,88661,0.006798931895079125,279.2,0.79,16248929.28
2011-08-31,DV,76708,0.006749557462550729,292.3,1.24,3022928.14
2011-08-31,SBUX,77702,0.005945942457532979,261.6,0.17,28814382.0
2011-08-31,HBAN,42906,0.005392356336740411,283.2,0.93,4333881.46
2011-08-31,STJ,68591,0.0053396639859592775,272.1,0.54,15005566.62
2011-08-31,BRCM,85963,0.005264148593864041,269.5,0.45,17147650.0
2011-08-31,MRO,15069,0.005141593517961475,266.7,0.35,19221122.28
2011-08-31,AMAT,14702,0.0048521655768947475,269.4,0.44,14914450.92
2011-08-31,WAT,82651,0.004798349226881539,276.8,0.7,7296523.85
2011-08-31,AMP,90880,0.00435028859636034,270.7,0.49,10788810.3
2011-08-31,LTD,64282,0.0037873210032022303,267.0,0.36,11258785.5
2011-08-31,NVDA,86580,0.003602009474383363,269.2,0.44,8035606.37
2011-08-31,MTB,35554,0.0034862176975905155,267.0,0.36,9554392.0
2011-08-31,MSI,22779,0.0031625559656054104,260.2,0.12,14442636.33
2011-08-31,BMC,11976,0.0029702510699293576,266.5,0.34,7127907.81
2011-08-31,CA,25778,0.0025000274278087625,260.3,0.13,10593569.04
2011-08-31,LLTC,10299,0.002409803365001181,263.9,0.25,6525034.67
2011-08-31,ADBE,75510,0.002306896358994665,257.3,0.02,12465203.08
2011-08-31,EQT,24328,0.0021381782472061047,259.9,0.11,8940637.38
2011-08-31,FAST,11618,0.0020942107006472047,258.7,0.07,9877699.87
2011-08-31,TDC,92293,0.001766299595921695,257.9,0.04,8812188.0
2011-08-31,TMK,62308,0.0014251867617652274,260.8,0.14,4015297.85
2011-08-31,APH,84769,0.0014102563183138828,256.7,0.0,7982747.64
2011-08-31,NDAQ,90601,0.0007585525916335209,256.8,0.0,4194954.13
2011-09-30,AAPL,14593,0.07354636589028585,345.1,3.0,354351914.93
2011-09-30,MSFT,10107,0.04168815941977726,296.2,1.42,209324900.0
2011-09-30,KO,11308,0.03717761309498874,323.7,2.31,155124245.76
2011-09-30,IBM,12490,0.03479050908408117,254.0,0.06,208843393.86
2011-09-30,GOOG,90319,0.030013962739121196,306.1,1.74,128972706.51
2011-09-30,JPM,47896,0.029239692479304122,313.1,1.97,117439386.0
2011-09-30,INTC,59328,0.027101841372186374,308.3,1.81,109192530.0
2011-09-30,WFC,38703,0.026595314708826243,286.6,1.11,127349764.92
2011-09-30,ORCL,10104,0.02587278506539109,264.1,0.38,144981861.48
2011-09-30,MA,91233,0.024967980113933256,367.6,3.73,38277406.08
2011-09-30,PM,92602,0.024789256847980785,293.6,1.34,109570532.38
2011-09-30,V,92611,0.022859570490247765,348.0,3.1,44683778.72
2011-09-30,QCOM,77178,0.021485511766026068,301.6,1.6,81747030.0
2011-09-30,LUK,20415,0.01834938567719067,360.1,3.49,5547142.44
2011-09-30,CF,90829,0.017667687510781883,352.5,3.24,8853602.67
2011-09-30,ISRG,88352,0.01711408147628594,343.6,2.95,14206920.0
2011-09-30,CLF,27422,0.01625996791080544,345.2,3.01,7471689.89
2011-09-30,MCD,43449,0.0159696925919518,258.4,0.2,90608460.64
2011-09-30,GILD,77274,0.015606539162644758,318.8,2.15,29336447.2
2011-09-30,LO,17279,0.014972164505604537,329.2,2.49,15324643.8
2011-09-30,ALTR,75577,0.014677302585753766,332.7,2.6,10116558.15
2011-09-30,COF,81055,0.014413954956919668,322.8,2.28,18204991.62
2011-09-30,EBAY,86356,0.014171918929684238,301.0,1.58,38061121.05
2011-09-30,NEM,21207,0.014053376194347076,307.8,1.8,30692846.25
2011-09-30,BEN,37584,0.014002281800549847,317.3,2.1,21092158.68
2011-09-30,BMY,19393,0.013608032360821578,281.7,0.95,53523830.46
2011-09-30,DFS,92121,0.01311787323231306,320.5,2.21,12608672.78
2011-09-30,PNC,60442,0.01289768479635708,306.1,1.74,25359553.79
2011-09-30,BIIB,76841,0.012866474854723527,308.7,1.83,22627718.55
2011-09-30,AMGN,14008,0.012789040512979754,282.1,0.97,48174858.24
2011-09-30,SWN,63765,0.012724812127627048,319.1,2.16,11598540.03
2011-09-30,USB,66157,0.012656126391419501,284.3,1.04,45218574.5
2011-09-30,PCLN,86783,0.01227547807564403,305.3,1.72,22375466.68
2011-09-30,ICE,90993,0.012260140499048179,319.2,2.16,8687852.64
2011-09-30,AXP,59176,0.012182673423075439,272.8,0.67,53600003.6
2011-09-30,CME,89626,0.011028129558621279,303.8,1.67,16291720.94
2011-09-30,KLAC,46886,0.010925637435097783,313.3,1.97,6379897.92
2011-09-30,GS,86868,0.010549737915876208,268.6,0.53,47822822.7
2011-09-30,UNP,48725,0.010204094312813642,274.6,0.72,39862228.63
2011-09-30,CSX,62148,0.010104815251527711,294.7,1.37,19602622.51
2011-09-30,ADI,60871,0.00978568715611739,303.2,1.65,9357437.5
2011-09-30,XLNX,76201,0.009688121094177308,304.8,1.7,7201957.28
2011-09-30,FRX,45241,0.00968484510024373,303.5,1.66,8453579.24
2011-09-30,SNDK,82618,0.009211695290236025,299.3,1.52,9697145.08
2011-09-30,TXN,15579,0.008794927921225876,275.5,0.75,30451622.5
2011-09-30,MCO,48506,0.008695555281527153,298.9,1.51,6963915.0
2011-09-30,CL,18729,0.008645604800598472,261.6,0.3,43142465.28
2011-09-30,CELG,11552,0.008642976443046636,277.5,0.82,27575704.56
2011-09-30,MCHP,78987,0.008543557110879962,299.0,1.51,5945992.08
2011-09-30,NVLS,12067,0.008362033742178082,302.1,1.61,1815216.14
2011-09-30,NVDA,86580,0.008291950339152553,295.8,1.41,7552624.77
2011-09-30,VIA,91063,0.0076297233492845905,278.7,0.86,20268341.86
2011-09-30,CMCSA,89525,0.007152212989750815,252.2,0.0,43295822.8
2011-09-30,TROW,10138,0.006744785090566148,281.6,0.95,12075061.75
2011-09-30,SNI,92709,0.006711749636646108,288.9,1.19,4735383.66
2011-09-30,SBUX,77702,0.006392790289323866,263.5,0.37,27646806.0
2011-09-30,COH,88661,0.006169020068538962,275.0,0.74,15044745.93
2011-09-30,STJ,68591,0.006138308886121694,278.0,0.83,11924713.57
2011-09-30,AMAT,14702,0.005824368909835316,274.3,0.71,13643033.5
2011-09-30,LTD,64282,0.0054038254389969335,273.9,0.7,11488495.75
2011-09-30,MTB,35554,0.005344065224075365,276.3,0.78,8779440.0
2011-09-30,A,87432,0.005136855453358801,272.9,0.67,10850437.5
2011-09-30,ADBE,75510,0.0046420250898408935,268.8,0.54,11864956.32
2011-09-30,MRO,15069,0.004548787280148787,264.6,0.4,15408314.22
2011-09-30,LLTC,10299,0.004123496153967815,271.3,0.62,6280946.35
2011-09-30,BRCM,85963,0.0039813539239411085,260.3,0.26,16178940.0
2011-09-30,GLW,22293,0.0039026529825588545,256.5,0.14,19419080.28
2011-09-30,HBAN,42906,0.003544880220451878,269.9,0.57,4147560.0
2011-09-30,MSI,22779,0.003118273941991664,256.8,0.15,14377440.3
2011-09-30,TMK,62308,0.0028186110495600864,265.9,0.44,3663263.1
2011-09-30,NDAQ,90601,0.002761326907613782,265.1,0.42,4098927.04
2011-09-30,WAT,82651,0.0027225947110424446,262.0,0.32,6896388.95
2011-09-30,EQT,24328,0.0026907601867643457,260.7,0.27,7975132.24
2011-09-30,BMC,11976,0.0024277044272786774,260.5,0.27,6578336.0
2011-09-30,FAST,11618,0.0023015102871964885,256.4,0.14,9824389.12
2011-09-30,TDC,92293,0.0018436960991460366,254.4,0.07,9009099.0
2011-10-31,AAPL,14593,0.07038335608311039,347.7,3.21,376206175.02
2011-10-31,MSFT,10107,0.03866379535780093,289.3,1.26,224016406.66
2011-10-31,KO,11308,0.03468320587975958,325.1,2.45,155170570.24
2011-10-31,IBM,12490,0.03283863278425213,259.9,0.28,217608241.34
2011-10-31,INTC,59328,0.030518190120900353,326.3,2.49,124957680.0
2011-10-31,GOOG,90319,0.028984865043979346,293.9,1.41,151716435.2
2011-10-31,JPM,47896,0.028362918684900575,304.2,1.76,135530978.0
2011-10-31,ORCL,10104,0.0274161570833953,272.7,0.71,165311607.54
2011-10-31,T,66093,0.025777153373167827,255.6,0.14,173691060.0
2011-10-31,MA,91233,0.02546866779293963,368.0,3.88,41907699.91
2011-10-31,WFC,38703,0.025234859749515677,284.5,1.1,136602702.0
2011-10-31,PM,92602,0.023813391888314907,288.0,1.22,122726724.87
2011-10-31,V,92611,0.023737417291755873,351.9,3.35,48495200.0
2011-10-31,QCOM,77178,0.021963607841711745,308.1,1.89,86738774.4
2011-10-31,DFS,92121,0.018635295058559553,352.1,3.35,12949447.72
2011-10-31,ISRG,88352,0.018608720063737094,348.5,3.23,16917936.45
2011-10-31,NEM,21207,0.018278673521625762,332.9,2.71,32627341.62
2011-10-31,BMY,19393,0.016432593033055606,303.7,1.74,53530265.88
2011-10-31,LO,17279,0.015590019798962027,332.1,2.69,14940206.6
2011-10-31,MCD,43449,0.015406841101922697,260.9,0.31,95798173.2
2011-10-31,COF,81055,0.015073813301048407,323.9,2.41,20825526.0
2011-10-31,KLAC,46886,0.014832038659654996,333.7,2.74,7848207.76
2011-10-31,GILD,77274,0.014802920352904782,313.2,2.06,31292450.74
2011-10-31,SNDK,82618,0.014790686906172652,329.7,2.61,12175798.32
2011-10-31,AMGN,14008,0.014151647875045418,292.9,1.38,50199674.88
2011-10-31,PNC,60442,0.01414693726816409,311.9,2.01,28251460.0
2011-10-31,CF,90829,0.013380607522065744,321.7,2.34,11643359.31
2011-10-31,USB,66157,0.013155074279190245,288.0,1.22,48953670.0
2011-10-31,ICE,90993,0.013093607734774578,321.8,2.34,9541504.32
2011-10-31,ALTR,75577,0.013089660464166111,319.5,2.27,12167124.96
2011-10-31,BIIB,76841,0.012765863313310966,303.6,1.74,28265822.12
2011-10-31,LUK,20415,0.012746491257773088,322.3,2.36,6562161.89
2011-10-31,AXP,59176,0.01234873405251725,274.3,0.76,59174780.0
2011-10-31,SWN,63765,0.012197696922218573,312.0,2.02,14644171.56
2011-10-31,PCLN,86783,0.011317354118837528,297.5,1.53,25275824.76
2011-10-31,CELG,11552,0.010990402237489209,292.5,1.37,28780046.73
2011-10-31,EBAY,86356,0.010619223951674818,279.6,0.94,41090429.22
2011-10-31,GS,86868,0.010271652198440437,265.1,0.45,55409732.7
2011-10-31,CL,18729,0.010118657548280873,274.3,0.76,43738989.63
2011-10-31,TXN,15579,0.010095281115856105,281.3,0.99,35503014.33
2011-10-31,CME,89626,0.009658728122654933,293.6,1.4,18293877.28
2011-10-31,MCHP,78987,0.009631240106430522,303.3,1.73,6915119.58
2011-10-31,ADI,60871,0.009464341683712903,298.8,1.58,10950447.66
2011-10-31,BEN,37584,0.009263324284379043,286.7,1.17,23515860.31
2011-10-31,XLNX,76201,0.00896774452038768,297.7,1.54,8781978.52
2011-10-31,NVDA,86580,0.008954691249472034,297.4,1.53,9037664.4
2011-10-31,MTB,35554,0.008714304230950543,295.5,1.47,9565352.58
2011-10-31,MCO,48506,0.00868727545627184,296.8,1.51,7878780.0
2011-10-31,NVLS,12067,0.00834798293426007,299.6,1.6,2300649.95
2011-10-31,FRX,45241,0.007957326812150469,291.8,1.34,8593602.8
2011-10-31,UNP,48725,0.007849095167635194,256.9,0.18,48099976.89
2011-10-31,CLF,27422,0.007738309994680699,289.3,1.26,9961279.74
2011-10-31,SNI,92709,0.006364465214791344,285.0,1.12,5411867.04
2011-10-31,SBUX,77702,0.006337080176322257,262.3,0.36,31405704.0
2011-10-31,CSX,62148,0.006202019966119116,268.5,0.57,23319456.13
2011-10-31,AMAT,14702,0.0059740948862325016,273.4,0.73,16089920.0
2011-10-31,HBAN,42906,0.0057626387164705474,282.2,1.02,4475908.5
2011-10-31,LTD,64282,0.005690301592464229,274.6,0.77,12741460.75
2011-10-31,AMT,86111,0.005333481400384977,264.6,0.44,21806210.7
2011-10-31,MSI,22779,0.00532250433246844,270.2,0.62,15270893.76
2011-10-31,LLTC,10299,0.005179326864550771,276.2,0.82,7359151.77
2011-10-31,BAX,27887,0.004513772389514783,251.5,0.0,31242714.88
2011-10-31,TROW,10138,0.004461656215139872,266.7,0.51,13349497.6
2011-10-31,VIA,91063,0.004347703731970613,257.7,0.21,22941837.65
2011-10-31,FAST,11618,0.004090854224080131,266.3,0.49,11244320.36
2011-10-31,GLW,22293,0.003727855241330059,254.4,0.1,22457863.91
2011-10-31,STJ,68591,0.003723002951706372,262.7,0.37,12850617.0
2011-10-31,COH,88661,0.0032120917663066564,254.4,0.1,18887933.97
2011-10-31,WAT,82651,0.002907213863476879,262.6,0.37,7319362.6
2011-10-31,NDAQ,90601,0.0028575931520552055,264.8,0.44,4438308.9
2011-10-31,A,87432,0.0028427644169820455,257.4,0.2,12871222.98
2011-10-31,TDC,92293,0.0028337842593411907,259.8,0.28,10040778.0
2011-10-31,AZO,76605,0.0024813672063498005,255.2,0.12,12907357.92
2011-10-31,EQT,24328,0.0024208136171216567,257.8,0.21,9489249.5
2011-10-31,BMC,11976,0.0023045291406943932,260.2,0.29,5916082.48
2011-10-31,TMK,62308,0.001088007478187275,254.3,0.09,4301129.05
2011-11-30,AAPL,14593,0.06693770571157712,331.0,2.36,355220129.09
2011-11-30,MSFT,10107,0.03987054874305455,295.9,1.29,215183615.56
2011-11-30,IBM,12490,0.035411311724321506,260.0,0.2,221580184.0
2011-11-30,GOOG,90319,0.03317288437603979,314.9,1.87,153444441.95
2011-11-30,KO,11308,0.03167453177510021,305.8,1.59,152694927.36
2011-11-30,INTC,59328,0.03129126549279596,329.7,2.32,126841720.0
2011-11-30,ORCL,10104,0.030910610321435675,295.6,1.28,157753200.0
2011-11-30,PM,92602,0.027693330521787633,300.3,1.43,132427507.68
2011-11-30,WFC,38703,0.025632907703950984,282.7,0.89,136373382.36
2011-11-30,JPM,47896,0.025586264929982273,301.5,1.46,117678753.02
2011-11-30,MA,91233,0.02537118729563023,373.9,3.66,45456135.89
2011-11-30,V,92611,0.022550928539980832,350.1,2.94,50572958.04
2011-11-30,QCOM,77178,0.020844165736647435,296.4,1.31,92117923.2
2011-11-30,ISRG,88352,0.018361810535382085,356.9,3.15,16931584.35
2011-11-30,NEM,21207,0.01800719587113497,337.5,2.56,33628180.32
2011-11-30,CF,90829,0.017562637483787846,359.6,3.23,9141242.4
2011-11-30,OXY,34833,0.017443342222554177,286.1,1.0,80285932.1
2011-11-30,BMY,19393,0.017384271783299047,311.1,1.76,55445087.04
2011-11-30,DFS,92121,0.01673317050190557,350.1,2.94,13092353.34
2011-11-30,GILD,77274,0.015975663612574888,327.9,2.27,29932889.15
2011-11-30,USB,66157,0.01565126038013363,305.8,1.59,49465831.68
2011-11-30,MCD,43449,0.015580954862020088,256.0,0.08,97737783.36
2011-11-30,KLAC,46886,0.015331643453079918,346.4,2.83,7683210.4
2011-11-30,COF,81055,0.01503237076012902,331.3,2.37,20529174.82
2011-11-30,SWN,63765,0.014601760685018788,335.9,2.51,13254298.95
2011-11-30,LO,17279,0.014564640193591006,333.8,2.45,15069816.2
2011-11-30,PNC,60442,0.014237741624100202,317.9,1.96,28520531.52
2011-11-30,PCLN,86783,0.014112139084860696,321.5,2.07,24189062.37
2011-11-30,ICE,90993,0.013750030371594434,334.8,2.48,8843323.16
2011-11-30,LUK,20415,0.013327236949950264,335.2,2.49,5728133.86
2011-11-30,AXP,59176,0.01329295056263857,283.8,0.93,55797595.28
2011-11-30,BIIB,76841,0.013233823389544113,311.9,1.78,27923309.15
2011-11-30,EQT,24328,0.012919699676362372,328.9,2.3,9266588.37
2011-11-30,NBL,61815,0.012584468591618306,318.4,1.98,17380199.94
2011-11-30,ALTR,75577,0.011808402235104052,318.7,1.99,12086909.21
2011-11-30,SNDK,82618,0.011680351483249538,318.1,1.97,11848995.76
2011-11-30,CLF,27422,0.010890809012183002,315.1,1.88,9697643.72
2011-11-30,CME,89626,0.010830476671665635,307.7,1.65,16549200.64
2011-11-30,UNP,48725,0.010442129098681783,271.0,0.54,49954992.57
2011-11-30,NVLS,12067,0.010001545664770163,316.8,1.93,2305311.18
2011-11-30,XLNX,76201,0.009685411701460004,308.3,1.67,8585132.02
2011-11-30,TXN,15579,0.00930241155783912,279.4,0.79,34393765.0
2011-11-30,ADI,60871,0.009281673384426432,303.8,1.53,10386920.46
2011-11-30,MCO,48506,0.009275528285117506,306.5,1.62,7705620.0
2011-11-30,CSX,62148,0.00914215548185412,290.2,1.12,22794479.63
2011-11-30,MCHP,78987,0.00884178363378488,304.7,1.56,6672383.21
2011-11-30,WYNN,89533,0.008443522644984281,293.5,1.22,15064815.92
2011-11-30,CL,18729,0.008347214949853299,263.0,0.29,44285908.5
2011-11-30,CELG,11552,0.006852512511755261,269.8,0.5,28003167.48
2011-11-30,AGN,75646,0.0066823734051275965,271.2,0.54,25537279.04
2011-11-30,GLW,22293,0.0066086038746365145,275.5,0.67,20854853.33
2011-11-30,MTB,35554,0.006267727781711264,285.2,0.97,9168185.48
2011-11-30,NVDA,86580,0.006250205743020781,284.7,0.95,9544506.39
2011-11-30,LLTC,10299,0.00601865548172497,285.8,0.99,6976503.21
2011-11-30,VIA,91063,0.005742269425068378,268.2,0.45,22415942.28
2011-11-30,SNI,92709,0.005648424921633404,285.4,0.98,4982676.6
2011-11-30,AMAT,14702,0.005480260735486677,275.0,0.66,14074766.86
2011-11-30,BEN,37584,0.005121821022549311,264.3,0.33,22234540.34
2011-11-30,NSC,64311,0.004776244909810277,258.8,0.17,25389447.24
2011-11-30,MS,69032,0.004774058105656914,255.6,0.07,28506275.58
2011-11-30,MSI,22779,0.004712205994492559,268.8,0.47,15192765.12
2011-11-30,HBAN,42906,0.00468312254555337,279.5,0.8,4536393.75
2011-11-30,MRO,15069,0.004663945735797307,263.9,0.32,19676067.12
2011-11-30,NDAQ,90601,0.004442721581578857,277.8,0.74,4650922.5
2011-11-30,FAST,11618,0.004353573441947087,269.4,0.49,12295246.6
2011-11-30,FRX,45241,0.004234199347396901,273.0,0.6,8003903.88
2011-11-30,A,87432,0.004223160292723282,267.8,0.44,13020525.0
2011-11-30,TROW,10138,0.00394196357044336,264.6,0.34,14339846.4
2011-11-30,ADBE,75510,0.0037295157901124465,264.1,0.33,13460368.32
2011-11-30,COH,88661,0.0034578277924705698,257.4,0.12,18265389.34
2011-11-30,LTD,64282,0.0034484607484140716,263.1,0.3,12628097.25
2011-11-30,STJ,68591,0.0028752688511370778,259.7,0.19,12261937.16
2011-11-30,APOL,81138,0.0020257500573626257,260.4,0.22,6104068.32
2011-11-30,DO,82298,0.001981440178452695,257.8,0.14,8362474.05
2011-11-30,TMK,62308,0.0010687698579107013,255.9,0.08,4341624.6
2011-11-30,PBCT,12073,0.0006969350583263319,253.3,0.0,4489968.0
2011-11-30,MOLX,54827,0.000628109965141667,255.0,0.05,2383266.4
2011-12-31,AAPL,14593,0.0696751932726155,321.3,2.24,377546670.0
2011-12-31,MSFT,10107,0.03891461107635344,281.9,1.04,217824415.16
2011-12-31,GOOG,90319,0.035907553542896035,312.8,1.98,167853913.6
2011-12-31,IBM,12490,0.034932858791324954,257.0,0.28,216724277.84
2011-12-31,KO,11308,0.03290149775524905,302.2,1.66,158918103.04
2011-12-31,INTC,59328,0.03264108991573571,338.6,2.77,121250000.0
2011-12-31,PM,92602,0.029035030927467606,299.8,1.59,136318347.36
2011-12-31,WFC,38703,0.026359958146829066,273.2,0.77,145338376.56
2011-12-31,MA,91233,0.025985988508585217,372.0,3.8,45246182.05
2011-12-31,JPM,47896,0.025806676074036698,288.8,1.25,126342219.5
2011-12-31,V,92611,0.024363414234159844,353.6,3.23,52957235.76
2011-12-31,ORCL,10104,0.02360249077504985,271.8,0.73,128912719.05
2011-12-31,QCOM,77178,0.022660340567235492,302.7,1.67,92278900.0
2011-12-31,ISRG,88352,0.01888956537122066,353.0,3.21,18196293.39
2011-12-31,NEM,21207,0.018342968532960382,338.2,2.76,29297722.14
2011-12-31,BMY,19393,0.018200209312379704,306.5,1.79,59715307.68
2011-12-31,MCD,43449,0.018129485964523975,262.6,0.45,102659461.94
2011-12-31,OXY,34833,0.017823249366233536,287.5,1.21,76064629.3
2011-12-31,DFS,92121,0.017165616588157365,346.8,3.02,13191288.0
2011-12-31,GILD,77274,0.01668132214834107,325.8,2.38,30824628.58
2011-12-31,NBL,61815,0.015332212462354064,331.3,2.55,16673615.94
2011-12-31,KLAC,46886,0.01512894141956787,338.7,2.78,8044867.25
2011-12-31,USB,66157,0.015003203379228003,293.8,1.4,51622328.2
2011-12-31,LO,17279,0.014842816627387618,329.4,2.49,15391140.0
2011-12-31,PNC,60442,0.014111398357926871,309.5,1.88,30340879.04
2011-12-31,PCLN,86783,0.01398428227038258,315.8,2.08,23291489.79
2011-12-31,BIIB,76841,0.013481368663985959,309.5,1.88,26271686.25
2011-12-31,CF,90829,0.01345307839714686,326.3,2.4,9479952.24
2011-12-31,EQT,24328,0.013436675670338696,327.5,2.43,8187653.23
2011-12-31,ALTR,75577,0.013330107833657456,323.0,2.3,11948203.4
2011-12-31,AXP,59176,0.013074712513054643,278.0,0.92,54787105.94
2011-12-31,SWN,63765,0.012896660601397604,321.0,2.23,11125947.66
2011-12-31,UNP,48725,0.012378028182482513,277.1,0.89,51177177.38
2011-12-31,COF,81055,0.012331742808327831,308.9,1.86,19439740.33
2011-12-31,ICE,90993,0.012223944604162939,319.0,2.17,8758319.15
2011-12-31,LUK,20415,0.010703470403648222,312.3,1.97,5561817.42
2011-12-31,TXN,15579,0.010248315238794539,281.4,1.02,33170815.89
2011-12-31,CLF,27422,0.010166742917827779,305.4,1.76,8916798.2
2011-12-31,SNDK,82618,0.010159686895274314,302.3,1.66,11935983.92
2011-12-31,NVLS,12067,0.010080684851129182,310.9,1.93,2923497.16
2011-12-31,MCO,48506,0.009821358754172076,304.6,1.73,7476960.0
2011-12-31,CME,89626,0.009780911692528031,295.6,1.46,16113409.76
2011-12-31,CSX,62148,0.009163672700752414,285.5,1.15,22112010.18
2011-12-31,MCHP,78987,0.00897226878904868,299.5,1.58,7034938.02
2011-12-31,ADI,60871,0.008860192064828739,295.1,1.44,10661044.58
2011-12-31,XLNX,76201,0.008830699024769219,297.2,1.51,8394430.1
2011-12-31,CL,18729,0.008622510279289156,259.1,0.34,44716667.61
2011-12-31,CELG,11552,0.00819141782563264,271.6,0.72,29574459.2
2011-12-31,NVDA,86580,0.007570943390097436,288.9,1.25,8463650.58
2011-12-31,WYNN,89533,0.0070768994916715075,283.0,1.07,11105681.37
2011-12-31,AGN,75646,0.006807172556615928,265.4,0.53,26763507.68
2011-12-31,GLW,22293,0.00674019016921965,271.4,0.72,20399095.42
2011-12-31,BEN,37584,0.006479165119339165,268.9,0.64,21184784.22
2011-12-31,VIAB,91063,0.006073817865627108,265.1,0.52,22323556.0
2011-12-31,LLTC,10299,0.0059134668426960605,279.7,0.97,6853867.02
2011-12-31,SNI,92709,0.005857806654876821,280.9,1.01,5308014.6
2011-12-31,NSC,64311,0.005766152737688003,260.9,0.39,24488683.16
2011-12-31,MRO,15069,0.00536274244930089,262.2,0.43,20597942.94
2011-12-31,FRX,45241,0.005032451764831094,272.7,0.76,8084049.78
2011-12-31,FAST,11618,0.004932543627046772,267.2,0.59,12876244.99
2011-12-31,MTB,35554,0.004821761291442396,269.8,0.67,9590288.84
2011-12-31,TROW,10138,0.004758870129338747,264.5,0.51,14423840.4
2011-12-31,HBAN,42906,0.0044390270164716365,272.2,0.74,4745594.43
2011-12-31,COH,88661,0.004273364372798565,257.9,0.3,17813059.04
2011-12-31,NDAQ,90601,0.004163890681905761,270.9,0.7,4253784.03
2011-12-31,MSI,22779,0.003925048051549351,258.4,0.32,15069061.44
2011-12-31,AMAT,14702,0.003923219922911615,259.6,0.36,13870895.85
2011-12-31,LTD,64282,0.003611698000362544,259.5,0.35,11957722.5
2011-12-31,WMB,38156,0.0033041706194618043,249.9,0.06,19462351.22
2011-12-31,TMK,62308,0.0029043377041832823,262.5,0.44,4423176.6
2011-12-31,STJ,68591,0.00218385669169043,251.2,0.1,10941322.7
2011-12-31,A,87432,0.0021582477919746255,249.8,0.06,12160006.25
2011-12-31,ORLY,79103,0.0016049230346795668,248.2,0.01,10168041.0
2011-12-31,WAT,82651,0.0014712533393718022,250.9,0.09,6635398.35
2011-12-31,DO,82298,0.001189495447872658,248.0,0.0,7682632.02
2011-12-31,CMA,25081,0.001023257134523324,249.5,0.05,5125995.6
2012-01-31,AAPL,14593,0.07611877276225149,321.7,2.31,425608266.92
2012-01-31,MSFT,10107,0.043562239219501975,287.6,1.19,247779467.63
2012-01-31,GOOG,90319,0.03536000394573171,328.5,2.53,149645753.13
2012-01-31,KO,11308,0.034094820461668555,317.3,2.16,153376296.96
2012-01-31,INTC,59328,0.03328646528065113,332.1,2.65,132100000.0
2012-01-31,PM,92602,0.02876314058576749,306.5,1.81,129874144.14
2012-01-31,JPM,47896,0.028240467044302484,292.3,1.35,141731271.8
2012-01-31,WFC,38703,0.027966116728668354,279.2,0.92,154039694.46
2012-01-31,MA,91233,0.026690592389544708,374.3,4.03,43152687.55
2012-01-31,V,92611,0.025197455719517856,356.5,3.45,52493018.88
2012-01-31,QCOM,77178,0.022141915966572258,294.2,1.41,99489206.76
2012-01-31,ORCL,10104,0.02208372964657782,254.6,0.11,141778861.77
2012-01-31,ISRG,88352,0.0193571897177299,352.7,3.32,18095618.86
2012-01-31,NEM,21207,0.018991172004992417,339.4,2.89,30015396.72
2012-01-31,BMY,19393,0.018949241563455642,316.3,2.13,54631711.68
2012-01-31,MCD,43449,0.0183530515841791,269.3,0.6,101349742.9
2012-01-31,OXY,34833,0.017929343466995623,285.6,1.13,80992188.53
2012-01-31,GILD,77274,0.01725692450818885,322.5,2.33,36796759.16
2012-01-31,USB,66157,0.017065616653578676,305.5,1.78,53855160.88
2012-01-31,DFS,92121,0.016916937732357477,341.2,2.95,14404747.68
2012-01-31,PNC,60442,0.016491633358047337,323.2,2.36,30998519.04
2012-01-31,LO,17279,0.015933845031536744,335.1,2.75,14498723.9
2012-01-31,CF,90829,0.015542860521530453,335.4,2.76,11598523.44
2012-01-31,NBL,61815,0.014143143567370387,321.1,2.29,17782952.82
2012-01-31,KLAC,46886,0.01406232999254995,329.2,2.55,8521723.63
2012-01-31,BIIB,76841,0.013526342083333068,307.7,1.85,28157613.75
2012-01-31,AXP,59176,0.013302359272252491,278.3,0.89,58362960.0
2012-01-31,SNDK,82618,0.013247910549862501,321.8,2.31,11128285.76
2012-01-31,ICE,90993,0.013148414895224773,323.8,2.38,8317315.44
2012-01-31,UNP,48725,0.013005422800496172,279.4,0.93,55220531.87
2012-01-31,ALTR,75577,0.012557393414165032,316.0,2.12,12827301.25
2012-01-31,PCLN,86783,0.012502721861748396,303.1,1.7,26368072.01
2012-01-31,CELG,11552,0.012280679136578487,296.7,1.49,31801293.48
2012-01-31,NVLS,12067,0.01209868702429206,322.0,2.32,3338408.6
2012-01-31,EQT,24328,0.011740274664008165,315.9,2.12,7549557.24
2012-01-31,CME,89626,0.010610788318861423,301.3,1.64,15838316.62
2012-01-31,LUK,20415,0.010529521946521986,309.2,1.9,6789624.08
2012-01-31,SWN,63765,0.009951620023326054,301.9,1.66,10847276.46
2012-01-31,COF,81055,0.00987798126979576,292.0,1.34,21030222.75
2012-01-31,MCHP,78987,0.00962633677078229,303.4,1.71,7086977.1
2012-01-31,CL,18729,0.009621379327223527,269.2,0.59,43908389.28
2012-01-31,ADI,60871,0.009600661084011933,299.0,1.57,11659213.93
2012-01-31,TXN,15579,0.009537700602519928,275.1,0.78,36999007.0
2012-01-31,MO,13901,0.00946609033665909,254.8,0.12,58402413.2
2012-01-31,CLF,27422,0.009235882193415054,298.0,1.53,10332617.0
2012-01-31,SNI,92709,0.008589467943200615,298.6,1.55,5425636.8
2012-01-31,AMGN,14008,0.00837987516008484,252.2,0.04,54045108.0
2012-01-31,GS,86868,0.008326415682426086,251.1,0.0,54878130.11
2012-01-31,MCO,48506,0.007532429118225044,289.5,1.26,8265060.0
2012-01-31,CSX,62148,0.007434576420129974,274.6,0.77,23676440.15
2012-01-31,AGN,75646,0.007420330665634738,271.6,0.67,26815363.12
2012-01-31,XLNX,76201,0.006509071895952777,282.2,1.02,9386784.75
2012-01-31,GLW,22293,0.006240739185299214,270.5,0.63,20226221.73
2012-01-31,MTB,35554,0.006212354461112895,279.8,0.94,10017417.24
2012-01-31,LLTC,10299,0.005850426180212939,279.8,0.94,7632003.39
2012-01-31,FRX,45241,0.005768074492449067,278.5,0.9,8490122.34
2012-01-31,VIAB,91063,0.005630073693938158,264.2,0.43,22990329.6
2012-01-31,NSC,64311,0.005450444329866107,262.3,0.37,23853869.2
2012-01-31,BEN,37584,0.0053409435096910506,262.5,0.37,22916645.1
2012-01-31,FAST,11618,0.005328490750951571,270.9,0.65,13782690.12
2012-01-31,TROW,10138,0.005182020059379658,269.2,0.59,14649252.48
2012-01-31,HBAN,42906,0.005033873538757503,277.3,0.86,4944242.16
2012-01-31,COH,88661,0.004409638248399463,259.1,0.26,20442411.3
2012-01-31,AMAT,14702,0.0035000775736858765,257.8,0.22,15848522.55
2012-01-31,LTD,64282,0.0034681397967637113,260.8,0.32,12405211.0
2012-01-31,PPL,22517,0.0030923717775100837,255.1,0.13,16070929.21
2012-01-31,SRE,86136,0.0030187030378274983,256.9,0.19,13645701.1
2012-01-31,MSI,22779,0.002978989915824337,255.3,0.14,15108125.76
2012-01-31,WYNN,89533,0.0029508542702457938,258.4,0.24,11582112.99
2012-01-31,TMK,62308,0.002864576348423191,264.3,0.43,4655599.8
2012-01-31,FFIV,86964,0.0026486317354281344,258.5,0.24,9482450.08
2012-01-31,NDAQ,90601,0.0026466935153725626,263.3,0.4,4297172.28
2012-01-31,NVDA,86580,0.0023692631846584126,257.2,0.2,9042061.07
2012-01-31,PBCT,12073,0.0021403044412852505,260.1,0.29,4407975.0
2012-01-31,ORLY,79103,0.002096054992096504,254.3,0.1,10366441.8
2012-01-31,CMA,25081,0.001618917046820329,255.9,0.16,5497530.94
2012-02-29,AAPL,14593,0.08860652927466255,366.8,3.59,505754782.8
2012-02-29,MSFT,10107,0.04696530431308707,316.6,1.95,266323071.54
2012-02-29,INTC,59328,0.0340630590747109,350.5,3.06,134292480.0
2012-02-29,WFC,38703,0.031980725807635724,311.5,1.79,164999710.89
2012-02-29,JPM,47896,0.02886198192787169,306.0,1.61,149102817.84
2012-02-29,V,92611,0.028565816693654468,379.4,4.01,61129510.11
2012-02-29,PM,92602,0.028482266097487115,308.2,1.68,143810832.96
2012-02-29,MA,91233,0.027750074484306296,383.1,4.13,50961120.0
2012-02-29,MRK,22752,0.027450693761593023,325.5,2.24,116189785.36
2012-02-29,GOOG,90319,0.025933851640856733,279.2,0.73,159484388.25
2012-02-29,KO,11308,0.02441831077936624,271.1,0.47,158107431.44
2012-02-29,ORCL,10104,0.021324018033796903,262.8,0.2,145660645.0
2012-02-29,QCOM,77178,0.02009627172680193,289.9,1.08,105172371.24
2012-02-29,DFS,92121,0.01953775192095354,362.8,3.46,15905450.05
2012-02-29,CF,90829,0.019131581401573998,363.5,3.49,12178536.0
2012-02-29,USB,66157,0.018579462130681165,322.5,2.15,56181312.6
2012-02-29,MCD,43449,0.018419748768174524,283.1,0.86,101122239.68
2012-02-29,GILD,77274,0.018018214611443557,337.6,2.64,34501004.34
2012-02-29,OXY,34833,0.017605711883540476,292.2,1.16,84649914.72
2012-02-29,PCLN,86783,0.01522459684874419,323.3,2.17,31224969.98
2012-02-29,AXP,59176,0.014808088027968302,294.7,1.24,61694968.53
2012-02-29,BIIB,76841,0.014273097579671063,320.4,2.08,27804300.75
2012-02-29,PNC,60442,0.013958606503754294,315.4,1.91,31400847.36
2012-02-29,KLAC,46886,0.013803693810429046,334.4,2.54,8068209.87
2012-02-29,CELG,11552,0.013789118920365282,313.7,1.86,32175743.25
2012-02-29,NVLS,12067,0.012695399901771105,331.7,2.45,3290969.92
2012-02-29,UNP,48725,0.012652410181366952,289.0,1.05,52927497.0
2012-02-29,BMY,19393,0.012305904088103108,285.7,0.94,54306402.19
2012-02-29,LO,17279,0.01184252889920934,314.5,1.89,17302560.0
2012-02-29,ISRG,88352,0.011812714904319541,311.9,1.8,20130200.52
2012-02-29,ADI,60871,0.011726749104366772,318.6,2.02,11677992.72
2012-02-29,ALTR,75577,0.011517449197262386,316.7,1.96,12401766.25
2012-02-29,COF,81055,0.011199005381546447,301.4,1.46,28017473.0
2012-02-29,EBAY,86356,0.010916285455429862,284.3,0.9,45994342.1
2012-02-29,EQT,24328,0.010728969569823306,315.7,1.92,7925959.8
2012-02-29,BEN,37584,0.01038405513663019,298.6,1.37,25457520.27
2012-02-29,MCHP,78987,0.009870738307866044,311.3,1.78,6927568.13
2012-02-29,CME,89626,0.009792514942499768,300.3,1.42,19233714.94
2012-02-29,NBL,61815,0.009732023444957532,301.6,1.46,17280046.35
2012-02-29,SWN,63765,0.009649038990555395,306.0,1.61,11539394.64
2012-02-29,XLNX,76201,0.009061164801196916,304.0,1.54,9669566.55
2012-02-29,SNI,92709,0.008845451007812973,306.2,1.61,5551825.6
2012-02-29,SBUX,77702,0.008687310725261847,278.7,0.72,36585104.0
2012-02-29,AMGN,14008,0.00864475998652732,263.7,0.23,53825290.32
2012-02-29,MO,13901,0.008599879248472393,256.8,0.0,61574576.7
2012-02-29,EOG,75825,0.00824878767569619,281.1,0.79,30638131.96
2012-02-29,LLTC,10299,0.008225955035327972,300.6,1.43,7666350.84
2012-02-29,HBAN,42906,0.007698674379207157,299.6,1.4,5060712.06
2012-02-29,CLF,27422,0.007662860286392498,296.0,1.28,9015048.72
2012-02-29,COH,88661,0.007614715628925784,285.0,0.92,21536557.12
2012-02-29,VRSN,85753,0.007357686762436165,296.8,1.31,5894300.95
2012-02-29,AGN,75646,0.007076625314588088,276.8,0.65,27275048.37
2012-02-29,NSC,64311,0.0065585236929784786,277.5,0.68,22746714.9
2012-02-29,MCO,48506,0.006494896668576237,289.2,1.06,8606169.0
2012-02-29,FRX,45241,0.00638458451128356,288.5,1.04,8635100.64
2012-02-29,GLW,22293,0.006038934562221179,276.8,0.65,19845250.0
2012-02-29,A,87432,0.00584078783658825,279.6,0.74,15151494.24
2012-02-29,PNW,27991,0.005700154730027537,287.3,1.0,5138215.62
2012-02-29,VIAB,91063,0.00549134058860745,270.5,0.45,23293348.4
2012-02-29,MTB,35554,0.004806214102180779,277.4,0.67,10317257.72
2012-02-29,LTD,64282,0.004457979078230814,272.3,0.51,13789165.5
2012-02-29,AMAT,14702,0.004447042858692533,270.5,0.45,15816244.5
2012-02-29,MSI,22779,0.004286287914517566,269.5,0.41,15834906.0
2012-02-29,FFIV,86964,0.0042572713042996774,274.4,0.58,9895832.32
2012-02-29,WYNN,89533,0.003788040384717322,269.8,0.42,11916589.12
2012-02-29,PPL,22517,0.0036655790480090715,265.1,0.27,16537159.25
2012-02-29,ICE,90993,0.0035550577255959157,270.0,0.43,10014517.13
2012-02-29,CA,25778,0.003385326902771828,266.3,0.31,13126984.35
2012-02-29,HOG,70033,0.003361850876490187,268.2,0.37,10736550.26
2012-02-29,MAT,39538,0.0033492317568337734,267.9,0.36,10997095.12
2012-02-29,TROW,10138,0.002901203101104618,261.2,0.14,15625937.31
2012-02-29,NVDA,86580,0.0028963009901660374,266.6,0.32,9274693.65
2012-02-29,CMA,25081,0.0027308245231693925,268.5,0.38,5867545.63
2012-02-29,PBCT,12073,0.0024111217961322344,267.7,0.36,4514220.04
2012-02-29,WU,91461,0.0021180309320054987,260.5,0.12,10837234.98
2012-02-29,SNDK,82618,0.0019720111870800455,258.6,0.06,12014090.36
2012-02-29,WAT,82651,0.0019149744481183452,261.7,0.16,7979776.0
2012-02-29,TMK,62308,0.0009881940989184418,258.7,0.06,4853058.28
2012-03-31,AAPL,14593,0.08708350797383474,373.9,3.6,560568448.75
2012-03-31,MSFT,10107,0.04497684880755838,333.2,2.32,270942000.0
2012-03-31,INTC,59328,0.03256064196151492,356.2,3.04,140743690.0
2012-03-31,WFC,38703,0.03242082715293359,324.5,2.04,180178561.32
2012-03-31,IBM,12490,0.029789482870172024,259.7,0.0,241754814.71
2012-03-31,JPM,47896,0.029528889915970826,309.8,1.58,175522212.8
2012-03-31,V,92611,0.027460747650600997,385.4,3.96,61985754.0
2012-03-31,PM,92602,0.027079788984264302,312.2,1.66,152575166.53
2012-03-31,GOOG,90319,0.026843992049145244,299.9,1.27,166403059.88
2012-03-31,MA,91233,0.026488822602533275,387.8,4.04,51026642.65
2012-03-31,MRK,22752,0.024511890982076782,323.8,2.02,116889907.2
2012-03-31,QCOM,77178,0.02262845936030338,312.2,1.66,116450660.0
2012-03-31,KO,11308,0.02192948613362872,267.8,0.26,167601121.74
2012-03-31,USB,66157,0.019428977968722828,335.6,2.39,60538230.72
2012-03-31,CF,90829,0.01896243735302317,370.6,3.5,11959190.75
2012-03-31,ORCL,10104,0.018727876123279214,265.1,0.17,145074090.96
2012-03-31,DFS,92121,0.01870421615820475,364.5,3.31,17670366.7
2012-03-31,MCD,43449,0.01644408271727174,285.9,0.83,99920343.6
2012-03-31,PCLN,86783,0.015709203463983464,331.4,2.26,35725760.0
2012-03-31,OXY,34833,0.015650407610069205,298.6,1.23,77225911.43
2012-03-31,EBAY,86356,0.015316193227168224,319.6,1.89,47637900.0
2012-03-31,AXP,59176,0.014369356204514672,298.0,1.21,67597490.84
2012-03-31,GILD,77274,0.01350629995806329,316.4,1.79,37045163.4
2012-03-31,BIIB,76841,0.013481004147106589,321.6,1.95,30184938.0
2012-03-31,NVLS,12067,0.013296290440628213,341.2,2.57,3601904.88
2012-03-31,CELG,11552,0.01278305790593592,314.1,1.72,34119265.2
2012-03-31,KLAC,46886,0.012665613605986567,332.9,2.31,9105989.76
2012-03-31,PNC,60442,0.01231385202638564,311.2,1.62,34022860.32
2012-03-31,CME,89626,0.01207418395361353,321.3,1.94,19151909.36
2012-03-31,COF,81055,0.011585505307337039,307.9,1.52,32335331.4
2012-03-31,EQT,24328,0.01143945741731385,326.6,2.11,7217904.78
2012-03-31,ISRG,88352,0.011402478146084348,315.2,1.75,21507475.0
2012-03-31,BEN,37584,0.011327174065508275,310.6,1.61,26783410.29
2012-03-31,LO,17279,0.011315642840577185,318.1,1.84,17091360.0
2012-03-31,BMY,19393,0.010660802117756718,282.8,0.73,56953833.75
2012-03-31,BLK,87267,0.0098507662160952,299.8,1.26,28623504.1
2012-03-31,UNP,48725,0.009762536732698038,281.4,0.68,51455727.56
2012-03-31,XLNX,76201,0.00970070966220805,313.7,1.7,9616565.76
2012-03-31,SNI,92709,0.009106891462186073,312.8,1.67,5949285.03
2012-03-31,ADI,60871,0.008973352298598214,307.2,1.5,12032412.8
2012-03-31,ICE,90993,0.008767182841968606,307.5,1.51,9975317.8
2012-03-31,LLTC,10299,0.008711733891636729,308.9,1.55,7733610.8
2012-03-31,ALTR,75577,0.008664417677597935,304.6,1.42,12852741.22
2012-03-31,SWN,63765,0.008444090049087711,304.9,1.43,10680746.4
2012-03-31,MO,13901,0.0078760490616815,260.3,0.02,63149740.29
2012-03-31,SBUX,77702,0.007861254796243658,276.6,0.53,42169005.0
2012-03-31,FFIV,86964,0.007764237424671331,300.6,1.29,10666564.39
2012-03-31,AGN,75646,0.007683321757307886,285.7,0.82,29078857.02
2012-03-31,HBAN,42906,0.007672754059012832,304.0,1.4,5572830.38
2012-03-31,MCHP,78987,0.0075875774506892904,302.2,1.34,7185217.2
2012-03-31,EOG,75825,0.007361853816108252,283.0,0.73,29925451.6
2012-03-31,COH,88661,0.007250483138764682,288.3,0.9,22238711.04
2012-03-31,AMGN,14008,0.007204353280633359,263.9,0.13,53091367.0
2012-03-31,NBL,61815,0.006916512373835455,289.9,0.95,17480717.28
2012-03-31,CLF,27422,0.006372641144611292,292.4,1.03,9867472.2
2012-03-31,VRSN,85753,0.006078523146049157,293.5,1.07,6072799.2
2012-03-31,GLW,22293,0.0060151540204627,281.1,0.67,21428000.0
2012-03-31,FRX,45241,0.0058817699667367985,289.8,0.95,9211305.08
2012-03-31,SNDK,82618,0.005620276234301009,285.9,0.83,12080371.95
2012-03-31,MCO,48506,0.005321727945008667,286.1,0.83,9401561.5
2012-03-31,PNW,27991,0.005013772385757643,287.4,0.87,5238631.4
2012-03-31,TXN,15579,0.005007411590838669,261.4,0.05,38461704.33
2012-03-31,CA,25778,0.004705592542033497,279.5,0.62,12848003.48
2012-03-31,VIAB,91063,0.004077436032902874,267.8,0.26,22723848.0
2012-03-31,A,87432,0.004051290597494488,273.3,0.43,15472788.75
2012-03-31,MTB,35554,0.00401854498215354,276.6,0.53,10983717.12
2012-03-31,PBCT,12073,0.0036826261691009212,279.4,0.62,4674159.0
2012-03-31,PPL,22517,0.003530950315416753,269.3,0.3,16369181.1
2012-03-31,NSC,64311,0.003368018745435441,263.2,0.11,22853674.46
2012-03-31,INTU,78975,0.003274283479623747,266.6,0.22,17741665.28
2012-03-31,HOG,70033,0.003268652640989296,271.6,0.38,11296989.0
2012-03-31,MAT,39538,0.003225811182547653,271.2,0.36,11461230.0
2012-03-31,CMA,25081,0.0031212710766776084,274.5,0.47,6389514.36
2012-03-31,TROW,10138,0.002997507322533937,265.7,0.19,16647320.8
2012-03-31,WYNN,89533,0.0025086518956467475,265.8,0.19,12552063.44
2012-03-31,NVDA,86580,0.002225187989415713,266.4,0.21,9483751.06
2012-03-31,AMAT,14702,0.0021849393279856208,261.0,0.04,16068013.29
2012-03-31,TMK,62308,0.0015901389266765376,265.9,0.2,4969945.3
2012-03-31,SIAL,70536,0.0012302431455031312,260.6,0.03,8832150.34
2012-04-30,AAPL,14593,0.08417831229853766,374.6,3.39,546057488.06
2012-04-30,MSFT,10107,0.043775896318827154,331.3,2.13,268953724.99
2012-04-30,WFC,38703,0.03604985177897731,356.0,2.85,177149622.5
2012-04-30,JPM,47896,0.03149499627122515,335.5,2.25,164291092.98
2012-04-30,INTC,59328,0.030898736319674967,349.6,2.66,142855245.0
2012-04-30,IBM,12490,0.029677944913904405,259.6,0.05,238863466.72
2012-04-30,GOOG,90319,0.02807669901039391,317.9,1.74,157248292.95
2012-04-30,PM,92602,0.026720815129827855,311.7,1.56,153535428.88
2012-04-30,V,92611,0.02617495765020588,383.5,3.64,64601762.94
2012-04-30,MA,91233,0.025337834300741945,386.0,3.72,54862158.87
2012-04-30,KO,11308,0.02346919382168805,273.3,0.45,172325522.88
2012-04-30,MRK,22752,0.022748474835612743,313.3,1.61,119397392.28
2012-04-30,QCOM,77178,0.022389624990318845,319.3,1.78,109422173.25
2012-04-30,USB,66157,0.02058648147438845,347.6,2.6,61474585.93
2012-04-30,ORCL,10104,0.019404966474492195,267.4,0.28,146268116.4
2012-04-30,DFS,92121,0.018302399839170754,368.8,3.22,17977814.1
2012-04-30,CF,90829,0.01744479881771598,367.4,3.18,12661840.1
2012-04-30,GILD,77274,0.015939692287274147,334.3,2.22,39395890.44
2012-04-30,MCD,43449,0.015789684086562717,282.6,0.72,99023525.15
2012-04-30,PCLN,86783,0.015521438370119316,332.7,2.17,37882749.94
2012-04-30,KLAC,46886,0.015510391965261364,357.4,2.89,8723645.28
2012-04-30,PNC,60442,0.014690201679784173,329.4,2.08,35016960.0
2012-04-30,AXP,59176,0.01437367912521391,297.2,1.14,70342981.74
2012-04-30,NVLS,12067,0.013663477641537186,349.2,2.65,3377462.4
2012-04-30,EBAY,86356,0.013161268003549945,303.6,1.33,52966172.56
2012-04-30,COF,81055,0.01279051302406158,318.7,1.77,32184502.8
2012-04-30,CME,89626,0.01275638776850467,330.8,2.12,17666929.5
2012-04-30,CELG,11552,0.012232205158302058,314.9,1.66,32123316.65
2012-04-30,OXY,34833,0.011894854566375694,277.0,0.56,73988542.0
2012-04-30,BEN,37584,0.011657414565814638,315.2,1.66,27103005.93
2012-04-30,BIIB,76841,0.01162105735220984,310.7,1.53,32103835.23
2012-04-30,BLK,87267,0.011409505833283677,313.8,1.62,26737671.12
2012-04-30,ISRG,88352,0.010624871289832345,311.6,1.56,22955696.8
2012-04-30,BMY,19393,0.010202709942223269,280.3,0.65,56364733.08
2012-04-30,SNI,92709,0.009752790158138423,320.0,1.8,5988534.12
2012-04-30,LO,17279,0.009682513210770013,309.6,1.5,17657643.62
2012-04-30,ICE,90993,0.009062086598560304,312.1,1.57,9677594.95
2012-04-30,ADI,60871,0.00903911561286011,310.3,1.52,11609491.36
2012-04-30,HBAN,42906,0.009017477447499018,315.1,1.66,5784675.75
2012-04-30,SBUX,77702,0.008678204531062822,280.7,0.66,43515145.0
2012-04-30,MO,13901,0.00850663675708187,260.8,0.09,65542325.24
2012-04-30,FFIV,86964,0.008376685929716441,306.6,1.41,10585156.76
2012-04-30,ALTR,75577,0.008080567168109834,303.8,1.33,11476020.24
2012-04-30,GS,86868,0.00807977701019473,265.1,0.21,57015601.3
2012-04-30,EOG,75825,0.008048834675544132,288.2,0.88,29577982.36
2012-04-30,UNP,48725,0.008014825269594926,267.6,0.28,53545951.92
2012-04-30,SWN,63765,0.007793563730170792,302.2,1.29,11028620.24
2012-04-30,LLTC,10299,0.007536630663464491,303.4,1.32,7530070.97
2012-04-30,XLNX,76201,0.007399006506897772,300.7,1.24,9590204.56
2012-04-30,NBL,61815,0.007146080619964263,292.1,0.99,17657804.84
2012-04-30,FRX,45241,0.006965583241325814,298.0,1.17,9248479.56
2012-04-30,AMGN,14008,0.006810777175181104,257.8,0.0,55302815.88
2012-04-30,AGN,75646,0.006805752396568326,279.9,0.64,29252544.0
2012-04-30,CLF,27422,0.006745135151787105,296.8,1.13,8870742.54
2012-04-30,COH,88661,0.006709079694123607,286.2,0.82,21053106.88
2012-04-30,EQT,24328,0.006454437489987007,296.0,1.11,7451826.5
2012-04-30,MCHP,78987,0.006421554578682258,296.3,1.12,6831750.87
2012-04-30,MTB,35554,0.006358122861755789,292.4,1.0,10906598.48
2012-04-30,BRCM,85963,0.006332019943572295,286.0,0.82,18226800.0
2012-04-30,TROW,10138,0.006157099077841147,286.6,0.83,16100320.92
2012-04-30,GLW,22293,0.006146054412668248,281.7,0.69,21777445.2
2012-04-30,HOG,70033,0.005904074393911065,288.3,0.88,12045057.75
2012-04-30,VRSN,85753,0.005539415509412998,290.5,0.95,6494886.68
2012-04-30,CA,25778,0.004893941412649826,281.1,0.68,12316554.86
2012-04-30,TXN,15579,0.004878210621202325,260.4,0.08,36550634.82
2012-04-30,ADBE,75510,0.00486174467310627,277.2,0.56,16645027.3
2012-04-30,PNW,27991,0.0046805566395103585,285.6,0.81,5287846.1
2012-04-30,SNDK,82618,0.004298974978242366,279.8,0.64,9015457.0
2012-04-30,MCO,48506,0.0040320023757513335,277.8,0.58,9201465.0
2012-04-30,CMA,25081,0.003967311208075362,279.8,0.64,6322381.02
2012-04-30,INTU,78975,0.003227110159596506,265.6,0.23,17023991.93
2012-04-30,MAT,39538,0.00282972348834843,267.6,0.28,11443454.4
2012-04-30,PBCT,12073,0.0025838923999753896,271.9,0.41,4386664.7
2012-04-30,A,87432,0.00257397174453524,263.1,0.15,14662822.5
2012-04-30,AMAT,14702,0.0024723630143780955,261.8,0.12,15367738.87
2012-04-30,TMK,62308,0.0020474741300708105,267.8,0.29,4856289.58
2012-04-30,MSI,22779,0.0019079517326137788,258.3,0.01,14903923.86
2012-04-30,NVDA,86580,0.0017154092040757342,262.8,0.14,8044452.0
2012-04-30,BMC,11976,0.0008941234958077672,258.3,0.01,6671742.0
2012-05-31,AAPL,14593,0.09002853719627944,383.1,3.36,540213350.56
2012-05-31,MSFT,10107,0.04356301245819922,337.8,2.06,245221278.54
2012-05-31,WFC,38703,0.035951818319017934,355.6,2.57,170311103.95
2012-05-31,GOOG,90319,0.03334972354748257,355.7,2.58,151011399.34
2012-05-31,INTC,59328,0.02922938275223506,346.8,2.32,130001040.0
2012-05-31,JPM,47896,0.02796964901398865,341.6,2.17,126190977.9
2012-05-31,KO,11308,0.02775709793532383,299.9,0.98,168587143.5
2012-05-31,PM,92602,0.02685796157146911,316.8,1.46,144137129.13
2012-05-31,V,92611,0.025311186091163906,385.0,3.41,60824563.2
2012-05-31,MA,91233,0.024547567977277637,390.6,3.57,49287712.67
2012-05-31,MRK,22752,0.022570353340373325,315.1,1.41,114302012.7
2012-05-31,AIG,66800,0.02166101593785542,367.5,2.91,52349328.52
2012-05-31,QCOM,77178,0.021179674995281592,320.6,1.57,98245100.25
2012-05-31,USB,66157,0.020980703173583134,356.5,2.6,58928250.9
2012-05-31,ISRG,88352,0.01862313230044443,376.2,3.16,20768115.41
2012-05-31,ORCL,10104,0.01860176971678486,272.6,0.2,129835350.0
2012-05-31,CELG,11552,0.0178823665007283,362.2,2.76,30063988.5
2012-05-31,CF,90829,0.01705736990551976,374.3,3.11,11221473.14
2012-05-31,DFS,92121,0.01703036088359172,368.1,2.93,17558862.09
2012-05-31,GILD,77274,0.015962063132112472,341.4,2.17,37828233.9
2012-05-31,PCLN,86783,0.015599166645621047,345.2,2.28,31145023.07
2012-05-31,EBAY,86356,0.01549285095940464,326.0,1.73,50603225.32
2012-05-31,PNC,60442,0.014722204917154246,337.8,2.06,32477913.28
2012-05-31,PXD,75241,0.014461850579504804,355.5,2.57,11896420.8
2012-05-31,MCD,43449,0.014337791703900095,279.8,0.41,90791328.3
2012-05-31,KLAC,46886,0.014160267218900187,357.4,2.62,7668642.24
2012-05-31,ICE,90993,0.013956688758477758,354.8,2.55,8908115.05
2012-05-31,AXP,59176,0.013313105023877702,297.8,0.92,64255472.79
2012-05-31,CME,89626,0.012797222991659864,338.9,2.1,17118618.0
2012-05-31,COF,81055,0.012645708250486066,325.8,1.72,29812219.91
2012-05-31,LO,17279,0.012463360363483486,337.5,2.06,16131901.2
2012-05-31,UNP,48725,0.012218209524949173,300.5,1.0,53332415.8
2012-05-31,BEN,37584,0.011362120422386605,323.3,1.65,22979606.15
2012-05-31,BMY,19393,0.011193154102593918,290.5,0.71,56314060.56
2012-05-31,SNI,92709,0.010561525214365264,333.3,1.94,6531103.42
2012-05-31,OXY,34833,0.010516869890178188,278.2,0.36,64293281.09
2012-05-31,HBAN,42906,0.01047133706733074,333.5,1.94,5654974.5
2012-05-31,BIIB,76841,0.010177773524439566,307.1,1.19,31322862.25
2012-05-31,MO,13901,0.009537268411488024,270.2,0.13,65501628.36
2012-05-31,EOG,75825,0.0092890916163799,305.2,1.13,26770684.2
2012-05-31,BLK,87267,0.009245808215215841,303.6,1.09,28138275.2
2012-05-31,NVLS,12067,0.009113473280355463,326.5,1.74,3018787.44
2012-05-31,DNR,82196,0.009104743746505373,323.7,1.66,5906416.32
2012-05-31,CMCSA,89525,0.008468491953996115,268.1,0.07,59831846.9
2012-05-31,SBUX,77702,0.008116801141907288,282.9,0.49,41634065.0
2012-05-31,HOG,70033,0.008115391921928977,311.8,1.32,11154585.42
2012-05-31,AMGN,14008,0.007958433797008443,270.0,0.13,54066260.16
2012-05-31,GS,86868,0.007067504476422095,270.4,0.14,47072628.9
2012-05-31,TROW,10138,0.007036899919718673,300.9,1.01,14690921.05
2012-05-31,FFIV,86964,0.0068022191494690395,305.4,1.14,8215484.16
2012-05-31,SWN,63765,0.00672927131143711,303.4,1.08,9785973.75
2012-05-31,ADI,60871,0.00647339789264426,300.6,1.0,10850553.06
2012-05-31,AGN,75646,0.005349067877118314,276.7,0.32,27754582.5
2012-05-31,BBT,71563,0.005177601773107418,281.8,0.46,21112870.58
2012-05-31,MTB,35554,0.005168478417005731,292.0,0.75,10291777.88
2012-05-31,VRSN,85753,0.0051208932759742795,295.7,0.86,6039881.24
2012-05-31,COH,88661,0.005028869329192998,282.4,0.48,19383173.95
2012-05-31,CLF,27422,0.004839074579894881,293.0,0.78,6807646.62
2012-05-31,CA,25778,0.004620896766784734,286.8,0.61,11734884.63
2012-05-31,NEE,24205,0.004609145374419372,272.0,0.18,27251745.84
2012-05-31,LLTC,10299,0.004335902002846668,289.6,0.69,6680607.14
2012-05-31,CMG,91068,0.004333700480959956,283.5,0.51,13095558.53
2012-05-31,ORLY,79103,0.004252959399368863,283.9,0.52,12078256.89
2012-05-31,GLW,22293,0.004144630427366123,275.9,0.29,19713520.08
2012-05-31,ALTR,75577,0.004105427723133432,284.1,0.53,10779135.12
2012-05-31,MCO,48506,0.0038587844783256023,284.8,0.55,8221773.0
2012-05-31,NSC,64311,0.0036510344397683078,270.9,0.15,21343991.76
2012-05-31,APH,84769,0.003497940775852551,281.9,0.47,8617471.47
2012-05-31,CMA,25081,0.0034694985048643982,284.2,0.53,5982792.66
2012-05-31,FISV,10696,0.0032628868071688283,279.7,0.4,9203048.69
2012-05-31,XLNX,76201,0.0031590379796372484,279.7,0.4,8437010.88
2012-05-31,EQT,24328,0.0029414336736318055,279.6,0.4,6937288.5
2012-05-31,NBL,61815,0.002921791702909764,271.8,0.18,15015890.02
2012-05-31,FRX,45241,0.0024755213905772477,274.1,0.24,9299115.0
2012-05-31,FMC,19166,0.0024197133216018593,275.9,0.29,6989719.98
2012-05-31,ADBE,75510,0.002245577380025856,266.7,0.03,15404712.3
2012-05-31,AMAT,14702,0.002023591780675548,267.2,0.05,13240095.29
2012-05-31,ROP,77338,0.001665680233101173,267.9,0.07,9861965.82
2012-05-31,WU,91461,0.001405643052686924,265.9,0.01,10052396.4
2012-05-31,FHN,36397,0.0002904663100979511,265.6,0.0,2142616.16
2012-06-30,AAPL,14593,0.08826556015636099,381.2,3.34,547363344.0
2012-06-30,MSFT,10107,0.0425238192696475,324.6,1.8,256374790.0
2012-06-30,WFC,38703,0.0359416530050326,351.8,2.54,177697451.36
2012-06-30,GOOG,90319,0.03331041157154577,357.4,2.7,151737033.5
2012-06-30,INTC,59328,0.028570664807959945,340.0,2.22,133596450.0
2012-06-30,KO,11308,0.028352704631183466,297.3,1.06,176392730.5
2012-06-30,PM,92602,0.02752621284078688,317.7,1.61,148827427.38
2012-06-30,JPM,47896,0.02571490902699964,316.7,1.59,136012176.18
2012-06-30,V,92611,0.025356807818621364,382.0,3.36,65275527.33
2012-06-30,MRK,22752,0.024262702412096833,314.7,1.53,126985338.75
2012-06-30,MA,91233,0.024212640111980377,386.2,3.48,52149115.85
2012-06-30,USB,66157,0.021057472258930215,354.6,2.62,60917150.4
2012-06-30,ORCL,10104,0.02039834484341625,269.0,0.29,145010428.2
2012-06-30,QCOM,77178,0.02039624524522417,316.7,1.59,95324160.0
2012-06-30,AIG,66800,0.019558211336008005,346.8,2.41,57569909.26
2012-06-30,ISRG,88352,0.01825603094860126,371.3,3.07,22096220.2
2012-06-30,CF,90829,0.01690745229270891,370.4,3.05,12716706.78
2012-06-30,CELG,11552,0.01686253125305652,355.6,2.65,27784359.68
2012-06-30,DFS,92121,0.016279555461179387,360.9,2.79,17805656.96
2012-06-30,GILD,77274,0.01580832839280183,337.3,2.15,38775525.84
2012-06-30,EBAY,86356,0.015171999357029488,317.9,1.62,54108880.0
2012-06-30,PNC,60442,0.0146642299093692,335.1,2.09,32313990.24
2012-06-30,PCLN,86783,0.014577680612058955,333.7,2.05,33109710.0
2012-06-30,SNI,92709,0.013694958314719943,352.5,2.56,6780327.56
2012-06-30,KLAC,46886,0.013487163193295761,349.6,2.48,8210467.5
2012-06-30,COF,81055,0.013361730493732297,326.1,1.84,31721548.38
2012-06-30,UNP,48725,0.013319579708423502,301.4,1.17,57119304.57
2012-06-30,MCD,43449,0.013216932262041634,269.1,0.29,89968169.85
2012-06-30,CME,89626,0.013164227953160634,338.0,2.17,17819126.16
2012-06-30,AXP,59176,0.013072339938573128,290.1,0.86,66994645.73
2012-06-30,LO,17279,0.0126641719590413,334.9,2.08,17221718.15
2012-06-30,PXD,75241,0.012484890476985241,339.7,2.21,10851947.04
2012-06-30,ICE,90993,0.012400296621196334,340.0,2.22,9892409.02
2012-06-30,BMY,19393,0.011884948586239997,287.4,0.79,60722569.8
2012-06-30,MO,13901,0.011204530609479152,273.2,0.4,70303860.2
2012-06-30,OXY,34833,0.011121588193359146,273.3,0.41,69565216.59
2012-06-30,HBAN,42906,0.01110389187017238,334.7,2.08,5493766.4
2012-06-30,BLK,87267,0.009986538774524427,304.9,1.27,27976827.73
2012-06-30,BIIB,76841,0.009701118122982239,296.9,1.05,34123779.86
2012-06-30,BEN,37584,0.009465062852085203,305.0,1.27,23883383.15
2012-06-30,AMGN,14008,0.009195794303235116,272.1,0.37,56082372.0
2012-06-30,EOG,75825,0.009178328832775987,302.5,1.2,24293115.34
2012-06-30,DNR,82196,0.008816103020704234,317.5,1.61,5902509.96
2012-06-30,CMCSA,89525,0.00864894181318394,258.4,0.0,66164792.3
2012-06-30,SBUX,77702,0.008389115868300566,281.3,0.62,40331248.0
2012-06-30,TROW,10138,0.00735584639735452,297.1,1.05,15974085.28
2012-06-30,SWN,63765,0.00733746016220907,301.6,1.18,11147561.25
2012-06-30,HOG,70033,0.007223396959022582,301.3,1.17,10587363.87
2012-06-30,GS,86868,0.006953017204431992,264.2,0.16,47151329.22
2012-06-30,NEE,24205,0.006351323347292687,277.5,0.52,28698999.56
2012-06-30,ADI,60871,0.0061242769647528355,292.6,0.93,11238392.46
2012-06-30,MTB,35554,0.00580342885520115,291.0,0.89,10449976.63
2012-06-30,AGN,75646,0.005436371293980512,271.0,0.34,28468052.1
2012-06-30,BBT,71563,0.005430824685200408,277.6,0.52,21553013.15
2012-06-30,GLW,22293,0.0053281959964829725,278.7,0.55,19622464.56
2012-06-30,COH,88661,0.005245808264117241,280.8,0.61,16805456.08
2012-06-30,VIAB,91063,0.0051361391647392046,275.1,0.45,21901916.0
2012-06-30,CMA,25081,0.005118048281525279,290.2,0.87,6039827.83
2012-06-30,VRSN,85753,0.005084695437245048,289.2,0.84,6825981.19
2012-06-30,CA,25778,0.0049886023438109744,283.0,0.67,12546950.22
2012-06-30,ALTR,75577,0.004940718170162498,284.3,0.71,10826938.8
2012-06-30,CMG,91068,0.004800555241731266,282.1,0.65,12045555.17
2012-06-30,CLF,27422,0.004783740186343429,286.8,0.77,7022789.91
2012-06-30,LLTC,10299,0.0045219687352584985,284.7,0.72,7206965.22
2012-06-30,ORLY,79103,0.004480397004709097,281.5,0.63,10221112.78
2012-06-30,ADBE,75510,0.0044084276030314316,275.5,0.47,15918368.31
2012-06-30,FISV,10696,0.004329156889133784,280.8,0.61,9793032.0
2012-06-30,MCO,48506,0.0040817546471131885,280.5,0.6,8212785.0
2012-06-30,EQT,24328,0.0038526012282565224,279.0,0.56,8021707.25
2012-06-30,FFIV,86964,0.003791482082373592,278.7,0.55,7866534.28
2012-06-30,INTU,78975,0.003748388452168842,269.2,0.29,17429255.15
2012-06-30,APH,84769,0.0031640238804633886,273.1,0.4,8897753.96
2012-06-30,A,87432,0.002721675255010295,265.3,0.19,13635939.24
2012-06-30,FHN,36397,0.002708583193023386,276.2,0.48,2185569.55
2012-06-30,ROP,77338,0.0026983595689612783,269.0,0.29,9604747.98
2012-06-30,FRX,45241,0.0025629429620377692,268.3,0.27,9297717.75
2012-06-30,FMC,19166,0.0023606866581396975,268.7,0.28,7333926.32
2012-06-30,WU,91461,0.0018393081378113459,262.0,0.1,10322094.84
2012-06-30,XLNX,76201,0.001749373416092475,262.8,0.12,8801046.9
2012-07-31,AAPL,14593,0.09249408906615303,378.9,3.43,572530097.93
2012-07-31,MSFT,10107,0.040769081480424484,317.6,1.65,247058709.59
2012-07-31,WFC,38703,0.03652390274769444,350.6,2.61,178371417.0
2012-07-31,GOOG,90319,0.030835473241273347,322.8,1.8,165820408.98
2012-07-31,KO,11308,0.028911118473399448,295.0,1.0,181877729.6
2012-07-31,INTC,59328,0.027895713540413886,336.3,2.2,128577100.0
2012-07-31,PM,92602,0.0275046243758909,308.8,1.4,155956680.72
2012-07-31,MRK,22752,0.02688307423801656,324.1,1.84,134345926.05
2012-07-31,V,92611,0.026528186539291638,381.7,3.51,68075008.16
2012-07-31,JPM,47896,0.026116193179711294,316.7,1.63,136684800.0
2012-07-31,MA,91233,0.025058613273230997,385.3,3.62,52932367.43
2012-07-31,ORCL,10104,0.023002019963884155,285.5,0.72,147451681.2
2012-07-31,USB,66157,0.02091521659082017,347.3,2.52,63382000.0
2012-07-31,AIG,66800,0.02059590779622718,351.7,2.64,56098817.78
2012-07-31,QCOM,77178,0.01950333441528661,302.9,1.23,101655868.32
2012-07-31,ISRG,88352,0.018286058730714125,369.2,3.15,19228221.0
2012-07-31,CF,90829,0.016982068668214934,366.0,3.06,12849294.22
2012-07-31,DFS,92121,0.016841853745048704,359.9,2.88,18516235.52
2012-07-31,EBAY,86356,0.01593387473680388,318.7,1.68,57088081.0
2012-07-31,CELG,11552,0.015488953125311252,340.6,2.32,29535287.04
2012-07-31,GILD,77274,0.015399212120724117,329.5,2.0,41104393.77
2012-07-31,PNC,60442,0.015251693870448202,337.4,2.23,31263900.0
2012-07-31,COF,81055,0.01500411944148525,334.3,2.14,32803743.0
2012-07-31,SNI,92709,0.014727718626282362,356.3,2.78,6421397.1
2012-07-31,KLAC,46886,0.01459161286720204,353.5,2.7,8477329.56
2012-07-31,PCLN,86783,0.01406771293533988,327.7,1.95,32971195.0
2012-07-31,UNP,48725,0.013768503042653755,302.9,1.23,58069076.88
2012-07-31,ICE,90993,0.013759276583575446,346.8,2.5,9546123.78
2012-07-31,LO,17279,0.01356675408737913,338.9,2.27,16802184.96
2012-07-31,CME,89626,0.012953293588543326,334.2,2.13,17327096.1
2012-07-31,AXP,59176,0.01290338181770803,290.0,0.85,65731690.0
2012-07-31,BMY,19393,0.012264623025324188,291.0,0.88,59773183.2
2012-07-31,OXY,34833,0.011843178922397344,278.3,0.51,70587161.01
2012-07-31,MO,13901,0.011392386279132609,272.9,0.35,73121003.01
2012-07-31,HBAN,42906,0.01115762932323191,332.7,2.09,5334962.22
2012-07-31,BIIB,76841,0.010619480898408416,302.6,1.22,34466483.01
2012-07-31,AMGN,14008,0.010337086234695965,274.2,0.39,63665519.4
2012-07-31,BLK,87267,0.009957885986848351,302.6,1.22,29438122.53
2012-07-31,CMCSA,89525,0.00992350574715606,268.0,0.21,67365154.5
2012-07-31,BEN,37584,0.009474362039401286,303.8,1.25,24438714.85
2012-07-31,TROW,10138,0.009115534588356315,309.5,1.42,15420354.75
2012-07-31,DNR,82196,0.008720546158053814,315.4,1.59,5906416.32
2012-07-31,PXD,75241,0.008521255271005503,309.5,1.42,10903617.12
2012-07-31,ADI,60871,0.008170473766641794,306.4,1.33,11659049.04
2012-07-31,SWN,63765,0.007248937333851847,300.1,1.14,11608406.25
2012-07-31,VRSN,85753,0.00715841110310982,303.7,1.25,6947021.48
2012-07-31,SBUX,77702,0.007011011970436277,277.8,0.5,34412800.0
2012-07-31,NEE,24205,0.006949711582528255,281.4,0.6,29973542.2
2012-07-31,LLTC,10299,0.006829370371614369,301.0,1.17,7426207.5
2012-07-31,EOG,75825,0.006540632272689552,281.8,0.61,26422907.94
2012-07-31,GS,86868,0.006530003796802118,260.7,0.0,49630389.3
2012-07-31,ADBE,75510,0.006499772822181637,291.7,0.9,15185641.44
2012-07-31,CA,25778,0.006117884880985136,292.6,0.93,11289816.87
2012-07-31,ALTR,75577,0.005500203480615042,288.3,0.8,11341164.0
2012-07-31,INTU,78975,0.005376377578418628,282.2,0.62,17132667.78
2012-07-31,BBT,71563,0.005323893059878476,277.5,0.49,21921199.15
2012-07-31,CMA,25081,0.005212779967624276,291.3,0.89,5845514.16
2012-07-31,GLW,22293,0.0051687829514097255,280.9,0.59,16989695.38
2012-07-31,FISV,10696,0.005056564105781656,286.9,0.76,9514537.1
2012-07-31,FFIV,86964,0.004804528548054782,287.1,0.77,7378233.94
2012-07-31,MTB,35554,0.004740352380285536,283.5,0.66,10863824.56
2012-07-31,AGN,75646,0.004642244957604127,269.8,0.26,25238987.1
2012-07-31,CLF,27422,0.004585846044171502,287.0,0.76,5826538.77
2012-07-31,APH,84769,0.004261126727372233,281.4,0.6,9539325.44
2012-07-31,ORLY,79103,0.004004890402593611,278.8,0.53,10461480.36
2012-07-31,VIAB,91063,0.003893729834712293,267.9,0.21,21647048.85
2012-07-31,XLNX,76201,0.003818673230738128,279.3,0.54,8494308.0
2012-07-31,HOG,70033,0.0037710377242451743,277.6,0.49,10008566.37
2012-07-31,A,87432,0.003348079333327637,271.7,0.32,13305813.29
2012-07-31,MCO,48506,0.0032184977274192857,274.7,0.41,9009819.0
2012-07-31,NVDA,86580,0.0031947317094513776,275.1,0.42,8387705.04
2012-07-31,FHN,36397,0.002549344388185316,276.4,0.46,2047706.3
2012-07-31,AMAT,14702,0.00247016200459757,265.5,0.14,13476320.55
2012-07-31,FRX,45241,0.0019552823477203174,266.0,0.15,9011194.5
2012-07-31,BMC,11976,0.0018183340616411115,267.5,0.2,6314774.4
2012-07-31,CMG,91068,0.0017559184145968696,264.4,0.11,9261891.07
2012-07-31,EQT,24328,0.0015167098911536517,263.5,0.08,8437158.0
2012-07-31,LIFE,86725,0.0013462821102255811,263.0,0.07,7693699.8
2012-07-31,FMC,19166,0.001219305734170948,262.3,0.05,7501229.8
2012-08-31,AAPL,14593,0.10055957678493752,382.1,3.42,623599958.07
2012-08-31,WFC,38703,0.03835057813715624,362.8,2.86,179752789.58
2012-08-31,GOOG,90319,0.035873231230111005,346.0,2.37,179474405.34
2012-08-31,INTC,59328,0.02984370780904983,355.4,2.64,124224490.0
2012-08-31,JPM,47896,0.02819342032909983,328.5,1.86,141085723.56
2012-08-31,PM,92602,0.027279486490144802,313.5,1.43,150534974.6
2012-08-31,KO,11308,0.02568717452808977,286.1,0.63,168371957.6
2012-08-31,ORCL,10104,0.024037721905604652,289.0,0.71,152901150.0
2012-08-31,USB,66157,0.023682165290733616,369.1,3.04,63321939.59
2012-08-31,MRK,22752,0.023663484711820962,306.5,1.22,131114457.6
2012-08-31,MA,91233,0.02353544911275808,379.8,3.35,50614362.4
2012-08-31,AIG,66800,0.022568066185637656,365.1,2.93,59338718.4
2012-08-31,QCOM,77178,0.02195653287311992,319.1,1.59,104687829.54
2012-08-31,EBAY,86356,0.019342279419298475,341.2,2.23,61173164.9
2012-08-31,PNC,60442,0.017418284620626185,354.0,2.6,32907876.96
2012-08-31,ISRG,88352,0.01696407222760243,363.1,2.87,19639142.26
2012-08-31,DFS,92121,0.016670620554476982,360.8,2.8,19942541.76
2012-08-31,UNP,48725,0.016456139814294262,324.7,1.75,57514955.52
2012-08-31,V,92611,0.016315635887614918,314.4,1.45,67642512.75
2012-08-31,CELG,11552,0.015968088195390914,345.7,2.36,31079784.96
2012-08-31,GILD,77274,0.01595070308625128,334.0,2.02,43646465.61
2012-08-31,MO,13901,0.015862941172983737,310.0,1.32,69035008.68
2012-08-31,VRSN,85753,0.015333560728845425,363.1,2.87,7456865.92
2012-08-31,SNI,92709,0.014109707031055484,355.3,2.64,6777292.5
2012-08-31,HBAN,42906,0.013988794071111829,355.5,2.65,5656862.59
2012-08-31,CF,90829,0.01393757038462053,348.4,2.44,12978905.34
2012-08-31,PCLN,86783,0.013385377770772837,328.8,1.87,30122700.75
2012-08-31,OXY,34833,0.013340475705506918,292.8,0.82,68853594.47
2012-08-31,BIIB,76841,0.01287243038322352,321.1,1.65,34646106.73
2012-08-31,KLAC,46886,0.01285015394949222,345.0,2.34,8543935.96
2012-08-31,AXP,59176,0.012782004315811087,291.5,0.79,66091736.7
2012-08-31,ICE,90993,0.012732875083226054,342.9,2.28,9946565.4
2012-08-31,DIS,26403,0.012606487090142724,269.4,0.15,88762784.25
2012-08-31,CME,89626,0.012581256812332,334.2,2.03,18254799.0
2012-08-31,COF,81055,0.012150791591076638,317.8,1.55,32835507.03
2012-08-31,C,70519,0.011965951253023877,266.5,0.06,87124069.93
2012-08-31,CMA,25081,0.010424959378407397,330.7,1.93,5942262.16
2012-08-31,AMGN,14008,0.010356699555428273,276.1,0.34,64682934.48
2012-08-31,BBT,71563,0.01031513745552087,315.1,1.47,22050497.12
2012-08-31,BLK,87267,0.010307968208602027,308.2,1.27,29484654.75
2012-08-31,LO,17279,0.010182516211104404,319.4,1.6,16393363.14
2012-08-31,CMCSA,89525,0.010130220341359098,270.2,0.17,69393352.7
2012-08-31,BEN,37584,0.010109001791970156,311.0,1.35,24959592.2
2012-08-31,DHI,77661,0.009787582204487135,326.2,1.8,6063431.04
2012-08-31,TROW,10138,0.009262365428440325,313.8,1.44,15595499.52
2012-08-31,WDC,66384,0.00857354482696881,313.9,1.44,10340496.84
2012-08-31,ADI,60871,0.008517961031229924,312.1,1.39,11878524.44
2012-08-31,DNR,82196,0.008334642180402469,316.2,1.5,6059641.53
2012-08-31,MCO,48506,0.007539885749876213,308.2,1.27,8803080.0
2012-08-31,BMY,19393,0.007432703697398021,264.5,0.0,55424516.22
2012-08-31,MTB,35554,0.007181551188257592,303.7,1.14,11009100.3
2012-08-31,FISV,10696,0.006973892815604199,303.5,1.14,9674627.7
2012-08-31,GS,86868,0.006972506426988155,265.7,0.04,50683965.24
2012-08-31,EOG,75825,0.006964157787737181,285.4,0.61,29243599.2
2012-08-31,ADBE,75510,0.006166446706038709,292.6,0.82,15470269.64
2012-08-31,ALTR,75577,0.005708819231402131,292.7,0.82,11942613.6
2012-08-31,STI,68144,0.004980362685999176,286.2,0.63,13553642.28
2012-08-31,APH,84769,0.004870024544239943,288.9,0.71,9799278.69
2012-08-31,FFIV,86964,0.004604169497282262,289.0,0.71,7704439.72
2012-08-31,A,87432,0.00448795441624803,283.4,0.55,12913137.16
2012-08-31,CA,25778,0.004030620800151842,280.9,0.48,12209137.23
2012-08-31,NSC,64311,0.004028315420416425,270.8,0.19,23152201.82
2012-08-31,LLTC,10299,0.0035741126136514386,282.0,0.51,7604666.75
2012-08-31,GLW,22293,0.0035369632809628838,272.3,0.23,17853325.82
2012-08-31,CLF,27422,0.0033995783909061697,283.1,0.54,5106949.12
2012-08-31,WU,91461,0.003206314602165923,276.7,0.36,10608123.12
2012-08-31,ORLY,79103,0.0029058658788157637,275.1,0.31,10099620.55
2012-08-31,MCHP,78987,0.0028616538719753674,277.9,0.39,6730797.0
2012-08-31,INTU,78975,0.0028371562883323497,268.0,0.1,17291018.34
2012-08-31,FMC,19166,0.002784841978482884,276.7,0.36,7459113.76
2012-08-31,ROP,77338,0.0022751852823998725,270.8,0.19,10053787.11
2012-08-31,ADSK,85631,0.0022356214125729373,273.3,0.26,7045245.0
2012-08-31,AMAT,14702,0.0020959817321813813,265.5,0.03,14466316.55
2012-08-31,NVDA,86580,0.0019330514891803987,269.7,0.15,8691248.28
2012-08-31,MAT,39538,0.0016470440261324437,264.7,0.01,11980245.06
2012-08-31,HOG,70033,0.0012798975976787258,264.4,0.0,9562684.0
2012-08-31,XLNX,76201,0.001204412652537246,264.5,0.0,8890184.7
2012-08-31,PNW,27991,0.0011743765026578567,267.3,0.08,5627275.28
2012-08-31,LIFE,86725,0.0011484204638460697,264.6,0.01,8363324.45
2012-08-31,PBCT,12073,0.0008387158169153378,266.3,0.06,4204582.2
2012-09-30,AAPL,14593,0.09523070626465248,381.8,3.27,626550334.06
2012-09-30,GOOG,90319,0.03742344876049496,352.4,2.46,199576567.5
2012-09-30,WFC,38703,0.036347718872887014,360.3,2.68,182393882.58
2012-09-30,MSFT,10107,0.0323146419522524,268.6,0.15,250638720.0
2012-09-30,JPM,47896,0.03144996516924076,350.9,2.42,153773561.92
2012-09-30,PM,92602,0.025243851860596536,307.8,1.23,151613836.68
2012-09-30,INTC,59328,0.022347999699572074,322.2,1.63,112867210.0
2012-09-30,AIG,66800,0.022288342633160308,376.1,3.11,53452061.07
2012-09-30,USB,66157,0.02129264314187183,358.3,2.62,65008755.7
2012-09-30,MRK,22752,0.021188993255380047,291.4,0.78,137342775.04
2012-09-30,MA,91233,0.02098488931667064,366.1,2.84,54034933.52
2012-09-30,QCOM,77178,0.02078458132273206,316.6,1.47,106573820.0
2012-09-30,ORCL,10104,0.02060309830345034,274.1,0.3,151607501.76
2012-09-30,CF,90829,0.018951122995667334,388.0,3.44,13933781.91
2012-09-30,EBAY,86356,0.018206981169882445,338.1,2.07,62590780.0
2012-09-30,PNC,60442,0.0163497588473294,351.3,2.43,33405518.6
2012-09-30,DFS,92121,0.016221980175192784,362.5,2.74,20143110.0
2012-09-30,ISRG,88352,0.015604967048994178,358.4,2.62,19726074.0
2012-09-30,UNP,48725,0.015490696540577255,324.2,1.68,56217269.6
2012-09-30,BAC,59408,0.015437320989476406,288.2,0.69,95160468.5
2012-09-30,C,70519,0.014986098818695288,284.2,0.58,95950843.76
2012-09-30,SNI,92709,0.014859009688867204,364.6,2.79,7021550.25
2012-09-30,VRSN,85753,0.014763257226753916,363.4,2.76,7573291.29
2012-09-30,GILD,77274,0.014701048784708253,323.9,1.67,50273695.89
2012-09-30,V,92611,0.014658587006056076,304.8,1.15,70822897.56
2012-09-30,OXY,34833,0.013898135235658285,300.3,1.02,69704038.82
2012-09-30,DNR,82196,0.0135179727489064,355.5,2.54,6321743.52
2012-09-30,HBAN,42906,0.013230628710504773,353.8,2.5,5898569.07
2012-09-30,CELG,11552,0.013096641140764278,328.6,1.8,32391384.4
2012-09-30,BEN,37584,0.013006908637982342,333.3,1.93,26539103.58
2012-09-30,PCLN,86783,0.012794930288558966,327.8,1.78,30869926.05
2012-09-30,COF,81055,0.012748136889835865,325.4,1.72,33122752.99
2012-09-30,CME,89626,0.01265000671630069,337.6,2.05,19002290.94
2012-09-30,DIS,26403,0.012430325189780225,267.6,0.12,93804697.0
2012-09-30,AXP,59176,0.012356600689942338,293.9,0.85,64459282.14
2012-09-30,MO,13901,0.012318703127316817,290.5,0.75,67876293.87
2012-09-30,BIIB,76841,0.011590686654354844,315.0,1.43,35302640.74
2012-09-30,EOG,75825,0.011161825085574182,316.5,1.47,30256189.2
2012-09-30,BLK,87267,0.011105306732102,316.5,1.47,29807302.5
2012-09-30,KLAC,46886,0.010748205259182962,333.9,1.95,7943645.78
2012-09-30,ICE,90993,0.010584732212280193,331.1,1.87,9707178.42
2012-09-30,CMA,25081,0.010408119775081475,333.2,1.93,6008050.8
2012-09-30,CMCSA,89525,0.009741167201207976,266.2,0.09,73977494.55
2012-09-30,AMGN,14008,0.009115458921505573,270.1,0.19,64743149.0
2012-09-30,BBT,71563,0.00911471888768086,308.1,1.24,23183084.48
2012-09-30,TROW,10138,0.009107935958662126,314.5,1.42,16130612.4
2012-09-30,GS,86868,0.009064939242522854,279.1,0.44,54500124.56
2012-09-30,WDC,66384,0.008688754072617514,317.6,1.5,9411390.0
2012-09-30,DHI,77661,0.008677160238238198,320.1,1.57,6585480.0
2012-09-30,ADI,60871,0.007683891046147386,308.2,1.24,11709642.55
2012-09-30,ALTR,75577,0.007499232183446253,307.6,1.23,10899142.0
2012-09-30,FISV,10696,0.007112488968941937,305.7,1.17,9905214.0
2012-09-30,LO,17279,0.007050677129388015,300.4,1.03,15210000.3
2012-09-30,MTB,35554,0.006847449187543701,301.8,1.07,12064955.76
2012-09-30,VIAB,91063,0.006821149059385462,290.3,0.75,24431681.0
2012-09-30,STI,68144,0.0067356331255856525,298.1,0.96,15222942.68
2012-09-30,FFIV,86964,0.006351678104052609,301.7,1.06,8236737.6
2012-09-30,APH,84769,0.00597110972334405,297.8,0.96,9478914.56
2012-09-30,CA,25778,0.005506630221679113,292.4,0.81,11694939.62
2012-09-30,MCO,48506,0.004857381130878127,289.4,0.72,9818991.0
2012-09-30,ADBE,75510,0.00481670415067941,283.4,0.56,16057108.92
2012-09-30,NSC,64311,0.003727703764640448,270.4,0.2,21623828.31
2012-09-30,PXD,75241,0.003723848463065565,278.4,0.42,12844958.4
2012-09-30,GLW,22293,0.003580590955022278,271.2,0.22,19580586.7
2012-09-30,MOS,90386,0.00347981538764553,272.1,0.25,17796017.05
2012-09-30,A,87432,0.003394150528198505,275.5,0.34,13397633.35
2012-09-30,CLF,27422,0.0032629559971100483,281.7,0.51,5575751.09
2012-09-30,LIFE,86725,0.0032463894751516634,279.0,0.44,8396708.85
2012-09-30,XLNX,76201,0.003149087564381733,278.0,0.41,8717437.43
2012-09-30,MCHP,78987,0.0031286221042057484,280.0,0.47,6367831.78
2012-09-30,LLTC,10299,0.0028109511024246273,276.8,0.38,7344087.82
2012-09-30,AMP,90880,0.0026469020697941067,271.4,0.23,11946227.01
2012-09-30,WU,91461,0.002593532362548055,271.9,0.24,10975582.24
2012-09-30,ROP,77338,0.0024409913236321627,271.0,0.22,10748231.01
2012-09-30,FMC,19166,0.002403171258668761,273.6,0.29,7604670.84
2012-09-30,COH,88661,0.0022731185680600697,265.0,0.05,15976119.72
2012-09-30,INTU,78975,0.002189719157445503,263.1,0.0,17391444.48
2012-09-30,ZION,84129,0.002103709884090363,274.9,0.32,3804662.96
2012-09-30,HOT,91207,0.0019707312495381483,267.0,0.11,11387401.2
2012-09-30,DO,82298,0.0017302752915812512,267.3,0.12,9149564.3
2012-10-31,AAPL,14593,0.08694448896543215,381.3,3.23,560012770.85
2012-10-31,WFC,38703,0.03609607169070402,361.8,2.71,178206624.0
2012-10-31,GOOG,90319,0.03590529048540682,358.4,2.62,180249613.85
2012-10-31,JPM,47896,0.03272473766518099,355.3,2.54,158332066.72
2012-10-31,MSFT,10107,0.031545420485360055,268.0,0.24,240205825.48
2012-10-31,PM,92602,0.025373314791092456,308.3,1.3,149287540.32
2012-10-31,KO,11308,0.023236664857332417,275.4,0.43,166758323.16
2012-10-31,MRK,22752,0.022827536774045896,298.9,1.05,138972188.16
2012-10-31,MA,91233,0.022074502616892713,373.6,3.02,54977885.49
2012-10-31,USB,66157,0.021392680537837643,361.3,2.7,62434800.0
2012-10-31,QCOM,77178,0.02137252377424803,325.2,1.75,99988660.0
2012-10-31,AIG,66800,0.02122049042557673,370.4,2.94,51566215.89
2012-10-31,ORCL,10104,0.020600869123059334,271.7,0.33,149776260.48
2012-10-31,INTC,59328,0.019142343294603664,301.0,1.11,107630880.0
2012-10-31,EBAY,86356,0.018699821414770477,340.9,2.16,62447716.1
2012-10-31,CF,90829,0.0178859425826466,382.2,3.25,12864797.43
2012-10-31,BAC,59408,0.01783745371198772,298.0,1.03,100444128.44
2012-10-31,DFS,92121,0.016749504304288152,366.1,2.83,20695816.0
2012-10-31,C,70519,0.016544150897742565,279.4,0.54,109646175.0
2012-10-31,GILD,77274,0.01610326699111281,332.3,1.93,50895004.4
2012-10-31,PNC,60442,0.015859301210620954,349.7,2.39,30787800.0
2012-10-31,V,92611,0.015659100289168948,307.6,1.28,73185765.25
2012-10-31,CELG,11552,0.015506389135817148,346.8,2.32,31026096.45
2012-10-31,VRSN,85753,0.015005834808827483,367.2,2.86,5755376.99
2012-10-31,SNI,92709,0.014683027634183846,363.6,2.76,6963066.0
2012-10-31,BEN,37584,0.01415388526734106,340.3,2.15,27119160.0
2012-10-31,HBAN,42906,0.01399244450245712,359.8,2.66,5470826.57
2012-10-31,UNP,48725,0.013762682988602061,307.9,1.29,57872942.91
2012-10-31,ISRG,88352,0.013741644888662748,342.5,2.2,21560292.67
2012-10-31,MO,13901,0.013676338417171375,301.0,1.11,64398370.8
2012-10-31,CME,89626,0.013267537633542496,341.7,2.18,18646167.12
2012-10-31,PCLN,86783,0.01271788775055206,328.0,1.82,28611042.05
2012-10-31,BLK,87267,0.012460184430451177,322.2,1.67,32631976.44
2012-10-31,COF,81055,0.01237360901893381,319.3,1.59,34976821.0
2012-10-31,DIS,26403,0.012318661549474199,268.0,0.24,88134788.0
2012-10-31,AXP,59176,0.011088966774624268,283.1,0.63,62633900.14
2012-10-31,OXY,34833,0.010721005800370486,279.1,0.53,63902328.0
2012-10-31,CMA,25081,0.010597203472593896,333.9,1.98,5674154.64
2012-10-31,CMCSA,89525,0.010452937795256764,263.9,0.13,77661364.75
2012-10-31,BIIB,76841,0.010395157384426224,306.5,1.25,32700591.88
2012-10-31,AMGN,14008,0.010187484124346525,272.7,0.36,66368533.95
2012-10-31,TROW,10138,0.01005524830242112,319.4,1.59,16535641.2
2012-10-31,EOG,75825,0.009947103402954299,304.3,1.19,31455095.76
2012-10-31,GS,86868,0.009941332752804203,278.2,0.5,58675846.63
2012-10-31,BBT,71563,0.00978541682432236,313.8,1.44,20251711.95
2012-10-31,ICE,90993,0.00964523481791199,323.0,1.69,9531822.0
2012-10-31,DHI,77661,0.00898245369856119,320.7,1.63,6692444.16
2012-10-31,DNR,82196,0.008947366285494082,321.1,1.64,5997050.01
2012-10-31,MTB,35554,0.008783659539482909,312.9,1.42,13268690.1
2012-10-31,WDC,66384,0.008582987050557687,316.1,1.51,8338496.46
2012-10-31,VIAB,91063,0.008305750343789628,299.6,1.07,23383111.0
2012-10-31,STI,68144,0.007849555477883997,304.5,1.2,14655931.2
2012-10-31,LO,17279,0.007723487749113105,303.2,1.16,15016914.45
2012-10-31,FISV,10696,0.006863606297253679,301.5,1.12,9991788.78
2012-10-31,KLAC,46886,0.006236989355405626,298.9,1.05,7751852.65
2012-10-31,LEN,52708,0.0061846137832681945,300.2,1.09,5979500.07
2012-10-31,ADI,60871,0.006008897984086227,293.4,0.91,11693591.3
2012-10-31,CA,25778,0.005811159848308996,293.2,0.9,10338550.37
2012-10-31,MCO,48506,0.00580843368979963,292.8,0.89,10734864.0
2012-10-31,LIFE,86725,0.005038510849036627,289.2,0.8,8406161.7
2012-10-31,APH,84769,0.004988251758231975,287.6,0.75,9680148.31
2012-10-31,ALTR,75577,0.004616706060646107,284.7,0.68,9771065.04
2012-10-31,GLW,22293,0.004335201843672182,275.3,0.43,17364631.75
2012-10-31,WU,91461,0.0039149091794938974,281.4,0.59,7667787.53
2012-10-31,CLF,27422,0.0035592710047567906,281.1,0.58,5168329.92
2012-10-31,FRX,45241,0.003536310206138319,277.3,0.48,8956544.74
2012-10-31,PXD,75241,0.0031624219968470575,270.6,0.3,12998753.4
2012-10-31,A,87432,0.0029723962068431264,269.6,0.28,12540463.57
2012-10-31,ROP,77338,0.002948228331248836,271.2,0.32,10677808.53
2012-10-31,STJ,68591,0.0029286713845260146,269.7,0.28,12090160.0
2012-10-31,FMC,19166,0.0024750718062224366,270.8,0.31,7353326.88
2012-10-31,AMP,90880,0.002177793436279739,264.0,0.13,12105938.0
2012-10-31,HRS,25582,0.0020970055516949617,270.0,0.29,5198822.58
2012-10-31,FFIV,86964,0.0019842783125725736,267.9,0.23,6501071.85
2012-10-31,BCR,46877,0.0017803322051520099,265.0,0.16,7917591.28
2012-10-31,ZMH,89070,0.001642758111068861,260.8,0.04,11217165.95
2012-10-31,MCHP,78987,0.0013126581447960703,263.2,0.11,6099037.46
2012-10-31,ZION,84129,0.00125303444291846,264.8,0.15,3955950.12
2012-10-31,LLTC,10299,0.000914531697689,259.1,0.0,7233345.18
2012-11-30,AAPL,14593,0.08501208332716181,363.6,2.57,550568241.98
2012-11-30,WFC,38703,0.0360942400941582,367.2,2.66,173773651.73
2012-11-30,JPM,47896,0.03512509637354924,377.4,2.93,156161594.16
2012-11-30,GOOG,90319,0.03373624714805634,338.0,1.9,185038020.09
2012-11-30,MSFT,10107,0.03046576189611242,274.2,0.22,224004136.13
2012-11-30,PM,92602,0.02457994115868989,303.1,0.98,150149303.64
2012-11-30,AIG,66800,0.022983717278624586,392.0,3.31,48909951.52
2012-11-30,MRK,22752,0.022525315574067322,302.9,0.97,134675189.6
2012-11-30,ORCL,10104,0.0218895716472294,280.0,0.37,152766900.0
2012-11-30,USB,66157,0.02087333614557392,364.2,2.58,60660768.46
2012-11-30,MA,91233,0.02018145713870796,361.3,2.51,58287794.49
2012-11-30,EBAY,86356,0.019884963094966117,349.0,2.19,68348287.7
2012-11-30,QCOM,77178,0.01918754787180922,303.7,1.0,108410324.98
2012-11-30,C,70519,0.019145488236750566,310.4,1.17,101377250.97
2012-11-30,CF,90829,0.018454603994465454,392.9,3.34,13456280.13
2012-11-30,BAC,59408,0.018184975710626935,298.2,0.85,106271849.08
2012-11-30,INTC,59328,0.01769906707230472,303.4,0.99,97355440.0
2012-11-30,GS,86868,0.017196853488016084,341.5,1.99,55354703.76
2012-11-30,DFS,92121,0.016896327426086342,373.5,2.83,21003729.36
2012-11-30,ISRG,88352,0.016322570558268877,369.1,2.71,21034627.0
2012-11-30,CME,89626,0.015166464230701917,362.9,2.55,18426133.68
2012-11-30,CELG,11552,0.014928705922895453,346.3,2.11,33242548.33
2012-11-30,FITB,34746,0.014841106146281322,365.7,2.62,13138916.88
2012-11-30,SNI,92709,0.014722106469937423,371.1,2.77,6821245.44
2012-11-30,UNP,48725,0.014478045116785085,318.4,1.38,57755343.66
2012-11-30,GILD,77274,0.01439530719796212,318.7,1.39,56823600.0
2012-11-30,AMGN,14008,0.014329245830931165,306.9,1.08,68141124.0
2012-11-30,COF,81055,0.014043869783098297,339.3,1.93,33504998.4
2012-11-30,CMCSA,89525,0.013911807243535685,294.9,0.76,76978400.05
2012-11-30,PNC,60442,0.013517580545567258,339.1,1.93,29690368.82
2012-11-30,AXP,59176,0.013386973911209698,305.3,1.04,62555565.8
2012-11-30,HBAN,42906,0.013232366901486785,361.3,2.51,5274065.03
2012-11-30,BEN,37584,0.012800536534524606,335.3,1.83,28027053.88
2012-11-30,V,92611,0.012242496235807388,279.0,0.35,80172405.14
2012-11-30,DIS,26403,0.012231587782018364,271.1,0.14,88003578.52
2012-11-30,STI,68144,0.012121156090482215,343.5,2.04,14629207.35
2012-11-30,MTB,35554,0.011304960796207415,339.4,1.93,12510026.38
2012-11-30,BLK,87267,0.011207461536326695,317.8,1.37,33405568.78
2012-11-30,OXY,34833,0.011165217092462008,290.0,0.64,60933938.64
2012-11-30,PCLN,86783,0.010651323764111601,313.9,1.26,33069969.35
2012-11-30,ICE,90993,0.010609630904884322,337.0,1.87,9609815.12
2012-11-30,CMA,25081,0.010298363291576688,338.6,1.91,5632278.96
2012-11-30,BBT,71563,0.00974038682540317,320.3,1.43,19708886.97
2012-11-30,TROW,10138,0.009737642316995188,323.5,1.52,16482119.55
2012-11-30,VRSN,85753,0.009519682814290059,333.0,1.76,5302026.55
2012-11-30,DHI,77661,0.00935975264890615,330.7,1.7,6386129.82
2012-11-30,BIIB,76841,0.009219973642657819,300.8,0.92,35274246.73
2012-11-30,MCO,48506,0.008366223247524444,318.7,1.39,10828482.0
2012-11-30,NEE,24205,0.008263375446853592,299.7,0.89,29078484.26
2012-11-30,VIAB,91063,0.007988853710626062,303.4,0.99,23277451.86
2012-11-30,RF,35044,0.007748862877423687,315.4,1.3,9424730.01
2012-11-30,LO,17279,0.007006570598695782,303.5,0.99,15683556.2
2012-11-30,FISV,10696,0.006928089146512597,308.3,1.12,10276086.27
2012-11-30,APH,84769,0.006790587201932483,307.6,1.1,9928376.64
2012-11-30,ADI,60871,0.0065941091390918655,303.8,1.0,12236393.4
2012-11-30,WDC,66384,0.006320263350481547,305.8,1.05,8143614.86
2012-11-30,LEN,52708,0.006114172277830858,306.3,1.06,6070461.24
2012-11-30,KLAC,46886,0.005509877021197844,300.2,0.9,7571482.52
2012-11-30,STT,72726,0.005347144286902443,285.9,0.53,20656067.52
2012-11-30,DNR,82196,0.0052869979220009815,300.1,0.9,5971348.28
2012-11-30,LIFE,86725,0.00507886694004476,296.0,0.79,8491012.95
2012-11-30,ADBE,75510,0.004421642561546828,282.4,0.44,17101908.52
2012-11-30,MRO,15069,0.00431429194855703,276.9,0.29,21792964.45
2012-11-30,ALTR,75577,0.004250095465615032,287.8,0.58,10383359.47
2012-11-30,ITW,56573,0.003740336684457365,265.8,0.0,28534554.93
2012-11-30,GLW,22293,0.0035772983903370435,275.0,0.24,18073995.43
2012-11-30,ZION,84129,0.003544295530794303,289.1,0.61,3696532.74
2012-11-30,LLTC,10299,0.003514900517957147,284.9,0.5,7679933.67
2012-11-30,MAT,39538,0.0031447816963468987,276.9,0.29,12870918.83
2012-11-30,HOG,70033,0.0029291862917067207,277.5,0.31,10625075.68
2012-11-30,ROP,77338,0.0027910021174982246,276.1,0.27,10973436.7
2012-11-30,CA,25778,0.0025947854547380056,275.4,0.25,10177799.92
2012-11-30,INTU,78975,0.0024700804753956473,266.9,0.03,17741927.13
2012-11-30,DO,82298,0.0023868187353211696,274.4,0.23,9593070.0
2012-11-30,PXD,75241,0.0023718772320036187,270.7,0.13,13185824.0
2012-11-30,ZMH,89070,0.002275129629003184,271.7,0.15,11445926.94
2012-11-30,HRS,25582,0.0020541558629132567,276.1,0.27,5352129.93
2012-11-30,PBCT,12073,0.0020262496772091385,277.0,0.29,4237597.51
2012-11-30,WYNN,89533,0.0019546759694579648,269.4,0.09,11305416.8
2012-11-30,XLNX,76201,0.0014346080907076473,267.7,0.05,9040981.95
2012-11-30,PCS,91937,0.0012568776890435067,271.5,0.15,3878176.2
2012-12-31,AAPL,14593,0.08401989544572583,361.7,2.7,499695993.82
2012-12-31,WFC,38703,0.03812016449006201,356.5,2.54,179932851.14
2012-12-31,JPM,47896,0.037835531203127395,366.8,2.85,167144224.68
2012-12-31,GOOG,90319,0.03474712650258595,324.8,1.61,189187366.24
2012-12-31,ORCL,10104,0.03004382577771257,323.0,1.56,157746776.04
2012-12-31,PM,92602,0.02411992199087034,300.1,0.88,139725052.92
2012-12-31,AIG,66800,0.023090728403606278,376.9,3.15,52113884.2
2012-12-31,BAC,59408,0.022857527249394223,305.5,1.04,125133485.58
2012-12-31,C,70519,0.022854099585823937,314.2,1.3,116010530.76
2012-12-31,MA,91233,0.022780735661431815,368.6,2.9,58597913.28
2012-12-31,QCOM,77178,0.022451499784980393,320.9,1.49,106151073.6
2012-12-31,USB,66157,0.021008987502628203,355.2,2.51,60059049.74
2012-12-31,EBAY,86356,0.020901535717395357,348.8,2.32,65991023.8
2012-12-31,MRK,22752,0.020858375671844114,292.6,0.66,124460547.68
2012-12-31,CF,90829,0.019899804099091468,392.9,3.62,12772872.36
2012-12-31,GS,86868,0.01951693746796518,345.2,2.21,59946056.64
2012-12-31,DFS,92121,0.01820129441519657,375.0,3.09,19459114.8
2012-12-31,INTC,59328,0.01768051530626596,292.6,0.66,101945280.0
2012-12-31,CME,89626,0.01608614589868171,363.2,2.74,16813927.44
2012-12-31,CELG,11552,0.016044448688553228,347.5,2.28,32937939.44
2012-12-31,COF,81055,0.015723508337034918,344.6,2.19,33696954.12
2012-12-31,SNI,92709,0.015336497134442758,367.8,2.88,6691845.12
2012-12-31,GILD,77274,0.015082231965429304,319.1,1.44,55822000.0
2012-12-31,AXP,59176,0.01496844986236797,310.2,1.18,64323683.76
2012-12-31,ISRG,88352,0.014702305845927879,351.1,2.39,19663837.0
2012-12-31,CMCSA,89525,0.014559090462124502,295.0,0.73,77319882.4
2012-12-31,FITB,34746,0.01439512160778917,355.0,2.5,13408710.4
2012-12-31,BEN,37584,0.014291043498181284,341.6,2.1,26685355.8
2012-12-31,PCLN,86783,0.014212472807943376,337.0,1.97,30939470.19
2012-12-31,AMGN,14008,0.014161211563970412,303.9,0.99,65193060.0
2012-12-31,UNP,48725,0.01382326501510795,307.4,1.1,59138310.84
2012-12-31,STI,68144,0.013212067666654403,345.2,2.21,15275802.15
2012-12-31,V,92611,0.012691878526385533,279.3,0.27,80510049.62
2012-12-31,BLK,87267,0.011751166757564348,316.4,1.36,35044994.97
2012-12-31,HBAN,42906,0.011491394223507064,343.0,2.15,5385575.07
2012-12-31,BIIB,76841,0.011485728400342853,315.0,1.32,34628507.34
2012-12-31,ICE,90993,0.011290252631214161,338.2,2.0,8980434.54
2012-12-31,PNC,60442,0.011113098279341435,316.1,1.35,30838001.53
2012-12-31,MTB,35554,0.010976445238030283,332.6,1.84,12613711.59
2012-12-31,OXY,34833,0.010369409256292216,281.2,0.32,62068196.24
2012-12-31,CMA,25081,0.010144067019855206,333.5,1.87,5775036.96
2012-12-31,TROW,10138,0.009919839720654595,321.5,1.51,16736266.81
2012-12-31,MO,13901,0.009222622817158445,271.9,0.05,63669332.64
2012-12-31,MCO,48506,0.008934087686917782,320.1,1.47,11216328.0
2012-12-31,ADI,60871,0.008446400961352777,315.4,1.33,12676421.34
2012-12-31,LO,17279,0.008168839447387206,311.2,1.21,15102348.15
2012-12-31,RF,35044,0.00794634003561104,314.5,1.3,10074711.39
2012-12-31,VIAB,91063,0.007742309339222215,300.3,0.89,23479848.0
2012-12-31,APH,84769,0.007737663024411704,312.8,1.25,10374127.4
2012-12-31,BBT,71563,0.007598111100139951,302.3,0.94,20366549.51
2012-12-31,LEN,52708,0.007528209376551192,315.4,1.33,6170997.27
2012-12-31,FISV,10696,0.007171001180603664,308.8,1.14,10542602.0
2012-12-31,LIFE,86725,0.006011863946867061,303.0,0.97,8395848.17
2012-12-31,DHI,77661,0.0059892100864165085,304.8,1.02,6352861.28
2012-12-31,VRSN,85753,0.005888726380677182,304.5,1.01,5954677.44
2012-12-31,A,87432,0.005523620578283649,294.1,0.7,14244458.9
2012-12-31,LLTC,10299,0.0054012801433879825,299.3,0.86,7939386.7
2012-12-31,DNR,82196,0.004811300500688897,296.9,0.79,6269335.2
2012-12-31,ALTR,75577,0.004488571096838517,290.2,0.59,10989805.96
2012-12-31,STT,72726,0.004442064687237673,279.5,0.27,21850624.08
2012-12-31,KLAC,46886,0.004057420280908587,290.2,0.59,7935085.2
2012-12-31,MAT,39538,0.004042421401693972,285.7,0.45,12535026.0
2012-12-31,ITW,56573,0.004022007085096243,270.6,0.01,28182333.69
2012-12-31,ADBE,75510,0.003808798076588909,278.3,0.24,18618893.76
2012-12-31,WYNN,89533,0.003756585829455719,284.9,0.43,11346528.83
2012-12-31,ALL,79323,0.003646716438405789,276.5,0.18,19353022.26
2012-12-31,CA,25778,0.003479720178477623,284.4,0.42,9907836.68
2012-12-31,WDC,66384,0.00339376605893998,283.5,0.39,10240090.0
2012-12-31,SYMC,75607,0.0033215564823170854,280.4,0.3,12970536.98
2012-12-31,DO,82298,0.003075381835964038,282.1,0.35,9448478.8
2012-12-31,ROP,77338,0.003068508515116591,280.6,0.3,10968517.2
2012-12-31,HRS,25582,0.0028955702904728126,284.6,0.42,5559946.56
2012-12-31,INTU,78975,0.002766433116008506,272.2,0.06,17613223.38
2012-12-31,XLNX,76201,0.0026966734323953284,279.6,0.27,9379874.88
2012-12-31,ZION,84129,0.0023276859289657996,282.3,0.35,3941858.6
2012-12-31,ORLY,79103,0.0022818405175567564,276.1,0.17,10101151.46
2012-12-31,AMP,90880,0.0021588659483926633,272.6,0.07,12890256.08
2012-12-31,HOG,70033,0.0019283925666404662,272.8,0.07,11048178.14
2012-12-31,PBCT,12073,0.0008156739545611439,271.9,0.05,4105764.0
2012-12-31,GCI,47941,0.0005841129891843319,270.3,0.0,4138463.87
2013-01-31,AAPL,14593,0.06948580038723952,346.4,2.23,427731519.03
2013-01-31,GOOG,90319,0.04024314043417267,357.5,2.53,202147075.0
2013-01-31,WFC,38703,0.0375511318524388,356.5,2.51,183425229.0
2013-01-31,JPM,47896,0.03750729549058045,360.7,2.62,178855964.1
2013-01-31,ORCL,10104,0.030522930652509037,320.7,1.52,168114886.47
2013-01-31,PM,92602,0.02521030280286993,302.8,1.02,147275952.48
2013-01-31,C,70519,0.02458159413563461,317.6,1.43,127698424.0
2013-01-31,MA,91233,0.023378084163551992,374.0,2.99,61832680.79
2013-01-31,AIG,66800,0.023044704023093485,377.5,3.09,55848958.62
2013-01-31,BAC,59408,0.022232638533335937,306.2,1.12,122009948.48
2013-01-31,EBAY,86356,0.021158313603066293,347.3,2.25,72565776.64
2013-01-31,QCOM,77178,0.02062076616171609,303.0,1.03,113430942.6
2013-01-31,MRK,22752,0.02007554884158623,281.2,0.43,131483114.0
2013-01-31,USB,66157,0.020057104385149967,349.9,2.32,61863900.0
2013-01-31,GS,86868,0.018757255770300997,331.4,1.81,71046730.0
2013-01-31,INTC,59328,0.01772283915554627,291.3,0.71,104021760.0
2013-01-31,DFS,92121,0.017382813123306674,372.8,2.96,19099178.56
2013-01-31,CF,90829,0.016370326082817317,370.1,2.88,14408147.07
2013-01-31,FITB,34746,0.015797983098746325,366.1,2.77,14258343.78
2013-01-31,CME,89626,0.01578130695088048,361.1,2.63,19193162.88
2013-01-31,COF,81055,0.015152537321646332,343.1,2.14,32789504.0
2013-01-31,GILD,77274,0.015121440858615607,316.0,1.39,59970824.85
2013-01-31,SNI,92709,0.014936825087881335,366.9,2.79,7136658.72
2013-01-31,CELG,11552,0.014855947334002787,332.3,1.84,41538657.92
2013-01-31,CMCSA,89525,0.014752573099482665,294.7,0.8,78809987.2
2013-01-31,AXP,59176,0.014674071803584321,307.8,1.16,64985050.0
2013-01-31,AMGN,14008,0.013950013605351554,302.9,1.03,64633398.0
2013-01-31,BLK,87267,0.013921636218989803,326.6,1.68,40454916.48
2013-01-31,V,92611,0.01352527774291926,280.8,0.42,83872159.49
2013-01-31,UNP,48725,0.013472135859390635,302.2,1.01,61838394.32
2013-01-31,ISRG,88352,0.013423490068611292,340.2,2.06,23048146.26
2013-01-31,BEN,37584,0.013228280111642376,332.8,1.85,29101646.16
2013-01-31,STI,68144,0.012834281946738729,343.6,2.15,15290266.83
2013-01-31,HBAN,42906,0.012417108755388472,349.9,2.32,5860361.76
2013-01-31,PCLN,86783,0.011962491268045643,318.6,1.46,34185072.87
2013-01-31,ICE,90993,0.011914362838887001,342.1,2.11,10064092.5
2013-01-31,PNC,60442,0.011840464751921152,319.2,1.48,32683733.4
2013-01-31,MTB,35554,0.011399603557392737,335.3,1.92,13168349.46
2013-01-31,OXY,34833,0.011246207795412237,276.5,0.3,71514941.68
2013-01-31,BIIB,76841,0.011240604850141894,310.7,1.24,36883576.96
2013-01-31,TROW,10138,0.011196336054697451,328.7,1.74,18353655.38
2013-01-31,MO,13901,0.010173848545858781,272.0,0.17,68205570.08
2013-01-31,LO,17279,0.010017254690722434,323.3,1.59,15172248.45
2013-01-31,CMA,25081,0.009833106744084203,330.5,1.79,6540219.84
2013-01-31,LEN,52708,0.009451295849310527,327.6,1.71,6674522.58
2013-01-31,MCO,48506,0.008924540928363976,318.3,1.45,12219378.0
2013-01-31,VIAB,91063,0.008731379044996846,302.5,1.02,26783752.45
2013-01-31,STT,72726,0.00837169606972209,300.8,0.97,25866565.2
2013-01-31,VRSN,85753,0.008303937019366346,319.3,1.48,6658746.72
2013-01-31,ADI,60871,0.007943334797005486,310.1,1.23,13320411.76
2013-01-31,RF,35044,0.007888004424872752,312.0,1.28,10993140.0
2013-01-31,ADBE,75510,0.007858650528122936,304.0,1.06,18869263.53
2013-01-31,FISV,10696,0.007629073318757959,310.4,1.23,10713354.0
2013-01-31,WDC,66384,0.007614055201165164,309.7,1.21,11311255.0
2013-01-31,BBT,71563,0.007388472803932511,298.3,0.9,21187763.84
2013-01-31,DHI,77661,0.006432031415174948,304.8,1.08,7602573.16
2013-01-31,APH,84769,0.006376188248742207,301.2,0.98,10834308.94
2013-01-31,NEE,24205,0.004973776333541732,271.6,0.16,30491992.3
2013-01-31,LLTC,10299,0.004845802134857345,292.4,0.74,8516530.3
2013-01-31,KLAC,46886,0.0048457536236081985,291.8,0.72,9123021.95
2013-01-31,ALTR,75577,0.004810632072282321,290.0,0.67,10686111.84
2013-01-31,ALL,79323,0.004361638520857114,276.4,0.3,21150054.2
2013-01-31,GLW,22293,0.004143991465131029,278.2,0.34,17734092.0
2013-01-31,ZION,84129,0.004104400482943635,291.2,0.7,4295520.68
2013-01-31,MOS,90386,0.003943624609282921,276.3,0.29,18187023.75
2013-01-31,WYNN,89533,0.003792710829659686,280.7,0.41,12630565.74
2013-01-31,MAT,39538,0.003661268747025875,279.5,0.38,12880749.0
2013-01-31,A,87432,0.003519058610089474,275.8,0.28,15580529.3
2013-01-31,DNR,82196,0.003232571571053727,282.0,0.45,7209735.48
2013-01-31,ROP,77338,0.003080401306056683,276.6,0.3,11555905.5
2013-01-31,HRS,25582,0.0028636848731219662,281.3,0.43,5213670.0
2013-01-31,AMP,90880,0.0026174275095632114,271.3,0.15,13522648.0
2013-01-31,PBCT,12073,0.0024472465406627265,279.3,0.38,4183872.0
2013-01-31,SYMC,75607,0.002253760360488328,267.2,0.04,15003644.53
2013-01-31,DO,82298,0.001782930556813632,268.3,0.07,10439762.7
2013-01-31,GCI,47941,0.0016915700260150468,273.5,0.22,4510718.81
2013-01-31,XLNX,76201,0.0016331895907768673,268.1,0.07,9544397.38
2013-01-31,ORLY,79103,0.0016209407889520191,267.1,0.04,10466021.95
2013-01-31,BEAM,10225,0.001331456799671479,265.7,0.0,9759991.42
2013-01-31,EFX,52476,0.0009577224380594108,265.7,0.0,7020402.6
2013-02-28,AAPL,14593,0.06199944390382161,313.7,1.25,414500191.81
2013-02-28,JPM,47896,0.039653763263058646,366.3,2.9,187239685.64
2013-02-28,WFC,38703,0.034420534706734195,334.8,1.91,184902540.56
2013-02-28,ORCL,10104,0.031393486237413774,335.5,1.93,161578560.0
2013-02-28,GOOG,90319,0.030740322668926248,285.9,0.38,214321002.68
2013-02-28,MRK,22752,0.02589232655633352,328.2,1.71,129145784.64
2013-02-28,C,70519,0.02365273343097409,315.6,1.31,127122933.0
2013-02-28,PM,92602,0.023546527805275,294.2,0.64,151184640.75
2013-02-28,BAC,59408,0.02339789676436469,318.8,1.41,121511688.25
2013-02-28,GS,86868,0.02202840574352127,352.7,2.47,71959675.19
2013-02-28,USB,66157,0.020960036489279573,353.3,2.49,63317822.3
2013-02-28,QCOM,77178,0.020583839805112306,308.3,1.08,112778053.2
2013-02-28,DFS,92121,0.019103752760899238,379.5,3.31,19087607.88
2013-02-28,CF,90829,0.01886313743179216,383.5,3.43,12653093.32
2013-02-28,MA,91233,0.017473924326138642,332.9,1.85,61083084.02
2013-02-28,BEN,37584,0.016716682181478763,354.8,2.54,30019580.0
2013-02-28,V,92611,0.016508580951160333,307.0,1.04,83981477.76
2013-02-28,BLK,87267,0.01593552446039699,340.3,2.08,41049036.0
2013-02-28,INTC,59328,0.015823324965712857,286.0,0.39,103272480.0
2013-02-28,SNI,92709,0.015790683398419096,368.5,2.96,7223638.5
2013-02-28,FITB,34746,0.01543269143469575,360.5,2.71,13851668.16
2013-02-28,AIG,66800,0.015275528245556022,323.1,1.55,56114999.22
2013-02-28,MTB,35554,0.014853140265837434,357.4,2.62,13141739.43
2013-02-28,CMA,25081,0.01454698167699029,361.2,2.74,6452060.22
2013-02-28,UNP,48725,0.014539633277955306,311.3,1.18,64345585.89
2013-02-28,STI,68144,0.014257821528637698,352.1,2.45,14869382.19
2013-02-28,CELG,11552,0.013544733118325629,323.1,1.55,43243692.88
2013-02-28,HBAN,42906,0.013321230219888416,353.8,2.5,5930100.26
2013-02-28,MCO,48506,0.012589062626314042,345.0,2.23,10704547.98
2013-02-28,AMGN,14008,0.012305582474216934,293.4,0.62,68518766.5
2013-02-28,COF,81055,0.01230294062427982,326.8,1.66,29712166.47
2013-02-28,VRSN,85753,0.012151781841698042,345.4,2.24,6988132.26
2013-02-28,RF,35044,0.011900865231901078,340.5,2.09,10812456.45
2013-02-28,MO,13901,0.011628327505280705,290.0,0.51,67430635.25
2013-02-28,GILD,77274,0.011573689883877792,291.7,0.57,65050128.48
2013-02-28,BIIB,76841,0.011313407580040256,312.2,1.21,39308138.08
2013-02-28,LEN,52708,0.011296317976936822,340.6,2.09,6200525.43
2013-02-28,CMCSA,89525,0.01129202798281542,275.0,0.04,82348986.1
2013-02-28,AXP,59176,0.011152595632804983,285.9,0.38,68654059.65
2013-02-28,KLAC,46886,0.011030092149187818,336.4,1.96,9098100.2
2013-02-28,TROW,10138,0.010987646940999296,328.1,1.7,18421124.4
2013-02-28,SYMC,75607,0.010698483471566612,328.2,1.71,16154590.16
2013-02-28,PCLN,86783,0.010180478270683859,309.2,1.11,34366804.79
2013-02-28,HCBK,87070,0.010146727143320695,334.7,1.91,4503015.82
2013-02-28,ADI,60871,0.009887087340337379,325.0,1.61,13836641.7
2013-02-28,NBL,61815,0.00975297112875355,319.0,1.42,19806983.45
2013-02-28,MON,88668,0.009578789417872135,288.4,0.46,54047008.8
2013-02-28,EBAY,86356,0.009569428558287388,273.8,0.01,70932171.52
2013-02-28,VIAB,91063,0.008769302631041745,307.4,1.06,25962709.5
2013-02-28,ISRG,88352,0.008154331073107535,308.2,1.08,20460356.43
2013-02-28,BBT,71563,0.008087899357195208,307.1,1.05,21243742.08
2013-02-28,WDC,66384,0.008022337009779253,315.2,1.3,11349761.4
2013-02-28,STT,72726,0.007552393932071126,299.7,0.82,25854895.79
2013-02-28,LLTC,10299,0.007426861859569996,313.5,1.25,8895611.25
2013-02-28,LIFE,86725,0.007360222229224422,312.2,1.21,9909707.92
2013-02-28,TWX,77418,0.007214431723827769,277.0,0.11,49702784.3
2013-02-28,ADBE,75510,0.006789344110841329,300.1,0.83,19715851.88
2013-02-28,AGN,75646,0.006641311168297669,288.3,0.46,32318158.86
2013-02-28,ITW,56573,0.005810204324996103,286.9,0.42,27763314.0
2013-02-28,MSI,22779,0.005494298267693006,294.0,0.64,17168902.43
2013-02-28,DHI,77661,0.005335952802922468,301.6,0.87,7165569.8
2013-02-28,ROP,77338,0.00509249908718882,295.6,0.69,12322807.51
2013-02-28,DNR,82196,0.00507937305924427,300.3,0.83,6767149.56
2013-02-28,WYNN,89533,0.005054089608093885,295.8,0.69,11804912.7
2013-02-28,MOS,90386,0.0049296014906278374,290.2,0.52,17382340.74
2013-02-28,FIS,89003,0.004879542466464431,295.3,0.68,11087510.85
2013-02-28,ALTR,75577,0.004849527325432989,294.9,0.67,11328813.36
2013-02-28,A,87432,0.004761759768972556,291.7,0.57,14392232.64
2013-02-28,BEAM,10225,0.004657514901306307,295.0,0.67,9784756.81
2013-02-28,CME,89626,0.0042849768705065395,283.9,0.32,19904599.26
2013-02-28,PBCT,12073,0.004048742531932006,295.7,0.69,4444633.5
2013-02-28,HOG,70033,0.004037251431060136,289.2,0.49,11907537.5
2013-02-28,PNW,27991,0.0038550590306528024,293.0,0.61,6139750.64
2013-02-28,ICE,90993,0.0031521595340367847,284.1,0.33,11247983.37
2013-02-28,ALL,79323,0.0031419561994029096,274.8,0.04,21972064.92
2013-02-28,TMK,62308,0.003128086502072201,289.1,0.48,5262530.64
2013-02-28,ZION,84129,0.0031278861137873045,289.8,0.51,4448140.2
2013-02-28,ZMH,89070,0.002347302054932332,277.7,0.13,12694775.84
2013-02-28,ROK,84381,0.001948184151378762,275.2,0.05,12629893.36
2013-02-28,XLNX,76201,0.001482635327500997,274.7,0.03,9748415.74
2013-02-28,BCR,46877,0.001087229325359688,273.6,0.0,8085336.9
2013-02-28,SNA,60206,0.000800741329604837,274.7,0.03,4677413.17
2013-03-31,AAPL,14593,0.06180532342018428,311.2,1.34,416142010.04
2013-03-31,JPM,47896,0.03632430215002524,340.6,2.46,181651583.82
2013-03-31,WFC,38703,0.03377008269799656,317.7,1.59,195079711.5
2013-03-31,GOOG,90319,0.031411975469622454,291.6,0.6,214561798.32
2013-03-31,ORCL,10104,0.031057173985441538,333.3,2.18,152295573.14
2013-03-31,MRK,22752,0.026840389387513285,324.1,1.83,133588665.6
2013-03-31,PM,92602,0.022985439031850834,290.3,0.55,152766518.19
2013-03-31,GS,86868,0.022687901723686406,347.7,2.72,68498761.79
2013-03-31,C,70519,0.022033043017065865,298.0,0.84,134569541.68
2013-03-31,BAC,59408,0.021532790391352762,297.3,0.82,131790949.5
2013-03-31,USB,66157,0.020725087503010633,341.0,2.47,63245723.58
2013-03-31,DFS,92121,0.01968176072597912,364.2,3.35,22213556.64
2013-03-31,MA,91233,0.019289486001907875,333.0,2.17,63832777.06
2013-03-31,BEN,37584,0.018903302348952322,353.2,2.93,32051347.68
2013-03-31,QCOM,77178,0.018756996916972177,294.0,0.69,115538440.0
2013-03-31,SNI,92709,0.018109857212252008,366.3,3.43,7338877.76
2013-03-31,UNP,48725,0.01807874679137717,324.5,1.85,66832870.59
2013-03-31,BLK,87267,0.01782955887003212,339.4,2.41,43659581.68
2013-03-31,V,92611,0.017482957000235305,305.2,1.12,89910578.56
2013-03-31,CF,90829,0.017364138579830077,359.1,3.16,11994071.48
2013-03-31,INTC,59328,0.016345543157706584,286.5,0.41,108039580.0
2013-03-31,MTB,35554,0.016153538628769535,351.8,2.88,13280508.92
2013-03-31,VRSN,85753,0.015700917139133384,353.7,2.95,7146514.95
2013-03-31,AIG,66800,0.015380541258655489,316.9,1.56,57310820.04
2013-03-31,FITB,34746,0.015357022267866399,346.9,2.69,14265459.95
2013-03-31,CELG,11552,0.014890099987652497,320.5,1.69,48461971.0
2013-03-31,AMGN,14008,0.01444760125601245,298.3,0.86,76841496.0
2013-03-31,STI,68144,0.013812005362092105,337.8,2.35,15597820.43
2013-03-31,SYMC,75607,0.013442463924470108,334.7,2.23,17236018.4
2013-03-31,CMA,25081,0.013395615803814388,341.8,2.5,6736778.35
2013-03-31,NBL,61815,0.012876501163922608,329.3,2.03,20677000.84
2013-03-31,GILD,77274,0.012751485088355259,290.9,0.58,74603304.02
2013-03-31,LEN,52708,0.012650261296554596,337.9,2.35,6679275.52
2013-03-31,CMCSA,89525,0.011955582794350775,278.1,0.09,86881388.2
2013-03-31,BIIB,76841,0.011935912069904762,306.8,1.18,45722697.75
2013-03-31,HBAN,42906,0.011373730094250621,331.5,2.11,6181646.46
2013-03-31,LLTC,10299,0.010756407819089068,326.3,1.91,8948881.62
2013-03-31,HCBK,87070,0.010724724138168766,329.2,2.02,4565669.76
2013-03-31,AXP,59176,0.01038989978973162,278.6,0.11,74339975.56
2013-03-31,RF,35044,0.010271867134873644,321.9,1.75,11575991.7
2013-03-31,MO,13901,0.010001385236241977,280.2,0.17,69118913.45
2013-03-31,MON,88668,0.009599299160638558,286.9,0.42,56507824.8
2013-03-31,ADI,60871,0.009525427009031686,316.1,1.53,14225242.65
2013-03-31,TROW,10138,0.009511965348388078,312.4,1.39,19410571.59
2013-03-31,MCO,48506,0.009365776138642586,316.9,1.56,11876123.56
2013-03-31,VIAB,91063,0.008917574238393445,304.1,1.07,26780688.0
2013-03-31,COF,81055,0.00820110767803564,296.6,0.79,32085524.8
2013-03-31,KLAC,46886,0.008138368454770839,312.6,1.4,8748827.64
2013-03-31,ICE,90993,0.007848651464603696,308.9,1.26,11847362.37
2013-03-31,TWX,77418,0.007811465956975165,279.3,0.14,53862599.8
2013-03-31,MSI,22779,0.0076237600731475,303.8,1.06,17436073.33
2013-03-31,BBT,71563,0.007391617937650428,299.4,0.9,21969766.83
2013-03-31,PCLN,86783,0.007379054399741235,290.6,0.56,34449389.22
2013-03-31,DNR,82196,0.007353654404490861,309.7,1.29,6965084.95
2013-03-31,WDC,66384,0.007335095806491071,306.1,1.15,11969020.0
2013-03-31,HP,32707,0.007098428507567953,308.7,1.25,6466067.5
2013-03-31,STT,72726,0.007054576715052242,294.1,0.7,26997098.29
2013-03-31,ADBE,75510,0.00693959138247114,297.1,0.81,21841745.04
2013-03-31,ALTR,75577,0.006156279869272588,300.3,0.93,11352164.4
2013-03-31,PNW,27991,0.00604315733964778,303.2,1.04,6353774.84
2013-03-31,DHI,77661,0.0058195386420268076,301.0,0.96,7808221.8
2013-03-31,AGN,75646,0.005761210852256158,282.9,0.27,33231134.7
2013-03-31,MOS,90386,0.005521651429072608,292.5,0.64,17703871.95
2013-03-31,ROP,77338,0.00548779863235459,295.9,0.76,12589813.21
2013-03-31,PBCT,12073,0.005445847009059594,301.4,0.97,4413838.0
2013-03-31,CME,89626,0.0051973316670971366,288.9,0.5,20398129.83
2013-03-31,LIFE,86725,0.005003678823682938,294.4,0.71,11076224.77
2013-03-31,FIS,89003,0.004230732890937519,289.9,0.54,11667654.18
2013-03-31,NSC,64311,0.004079250729292075,280.3,0.17,24241043.36
2013-03-31,ITW,56573,0.003850245155232347,276.8,0.04,27512398.98
2013-03-31,ISRG,88352,0.003843576404139377,282.2,0.25,19745838.0
2013-03-31,ROK,84381,0.0036221949689930464,286.4,0.4,12072075.4
2013-03-31,ALL,79323,0.003214995740632117,276.3,0.02,23428275.22
2013-03-31,XLNX,76201,0.0030536286751279345,284.8,0.34,10063482.33
2013-03-31,TMK,62308,0.0027631761632768885,286.4,0.4,5583167.2
2013-03-31,BEAM,10225,0.002692414701385868,282.8,0.27,10192769.1
2013-03-31,HOG,70033,0.002499095968201217,280.5,0.18,12018990.1
2013-03-31,CFN,92988,0.002412426560823265,283.0,0.28,7791993.08
2013-03-31,A,87432,0.002118014577594046,276.7,0.04,14570263.23
2013-03-31,CINF,23473,0.0010968844205933798,276.1,0.02,7714142.52
2013-03-31,NDAQ,90601,0.0010683412306468991,277.6,0.07,5355146.2
2013-03-31,SNA,60206,0.0006396942356571164,275.7,0.0,4832161.0
2013-04-30,AAPL,14593,0.06018021881503673,313.0,1.4,415615004.22
2013-04-30,JPM,47896,0.03457568158645193,335.8,2.16,185738098.0
2013-04-30,WFC,38703,0.034492243710252245,323.7,1.76,200868624.0
2013-04-30,GOOG,90319,0.03182170360435268,290.3,0.64,223559894.82
2013-04-30,C,70519,0.026040766785742072,318.2,1.58,141981714.0
2013-04-30,MRK,22752,0.02586938277991954,317.3,1.55,141816014.0
2013-04-30,ORCL,10104,0.025860892259035134,307.9,1.23,154010601.8
2013-04-30,BAC,59408,0.02510384687501266,319.3,1.61,133223497.8
2013-04-30,PM,92602,0.02205191538176752,282.8,0.39,156977133.28
2013-04-30,GS,86868,0.021777065481880603,349.9,2.63,67306431.35
2013-04-30,DFS,92121,0.01928141355750193,370.1,3.31,21451189.5
2013-04-30,BLK,87267,0.019160925602386292,351.3,2.68,45031304.5
2013-04-30,QCOM,77178,0.018806415679740614,302.1,1.04,106434636.0
2013-04-30,USB,66157,0.018115536625858093,332.0,2.04,62034119.68
2013-04-30,BEN,37584,0.018040490400115083,353.9,2.77,32882107.94
2013-04-30,INTC,59328,0.01780115767453209,286.4,0.51,119055450.0
2013-04-30,V,92611,0.01721638175375574,305.8,1.16,89180033.93
2013-04-30,UNP,48725,0.016328335312814708,315.9,1.5,69064625.51
2013-04-30,MA,91233,0.01589623053800478,316.7,1.53,64643598.06
2013-04-30,CELG,11552,0.01556215380553038,326.5,1.85,49249594.54
2013-04-30,SNI,92709,0.015447555200205638,357.8,2.9,7527468.22
2013-04-30,CSCO,76076,0.015159517950829912,276.6,0.19,111189800.0
2013-04-30,SYMC,75607,0.014797954281009808,346.7,2.53,16928230.5
2013-04-30,AMGN,14008,0.014637803372328414,298.8,0.93,78155103.17
2013-04-30,MTB,35554,0.014035583060940141,345.2,2.48,12925699.8
2013-04-30,FITB,34746,0.01368681009218426,341.6,2.36,14895204.35
2013-04-30,CMA,25081,0.013631330669792123,347.5,2.55,6765845.0
2013-04-30,MON,88668,0.013553179934278684,308.5,1.25,57024895.62
2013-04-30,GILD,77274,0.013369825151819587,291.9,0.7,77244027.84
2013-04-30,STI,68144,0.012701266594399916,335.0,2.14,15800469.75
2013-04-30,BIIB,76841,0.012455736681672477,305.8,1.16,51968506.38
2013-04-30,LEN,52708,0.012246856117312308,339.3,2.28,6639841.26
2013-04-30,CMCSA,89525,0.011969707224758791,277.2,0.21,85474067.0
2013-04-30,CF,90829,0.011742324438819977,332.7,2.06,11304930.02
2013-04-30,NBL,61815,0.011643415201869869,325.2,1.81,20314483.06
2013-04-30,VRSN,85753,0.011434824123659232,334.2,2.11,6944822.15
2013-04-30,TROW,10138,0.011416551577112835,325.0,1.8,18802077.5
2013-04-30,MCO,48506,0.011345792182804484,328.6,1.92,13553303.05
2013-04-30,AIG,66800,0.010643377712241433,287.9,0.56,61150209.9
2013-04-30,AXP,59176,0.01034954041908783,275.4,0.15,75157893.99
2013-04-30,HCBK,87070,0.010188971720959611,328.7,1.93,4380593.51
2013-04-30,ADI,60871,0.010132409499768747,321.4,1.68,13460280.15
2013-04-30,WDC,66384,0.010098814845346946,321.5,1.69,13067252.24
2013-04-30,VIAB,91063,0.009958946015679388,309.4,1.28,27756686.34
2013-04-30,LLTC,10299,0.009733205543826982,322.8,1.73,8513807.5
2013-04-30,ICE,90993,0.009726868370727613,320.2,1.64,11855600.72
2013-04-30,HBAN,42906,0.009713750463547582,324.6,1.79,6013894.86
2013-04-30,RF,35044,0.009645221209504375,319.6,1.62,12000020.7
2013-04-30,COF,81055,0.008988686307326835,299.0,0.93,33737973.12
2013-04-30,CME,89626,0.008657142319647848,307.3,1.21,20320301.96
2013-04-30,TWX,77418,0.008546162459993182,279.4,0.28,55844383.7
2013-04-30,ADBE,75510,0.00816798353698798,302.6,1.05,22627274.88
2013-04-30,LIFE,86725,0.007723209340342545,307.6,1.22,12628918.51
2013-04-30,ALTR,75577,0.007685562481449998,309.2,1.27,10247681.4
2013-04-30,KLAC,46886,0.007158733735425907,307.0,1.2,8999315.5
2013-04-30,STT,72726,0.007046970453797784,292.8,0.73,26647585.56
2013-04-30,MOS,90386,0.007012600622702921,299.0,0.93,18291922.05
2013-04-30,MSI,22779,0.006827258105710883,300.0,0.97,15538837.6
2013-04-30,BBT,71563,0.006798819797604385,295.2,0.81,21577462.5
2013-04-30,PBCT,12073,0.0067978611336724365,308.4,1.25,4352459.44
2013-04-30,PCLN,86783,0.0065266242000036135,283.4,0.41,34841258.9
2013-04-30,DNR,82196,0.006277746414973192,303.5,1.08,6678337.0
2013-04-30,DHI,77661,0.005864455663409828,299.7,0.96,8404410.4
2013-04-30,AGN,75646,0.005726266525736043,279.4,0.28,33802699.5
2013-04-30,BAX,27887,0.005024107212460111,272.0,0.03,37966519.56
2013-04-30,PNW,27991,0.004728024011181849,294.2,0.77,6695467.8
2013-04-30,TMK,62308,0.004562774442322986,293.9,0.76,5795103.48
2013-04-30,ROP,77338,0.004402631109374439,288.3,0.58,11847743.0
2013-04-30,BEAM,10225,0.004148165045475023,287.9,0.56,10380454.65
2013-04-30,HP,32707,0.003986151860027577,290.1,0.64,6244495.5
2013-04-30,FIS,89003,0.0038599436615062684,284.7,0.46,12301517.25
2013-04-30,CFN,92988,0.003839600471219815,288.3,0.58,7446820.48
2013-04-30,ALL,79323,0.003767128660116713,275.9,0.16,23054369.64
2013-04-30,TWC,91883,0.0037452944736412743,272.5,0.05,27318516.07
2013-04-30,XLNX,76201,0.0032978556448828517,283.1,0.4,9994933.59
2013-04-30,A,87432,0.0032756060878298505,279.6,0.29,14386268.96
2013-04-30,NDAQ,90601,0.003161639198421893,286.2,0.51,4886693.24
2013-04-30,ISRG,88352,0.002879810838084085,273.1,0.07,19770859.09
2013-04-30,SCHW,75186,0.0027765382296948255,271.0,0.0,21702779.2
2013-04-30,ZION,84129,0.0026161860055731972,283.2,0.41,4536235.0
2013-04-30,NYX,91143,0.002590082277005041,279.3,0.28,9419187.0
2013-04-30,CINF,23473,0.001239599925947771,272.3,0.04,7993654.76
2013-04-30,SNA,60206,0.0008428798602692234,272.2,0.04,5023132.6
2013-05-31,AAPL,14593,0.0561626710257492,313.3,1.18,422143298.63
2013-05-31,GOOG,90319,0.041956958399655284,365.4,2.76,236207243.24
2013-05-31,JPM,47896,0.04091340737150722,381.9,3.27,206332512.84
2013-05-31,WFC,38703,0.033551066042094624,327.0,1.59,214768492.85
2013-05-31,C,70519,0.02963289327995544,345.5,2.16,158199591.15
2013-05-31,ORCL,10104,0.02617587137405703,323.8,1.5,156941880.0
2013-05-31,BAC,59408,0.0261505039360925,331.2,1.72,147259949.82
2013-05-31,MA,91233,0.02447312033646181,383.2,3.31,66638274.5
2013-05-31,PFE,21936,0.02311181635488547,275.4,0.02,193148462.29
2013-05-31,MRK,22752,0.022709203067431048,313.5,1.18,141015880.4
2013-05-31,AIG,66800,0.020193319852992806,355.9,2.48,65638298.7
2013-05-31,CSCO,76076,0.020074817481734945,305.7,0.94,128878662.64
2013-05-31,PM,92602,0.01898935722441934,283.1,0.26,148683941.37
2013-05-31,BEN,37584,0.01794165114777144,366.7,2.8,32913999.29
2013-05-31,CELG,11552,0.017253577637679797,347.6,2.22,51577135.3
2013-05-31,UNP,48725,0.017009116667218247,329.9,1.68,72173368.98
2013-05-31,BLK,87267,0.01579090161506734,341.5,2.04,47102158.49
2013-05-31,RF,35044,0.015771727007563758,368.1,2.85,12904141.14
2013-05-31,DFS,92121,0.015617206228425069,359.0,2.57,23251049.25
2013-05-31,ICE,90993,0.015612038224513174,367.4,2.83,12459123.64
2013-05-31,USB,66157,0.015359401887159969,324.8,1.53,64848448.52
2013-05-31,V,92611,0.014998019042763388,301.0,0.8,92268503.7
2013-05-31,GS,86868,0.014932317547144627,314.6,1.22,74314490.4
2013-05-31,STI,68144,0.014196154121738764,354.3,2.43,17334119.48
2013-05-31,BIIB,76841,0.014151938929922026,323.5,1.49,56374191.12
2013-05-31,GILD,77274,0.01382995855482095,300.5,0.79,83101394.88
2013-05-31,AMGN,14008,0.013750339154746185,306.0,0.95,75395187.81
2013-05-31,NBL,61815,0.013466253382168534,346.9,2.2,20674904.2
2013-05-31,FITB,34746,0.013265517565570225,349.3,2.27,15918539.0
2013-05-31,QCOM,77178,0.013109616195336194,275.0,0.01,109682965.8
2013-05-31,NWSA,90441,0.013037322957461062,322.2,1.45,48679466.42
2013-05-31,CMCSA,89525,0.01259828723475981,292.4,0.54,83125082.35
2013-05-31,CMA,25081,0.011744462306048305,346.0,2.17,7370571.56
2013-05-31,CF,90829,0.011727356936511082,342.8,2.08,11321637.07
2013-05-31,MCO,48506,0.011350265525473633,337.6,1.92,14809476.0
2013-05-31,AXP,59176,0.010592819339970506,279.2,0.14,83177958.69
2013-05-31,MON,88668,0.010590236385045594,302.2,0.84,53725758.24
2013-05-31,KLAC,46886,0.01050041871067941,336.3,1.88,9337722.94
2013-05-31,LEN,52708,0.010401722693623522,338.0,1.93,6333783.56
2013-05-31,MTB,35554,0.010390480444047426,332.3,1.76,13533044.1
2013-05-31,ISRG,88352,0.009802088552549382,323.4,1.48,19981302.33
2013-05-31,VRSN,85753,0.009775606472328734,333.3,1.79,7091044.8
2013-05-31,FSLR,91611,0.009682671735057734,334.5,1.82,4775270.26
2013-05-31,APH,84769,0.009057488040955821,324.4,1.51,12450133.8
2013-05-31,SNI,92709,0.008847448339012404,326.8,1.59,7615654.24
2013-05-31,HCBK,87070,0.008764922641146623,328.7,1.65,4491561.5
2013-05-31,TROW,10138,0.008623917987488322,315.9,1.26,19686423.49
2013-05-31,DNR,82196,0.008557837407962883,325.5,1.55,6847577.75
2013-05-31,WYNN,89533,0.008447383712668765,319.4,1.36,13725705.34
2013-05-31,ADBE,75510,0.008408185406333032,313.0,1.17,21585961.32
2013-05-31,MOS,90386,0.007881923286547628,312.3,1.15,18063235.9
2013-05-31,TWX,77418,0.0076389630048180725,282.3,0.23,54410996.38
2013-05-31,PCLN,86783,0.007475741954645763,292.3,0.54,40244735.3
2013-05-31,HBAN,42906,0.007068621696921022,316.0,1.26,6500374.5
2013-05-31,PNC,60442,0.006925465590838427,290.5,0.48,37927935.36
2013-05-31,ADI,60871,0.006837167519232776,308.5,1.03,14154018.45
2013-05-31,STT,72726,0.006825974304799847,295.9,0.65,30182844.96
2013-05-31,VIAB,91063,0.006604684883735978,295.7,0.64,28580841.74
2013-05-31,CME,89626,0.006587793078879748,300.2,0.78,22680875.98
2013-05-31,WDC,66384,0.006553074112939195,306.0,0.95,14967771.56
2013-05-31,LLTC,10299,0.00610241752653171,307.9,1.01,8752893.88
2013-05-31,NDAQ,90601,0.005970594213287838,309.8,1.07,5214903.98
2013-05-31,COF,81055,0.005565280892491576,283.4,0.27,35593051.59
2013-05-31,BAX,27887,0.005466249055513272,280.7,0.18,38216478.04
2013-05-31,FISV,10696,0.005146842228460679,299.4,0.75,11606487.08
2013-05-31,HP,32707,0.004988945520378706,302.3,0.84,6570000.36
2013-05-31,AGN,75646,0.004955165064990856,283.3,0.26,30598547.46
2013-05-31,BBT,71563,0.004549704637472738,286.5,0.36,23099667.72
2013-05-31,PBCT,12073,0.004383273916493063,299.9,0.77,4555860.85
2013-05-31,LIFE,86725,0.003989653378170709,290.9,0.49,12767355.9
2013-05-31,DHI,77661,0.003861202208045359,293.9,0.59,7850131.8
2013-05-31,AFL,57904,0.0036259047270978126,278.2,0.11,25964125.94
2013-05-31,NYX,91143,0.0033143237414750186,288.8,0.43,9784499.22
2013-05-31,LNC,49015,0.0032739345483948513,288.7,0.43,9573354.92
2013-05-31,SYMC,75607,0.00300082262941633,282.2,0.23,15597657.65
2013-05-31,CINF,23473,0.002719926622318786,286.5,0.36,7737060.24
2013-05-31,ALTR,75577,0.0026231157057899513,283.6,0.27,10635050.8
2013-05-31,FIS,89003,0.0025429227461747656,281.1,0.2,13160728.8
2013-05-31,HOG,70033,0.0023552139632575463,280.6,0.18,12224541.06
2013-05-31,A,87432,0.002306036782870047,277.5,0.09,15778376.55
2013-05-31,ZION,84129,0.0018962183725025636,283.1,0.26,5171897.5
2013-05-31,PHM,54148,0.0018499574040689525,280.3,0.17,8366340.9
2013-05-31,WAT,82651,0.0014289963633441647,277.6,0.09,8286886.48
2013-05-31,SNA,60206,0.000632224832323709,274.7,0.0,5308087.57
2013-06-30,AAPL,14593,0.05550318678796014,310.2,1.13,360224506.26
2013-06-30,GOOG,90319,0.04833602741744167,366.9,2.99,241166797.06
2013-06-30,JPM,47896,0.04492195725097878,381.2,3.46,199529096.04
2013-06-30,WFC,38703,0.040205417482369735,336.4,1.99,218581891.49
2013-06-30,C,70519,0.03130724900165076,343.4,2.22,145967193.45
2013-06-30,BAC,59408,0.027617649476401426,327.1,1.69,138635648.22
2013-06-30,MA,91233,0.02581600380117414,376.4,3.31,67134921.0
2013-06-30,ORCL,10104,0.024960237656075173,307.5,1.04,142678660.0
2013-06-30,CSCO,76076,0.02378796688773555,311.0,1.16,130054416.56
2013-06-30,AIG,66800,0.0210789292159236,348.5,2.39,65992621.5
2013-06-30,MRK,22752,0.021047848902130212,285.7,0.33,140260977.4
2013-06-30,CELG,11552,0.018800540152462276,349.7,2.43,48102176.0
2013-06-30,BEN,37584,0.01826353473789615,362.6,2.85,28919076.18
2013-06-30,UNP,48725,0.017923960698988405,324.2,1.59,72014664.12
2013-06-30,BLK,87267,0.017582465368779613,346.3,2.32,43331624.09
2013-06-30,DFS,92121,0.01756055788110589,363.0,2.87,23363847.0
2013-06-30,USB,66157,0.017506808904385968,326.0,1.65,66864558.3
2013-06-30,GS,86868,0.016701682472347216,319.0,1.42,69348881.25
2013-06-30,QCOM,77178,0.01668873440664958,288.7,0.43,105196980.0
2013-06-30,RF,35044,0.016651110777919934,365.8,2.96,13469492.34
2013-06-30,STI,68144,0.016539705372593416,362.1,2.84,17053230.04
2013-06-30,V,92611,0.016395585809726453,295.8,0.66,94656276.25
2013-06-30,FITB,34746,0.015633785247253732,358.0,2.7,15369105.7
2013-06-30,CMA,25081,0.015274434321951864,362.5,2.85,7434030.52
2013-06-30,BIIB,76841,0.015003871403813783,324.0,1.59,51147014.4
2013-06-30,NBL,61815,0.014746790421725553,347.4,2.35,21532025.12
2013-06-30,GILD,77274,0.014521926032665621,298.1,0.74,78386190.3
2013-06-30,ICE,90993,0.014443668906240839,352.8,2.53,12935772.23
2013-06-30,AXP,59176,0.013645467311517265,289.6,0.46,82134251.64
2013-06-30,AMGN,14008,0.013281041053546787,294.0,0.6,74281114.0
2013-06-30,MTB,35554,0.012564219872274919,340.1,2.11,14416755.75
2013-06-30,NWSA,90441,0.012372286758287922,309.4,1.11,49445721.18
2013-06-30,MCO,48506,0.012333739195256373,339.4,2.09,13581297.0
2013-06-30,PCLN,86783,0.01107598282137597,307.3,1.04,42567717.28
2013-06-30,CF,90829,0.010729010672920834,332.5,1.86,10167892.0
2013-06-30,HBAN,42906,0.010668737147405927,335.2,1.95,6529542.25
2013-06-30,KLAC,46886,0.010187510127390068,330.0,1.78,9219692.55
2013-06-30,ISRG,88352,0.009985133797392163,319.6,1.44,20093440.0
2013-06-30,DNR,82196,0.009970244835264548,331.0,1.82,6463217.8
2013-06-30,PNC,60442,0.009822052948420257,303.0,0.9,38605598.08
2013-06-30,FSLR,91611,0.009763351097838586,331.5,1.83,4374800.3
2013-06-30,CME,89626,0.009649742209988342,313.2,1.23,25261045.95
2013-06-30,HCBK,87070,0.008926181991591809,326.0,1.65,4848244.32
2013-06-30,APH,84769,0.008873230136046545,319.3,1.43,12413036.16
2013-06-30,SNI,92709,0.008643206230110445,322.0,1.52,7547818.84
2013-06-30,WYNN,89533,0.008026780250314615,313.7,1.25,12938022.94
2013-06-30,TROW,10138,0.007803706876873106,307.2,1.03,19036026.0
2013-06-30,STT,72726,0.0077584385668087235,297.9,0.73,29740455.12
2013-06-30,VRSN,85753,0.007701646230647284,317.2,1.36,6436443.86
2013-06-30,VIAB,91063,0.007548797327448694,297.2,0.71,29055613.0
2013-06-30,MON,88668,0.007543815811106226,277.2,0.05,52743490.8
2013-06-30,HP,32707,0.007254622903645734,314.3,1.27,6645554.3
2013-06-30,WDC,66384,0.007091005980238192,306.5,1.01,14715330.0
2013-06-30,LEN,52708,0.006301356719185317,309.2,1.1,5805431.32
2013-06-30,PBCT,12073,0.006284579634148962,310.0,1.13,4735220.0
2013-06-30,COF,81055,0.006258318538886559,282.9,0.24,36691278.03
2013-06-30,BBT,71563,0.00616143997706951,293.2,0.57,23773291.08
2013-06-30,NDAQ,90601,0.006125471085366778,308.4,1.07,5483176.59
2013-06-30,ADBE,75510,0.006103909239236144,293.6,0.59,22883011.16
2013-06-30,ITW,56573,0.005508927656815408,283.0,0.24,31156450.61
2013-06-30,LLTC,10299,0.005061075036386219,299.3,0.77,8584641.0
2013-06-30,ZION,84129,0.0046441269546823385,299.5,0.78,5333918.04
2013-06-30,HOG,70033,0.004375281724907319,292.0,0.54,12287299.98
2013-06-30,ADI,60871,0.004038449969647848,288.6,0.42,13885914.9
2013-06-30,SCHW,75186,0.0039567573977294015,276.9,0.04,27173954.17
2013-06-30,A,87432,0.003941850132180714,287.3,0.38,14729793.76
2013-06-30,VFC,43553,0.003762624212709313,280.8,0.17,21144703.44
2013-06-30,LIFE,86725,0.0034578073113487543,286.0,0.34,12773436.0
2013-06-30,ROK,84381,0.0034283044334752814,286.8,0.36,11611249.26
2013-06-30,FIS,89003,0.0033129637837013668,285.3,0.32,12556918.08
2013-06-30,WAT,82651,0.0032869502066113416,288.5,0.42,8573084.4
2013-06-30,MOS,90386,0.0032615712982736224,282.1,0.21,15981300.95
2013-06-30,LNC,49015,0.002864593627966561,284.9,0.3,9790809.14
2013-06-30,NYX,91143,0.0026076716097637453,283.1,0.24,10069059.6
2013-06-30,ALTR,75577,0.002541940451815634,282.3,0.22,10542944.2
2013-06-30,ROP,77338,0.002506041610461326,280.6,0.16,12300015.96
2013-06-30,XLNX,76201,0.0023128769316499154,280.9,0.17,10548063.78
2013-06-30,MSI,22779,0.0022355361454098233,276.1,0.01,15682816.34
2013-06-30,DNB,88590,0.0017366984844633504,283.0,0.24,3892737.7
2013-06-30,ORLY,79103,0.0016966983008317033,275.7,0.0,12262853.94
2013-06-30,PHM,54148,0.0015094674958613568,278.7,0.1,7351064.7
2013-06-30,HRB,49373,0.0014081089088504287,277.9,0.07,7567452.75
2013-06-30,FOSL,79089,0.0012670121705052055,278.4,0.09,5954581.78
2013-07-31,AAPL,14593,0.059357337217148635,308.5,1.05,411122147.41
2013-07-31,GOOG,90319,0.04560440106438553,359.9,2.72,243188459.5
2013-07-31,JPM,47896,0.04411329989210876,377.1,3.28,210641343.48
2013-07-31,WFC,38703,0.04048154700165643,338.7,2.03,230392834.5
2013-07-31,C,70519,0.03158303425699111,342.1,2.14,158557740.0
2013-07-31,BAC,59408,0.02921666880496904,328.9,1.72,156849230.8
2013-07-31,MA,91233,0.025639163071786045,376.6,3.26,70827095.18
2013-07-31,CSCO,76076,0.025069879194427824,318.7,1.39,137906992.23
2013-07-31,ORCL,10104,0.022790156403996155,295.0,0.62,149806606.45
2013-07-31,AIG,66800,0.02144512784819258,353.7,2.52,67188460.95
2013-07-31,MRK,22752,0.019735334862370748,279.7,0.12,145454710.04
2013-07-31,CELG,11552,0.018361804628741794,340.2,2.08,60399993.36
2013-07-31,USB,66157,0.017485119577033036,327.8,1.68,69028639.44
2013-07-31,UNP,48725,0.016913220371024888,320.6,1.45,73561019.96
2013-07-31,ICE,90993,0.01690012298300259,369.4,3.03,13277068.95
2013-07-31,RF,35044,0.01681999401558324,368.2,2.99,14147913.78
2013-07-31,BLK,87267,0.016797226092052447,340.6,2.1,48013556.9
2013-07-31,DFS,92121,0.0167469585250893,359.8,2.72,23952343.88
2013-07-31,STI,68144,0.016726419053733173,363.9,2.85,18739737.87
2013-07-31,CMA,25081,0.016188579805946953,369.4,3.03,7868283.48
2013-07-31,GS,86868,0.015734673103423198,312.0,1.17,75208575.15
2013-07-31,GILD,77274,0.01559206220200854,295.9,0.65,93980436.4
2013-07-31,V,92611,0.01522769739232129,296.0,0.65,91087393.74
2013-07-31,QCOM,77178,0.0148130594563641,277.5,0.05,110751333.41
2013-07-31,NBL,61815,0.014810975026002744,349.1,2.37,22432160.28
2013-07-31,FITB,34746,0.014788594914648704,353.3,2.51,17082234.0
2013-07-31,BIIB,76841,0.01360191656554118,317.8,1.36,51843393.36
2013-07-31,BEN,37584,0.013494638209880375,334.0,1.88,31048673.76
2013-07-31,MTB,35554,0.013298616506661356,345.7,2.26,15129163.04
2013-07-31,AXP,59176,0.01317948699153364,292.7,0.54,79587797.28
2013-07-31,HBAN,42906,0.012906723882116203,349.8,2.39,7093721.25
2013-07-31,CME,89626,0.012667143221995832,334.0,1.88,24758482.23
2013-07-31,PCLN,86783,0.012518909483180981,316.6,1.32,45090874.28
2013-07-31,PNC,60442,0.01199685994235925,317.2,1.34,40382550.0
2013-07-31,FOXA,90441,0.011806419360811683,312.0,1.17,45348009.48
2013-07-31,ISRG,88352,0.011177400160882174,332.4,1.83,15407480.0
2013-07-31,MCO,48506,0.010839629438295655,330.7,1.77,14936508.0
2013-07-31,HCBK,87070,0.010626623807111718,337.4,1.99,5054327.73
2013-07-31,SNI,92709,0.01054378819254509,334.5,1.9,8001185.43
2013-07-31,CF,90829,0.009916740429858167,327.7,1.68,11621040.29
2013-07-31,FSLR,91611,0.009360824176019935,329.8,1.75,4805348.6
2013-07-31,KLAC,46886,0.009309306053017075,325.5,1.61,9716867.16
2013-07-31,PBCT,12073,0.008989152367939473,327.5,1.67,4816650.0
2013-07-31,WYNN,89533,0.008828231934954267,319.5,1.41,13459709.26
2013-07-31,VIAB,91063,0.008489032787537308,303.2,0.88,30983865.06
2013-07-31,DNR,82196,0.008452058692572255,322.8,1.52,6530387.5
2013-07-31,STT,72726,0.008333459579787985,301.6,0.83,31774536.24
2013-07-31,TROW,10138,0.008107314083669118,310.1,1.11,19572557.4
2013-07-31,APH,84769,0.007519155992618483,312.2,1.17,12511779.84
2013-07-31,MON,88668,0.007349490975934012,278.6,0.08,52660507.02
2013-07-31,NDAQ,90601,0.007267838490698813,316.4,1.31,5421589.2
2013-07-31,HOG,70033,0.006930600238127733,308.4,1.05,12724371.03
2013-07-31,BBT,71563,0.006659083065538353,296.7,0.67,25089891.55
2013-07-31,COF,81055,0.006624944203125334,284.1,0.26,40369798.0
2013-07-31,HP,32707,0.006465897306251882,310.4,1.12,6725364.8
2013-07-31,VRSN,85753,0.006452333234391824,310.2,1.11,6868915.04
2013-07-31,ZION,84129,0.006397994701767545,311.0,1.14,5469232.08
2013-07-31,WDC,66384,0.006258009556126519,302.2,0.85,15258060.0
2013-07-31,WAT,82651,0.006053807669628194,306.3,0.98,8649346.72
2013-07-31,IGT,45277,0.005710917868229071,307.3,1.02,4809588.0
2013-07-31,PCP,63830,0.005055848643092606,280.9,0.16,32388857.6
2013-07-31,ITW,56573,0.004674403173481414,278.5,0.08,32449193.32
2013-07-31,FIS,89003,0.004600837722898409,294.1,0.59,12650713.92
2013-07-31,SCHW,75186,0.0045632955426557495,281.2,0.17,28274736.11
2013-07-31,COH,88661,0.004543633154989187,291.9,0.52,14929104.96
2013-07-31,TWC,91883,0.004366271224682657,276.0,0.0,33190149.41
2013-07-31,LIFE,86725,0.003852312374901351,289.3,0.43,12880585.2
2013-07-31,LLTC,10299,0.0036291033817597807,290.7,0.48,9457263.78
2013-07-31,ADBE,75510,0.0036269341316417687,279.1,0.1,23746900.08
2013-07-31,A,87432,0.003519660411807996,285.2,0.3,15408411.48
2013-07-31,LNC,49015,0.003402351002770694,287.9,0.39,11186811.54
2013-07-31,CA,25778,0.0033401309956299793,285.6,0.31,13550406.46
2013-07-31,NYX,91143,0.0029551380846548994,285.9,0.32,10253902.24
2013-07-31,FISV,10696,0.0025069152609204248,281.3,0.17,12519861.6
2013-07-31,ROP,77338,0.002468210767698412,281.1,0.17,12472307.28
2013-07-31,XLNX,76201,0.00244687515887635,281.0,0.16,12433453.62
2013-07-31,FOSL,79089,0.002390844198495663,285.6,0.31,6334416.2
2013-07-31,ORLY,79103,0.0023140289493903616,279.2,0.1,13643541.1
2013-07-31,ADI,60871,0.002164112976928087,277.0,0.03,15217187.7
2013-07-31,MSI,22779,0.002079864596623488,277.0,0.03,14576774.82
2013-07-31,ALTR,75577,0.002046126140776505,279.4,0.11,11360424.32
2013-07-31,NVDA,86580,0.0011960864235993748,276.6,0.02,8352062.13
2013-07-31,CFN,92988,0.0011802097460075402,276.4,0.01,8478033.13
2013-08-31,AAPL,14593,0.06237563378104828,308.4,0.97,442634274.35
2013-08-31,GOOG,90319,0.03981768509370169,342.9,1.93,231998097.68
2013-08-31,WFC,38703,0.03920349007398817,351.4,2.17,218125844.56
2013-08-31,JPM,47896,0.03916952612227017,377.1,2.89,190204924.94
2013-08-31,C,70519,0.03014857237720848,352.8,2.21,146972786.58
2013-08-31,V,92611,0.027508957110339426,387.1,3.17,89754613.38
2013-08-31,BAC,59408,0.025528997135999414,315.4,1.16,151692953.24
2013-08-31,MA,91233,0.025469563861180336,390.6,3.27,70301645.84
2013-08-31,PFE,21936,0.0244489464320915,275.1,0.03,186758663.0
2013-08-31,ORCL,10104,0.022651960533905165,298.7,0.69,147537511.02
2013-08-31,CSCO,76076,0.021859304287892293,313.4,1.11,125619851.07
2013-08-31,GS,86868,0.020314775530079397,355.6,2.29,68322191.52
2013-08-31,CELG,11552,0.019294707903887515,358.3,2.36,57570414.48
2013-08-31,AIG,66800,0.019006462759140794,346.0,2.02,68591267.46
2013-08-31,FOXA,90441,0.018482239870255115,361.8,2.46,47554397.15
2013-08-31,BLK,87267,0.01724132438012795,356.5,2.31,43713977.36
2013-08-31,UNP,48725,0.016563509373717533,326.1,1.46,71218603.12
2013-08-31,QCOM,77178,0.016377426846513502,285.3,0.32,113698435.28
2013-08-31,RF,35044,0.015782513187666155,374.5,2.82,13120924.2
2013-08-31,USB,66157,0.015580068623487518,323.5,1.39,66452680.58
2013-08-31,CMA,25081,0.01543652353709936,377.2,2.89,7553848.08
2013-08-31,PCLN,86783,0.015435408604848228,339.3,1.83,48335235.08
2013-08-31,GILD,77274,0.015254088941902692,297.2,0.65,92250829.02
2013-08-31,NBL,61815,0.014299008474833065,355.6,2.29,22051649.96
2013-08-31,STI,68144,0.013991576982003567,357.9,2.35,17211646.56
2013-08-31,ICE,90993,0.013861979366368838,360.8,2.43,13093709.0
2013-08-31,BEN,37584,0.013453046394171424,342.8,1.93,29320924.32
2013-08-31,CMCSA,89525,0.013382221035244427,288.6,0.41,87109043.1
2013-08-31,DFS,92121,0.013200602746068294,347.0,2.05,22858983.0
2013-08-31,MTB,35554,0.012900425471024308,352.4,2.2,14738393.58
2013-08-31,MCO,48506,0.012735582676132904,351.9,2.18,14008624.0
2013-08-31,FITB,34746,0.01271769256612607,349.7,2.12,16238776.5
2013-08-31,BIIB,76841,0.012375372966568488,315.3,1.16,50628889.44
2013-08-31,HBAN,42906,0.011579234247363826,350.3,2.14,6836522.0
2013-08-31,CME,89626,0.010786587869528836,328.9,1.54,23771646.34
2013-08-31,AMGN,14008,0.010670236632646943,273.9,0.0,82070602.64
2013-08-31,HP,32707,0.010485748024384529,342.6,1.92,6713066.56
2013-08-31,STT,72726,0.010459112982799654,321.0,1.32,29755251.84
2013-08-31,PNC,60442,0.010423258836319407,312.7,1.09,38412372.24
2013-08-31,TWX,77418,0.009702862842439808,291.5,0.49,55687963.18
2013-08-31,VIAB,91063,0.00952548994086657,310.5,1.02,33874897.68
2013-08-31,CF,90829,0.009337412603102807,330.5,1.58,10903246.22
2013-08-31,PXD,75241,0.008804754316674008,314.3,1.13,24241568.59
2013-08-31,ISRG,88352,0.008670032624582873,321.6,1.33,15348708.8
2013-08-31,COF,81055,0.008480506517775861,299.4,0.71,37783761.55
2013-08-31,PBCT,12073,0.008345600810830816,329.3,1.55,4566184.2
2013-08-31,SNI,92709,0.008216740368115599,325.0,1.43,8202933.27
2013-08-31,VRSN,85753,0.008060093571289624,325.1,1.43,6890452.19
2013-08-31,TROW,10138,0.0076334413436508,311.5,1.05,18245868.9
2013-08-31,BBT,71563,0.007333534780533125,304.1,0.85,23903391.24
2013-08-31,FSLR,91611,0.007126683847820861,321.5,1.33,3585597.84
2013-08-31,HCBK,87070,0.007095977341998128,320.1,1.29,4856170.61
2013-08-31,AFL,57904,0.006866676202252118,298.0,0.67,26877666.68
2013-08-31,HOG,70033,0.006441035952002057,307.5,0.94,13379438.7
2013-08-31,ZION,84129,0.006380015475197579,314.7,1.14,5161080.34
2013-08-31,IGT,45277,0.006111643212955339,313.0,1.09,4926512.0
2013-08-31,KLAC,46886,0.006099759847182465,309.0,0.98,9140119.8
2013-08-31,WYNN,89533,0.005995738813593988,303.5,0.83,14259425.07
2013-08-31,A,87432,0.005349125663969962,297.2,0.65,16066360.64
2013-08-31,PCP,63830,0.00534025846851915,283.5,0.27,30742814.86
2013-08-31,APH,84769,0.0053179127018414835,300.7,0.75,12059401.66
2013-08-31,ADBE,75510,0.005125665400331908,289.2,0.43,22957624.5
2013-08-31,NYX,91143,0.005113768954857716,301.0,0.76,10166345.2
2013-08-31,NDAQ,90601,0.004763462014979595,303.3,0.82,4996563.38
2013-08-31,ORLY,79103,0.004628355939533644,294.6,0.58,13320784.05
2013-08-31,SCHW,75186,0.004523560364988794,281.3,0.21,26828899.92
2013-08-31,FISV,10696,0.004370813748307981,293.5,0.55,12523764.3
2013-08-31,CMG,91068,0.00436670670696631,293.4,0.55,12599800.04
2013-08-31,ADI,60871,0.004346140986875271,291.6,0.5,14378872.04
2013-08-31,CA,25778,0.004013505982548914,290.2,0.46,13327148.25
2013-08-31,HES,28484,0.003859523584687664,277.6,0.1,25703564.85
2013-08-31,WAT,82651,0.0035299267372824188,291.3,0.49,8423799.3
2013-08-31,FIS,89003,0.0034375709854805253,286.4,0.35,12987077.22
2013-08-31,CFN,92988,0.003056125283686037,288.6,0.41,7685415.45
2013-08-31,AMP,90880,0.002929666925071306,279.0,0.14,17044777.5
2013-08-31,LNC,49015,0.00291488064871787,284.4,0.29,11119285.72
2013-08-31,EW,87657,0.002482569934089072,284.3,0.29,7901773.74
2013-08-31,DOV,25953,0.002376965519883983,277.4,0.1,14515653.6
2013-08-31,DNB,88590,0.0021809082319121094,285.9,0.34,3859525.56
2013-08-31,DNR,82196,0.0020836248819075223,282.8,0.25,6447648.48
2013-08-31,HRB,49373,0.0020130468702131915,281.2,0.2,7626798.24
2013-08-31,MSI,22779,0.001963940076665375,274.1,0.01,14890482.54
2013-08-31,ROK,84381,0.0019628261694645947,275.4,0.04,13482786.87
2013-08-31,CINF,23473,0.001447773164417952,277.3,0.1,7476354.24
2013-09-30,AAPL,14593,0.05929025235178101,307.4,0.97,428699797.75
2013-09-30,WFC,38703,0.03946358567364764,350.2,2.32,219400192.24
2013-09-30,GOOG,90319,0.03805676825848888,322.8,1.46,242347646.41
2013-09-30,JPM,47896,0.037430538056830616,357.3,2.55,194571394.62
2013-09-30,MSFT,10107,0.03708092202581138,288.1,0.36,277754880.0
2013-09-30,C,70519,0.029469453881819516,344.7,2.15,147520171.26
2013-09-30,V,92611,0.029326976772674204,383.4,3.37,98337963.05
2013-09-30,MA,91233,0.02697023019023683,384.8,3.41,78038446.8
2013-09-30,BAC,59408,0.024564196316076814,313.0,1.15,148255152.6
2013-09-30,ORCL,10104,0.02286876178348993,299.9,0.73,151170915.03
2013-09-30,AIG,66800,0.022598044971863403,362.1,2.7,71794949.13
2013-09-30,FOXA,90441,0.020406683675918972,365.7,2.81,50065850.07
2013-09-30,CELG,11552,0.02031680385333769,354.3,2.45,63515229.47
2013-09-30,CSCO,76076,0.01975143799868582,300.7,0.76,125626478.05
2013-09-30,GS,86868,0.0196654941221918,344.1,2.13,71052748.33
2013-09-30,UNP,48725,0.018199958881537675,334.0,1.81,72053526.96
2013-09-30,BLK,87267,0.017832961089717245,353.1,2.41,45443592.88
2013-09-30,PCLN,86783,0.01733984895196669,345.0,2.16,51619107.51
2013-09-30,QCOM,77178,0.016957636584870775,292.8,0.51,113434200.0
2013-09-30,ICE,90993,0.016610671537338362,371.3,2.99,13215358.48
2013-09-30,CMA,25081,0.016155475746269563,373.2,3.05,7270856.22
2013-09-30,RF,35044,0.015548922327735571,364.8,2.78,12925506.18
2013-09-30,USB,66157,0.015528231524517166,320.9,1.4,67280350.28
2013-09-30,GILD,77274,0.015289191946391998,295.9,0.61,96444340.36
2013-09-30,NBL,61815,0.014990989434820991,352.3,2.39,24054713.72
2013-09-30,DFS,92121,0.013716717267071046,343.9,2.12,24450645.52
2013-09-30,FITB,34746,0.012897385018620438,345.5,2.17,16010891.5
2013-09-30,BIIB,76841,0.012535022589493265,310.3,1.06,56870639.52
2013-09-30,AMGN,14008,0.01215183719394985,285.7,0.29,84402642.5
2013-09-30,MCO,48506,0.01213879886555855,341.1,2.03,15500732.0
2013-09-30,BEN,37584,0.012118937001799987,327.6,1.61,32109461.1
2013-09-30,MTB,35554,0.012050092734682818,341.3,2.04,14553741.04
2013-09-30,HBAN,42906,0.011262029704494083,342.5,2.08,6856997.7
2013-09-30,HP,32707,0.011134444391845381,341.3,2.04,7342416.55
2013-09-30,STT,72726,0.010882056454420029,322.0,1.43,29322659.0
2013-09-30,SNI,92709,0.010662079166966236,337.2,1.91,8713873.49
2013-09-30,CME,89626,0.010428686472248216,322.9,1.46,24634399.44
2013-09-30,STI,68144,0.01028614434968758,327.8,1.61,17426657.76
2013-09-30,PNC,60442,0.010187688085554326,310.2,1.06,38508044.4
2013-09-30,VIAB,91063,0.010012881876052643,313.3,1.16,33281556.0
2013-09-30,PXD,75241,0.009904355391363731,318.3,1.32,26217523.2
2013-09-30,CF,90829,0.00944919153900286,326.8,1.58,12076974.89
2013-09-30,KLAC,46886,0.008667196460404914,323.4,1.48,10140591.65
2013-09-30,ISRG,88352,0.008632226285365929,319.8,1.36,14335886.62
2013-09-30,HOG,70033,0.008568366613631013,319.4,1.35,14329695.6
2013-09-30,VRSN,85753,0.008505611711542191,324.9,1.52,7005212.06
2013-09-30,PBCT,12073,0.008492347045734039,326.8,1.58,4541204.0
2013-09-30,TWX,77418,0.008476116130212364,281.6,0.16,60545594.86
2013-09-30,COF,81055,0.007899961546334162,294.3,0.56,40236340.34
2013-09-30,APH,84769,0.006783101145895772,309.7,1.04,12315646.04
2013-09-30,FSLR,91611,0.0067204440524804305,316.0,1.24,3998442.19
2013-09-30,IGT,45277,0.006540009589683626,314.1,1.18,4936944.0
2013-09-30,BBT,71563,0.006359232531458088,297.8,0.67,23755578.75
2013-09-30,TROW,10138,0.006040867732561724,299.8,0.73,18764522.96
2013-09-30,WYNN,89533,0.005718946821548786,300.0,0.74,15980814.37
2013-09-30,CSX,62148,0.005679357981120999,291.5,0.47,26224864.38
2013-09-30,NYX,91143,0.005506578042468628,303.3,0.84,10210123.72
2013-09-30,CA,25778,0.0054828400944659595,300.7,0.76,13252016.49
2013-09-30,AFL,57904,0.005316465998941503,287.1,0.33,28831053.08
2013-09-30,ZION,84129,0.0052628460859577685,305.9,0.92,5061732.0
2013-09-30,ORLY,79103,0.005071397941321775,297.7,0.67,13737232.53
2013-09-30,HCBK,87070,0.004832538156147287,303.4,0.85,4777436.18
2013-09-30,FIS,89003,0.004828828452428818,296.3,0.62,13565449.08
2013-09-30,FISV,10696,0.00476538173048076,296.3,0.62,13065765.0
2013-09-30,PCP,63830,0.0046880140772021205,279.7,0.1,33071374.86
2013-09-30,LO,17279,0.004617436727878523,292.4,0.5,16743868.92
2013-09-30,SCHW,75186,0.004316244470125359,282.1,0.17,27162976.26
2013-09-30,ADBE,75510,0.003864423175842809,280.2,0.11,25964130.78
2013-09-30,NDAQ,90601,0.003363157990631638,293.6,0.54,5375374.55
2013-09-30,ROK,84381,0.0033493865689943766,285.9,0.29,14829262.86
2013-09-30,A,87432,0.0031144680947980106,282.7,0.19,16953090.0
2013-09-30,WAT,82651,0.0028049205279391536,287.1,0.33,9051003.78
2013-09-30,DNB,88590,0.0027822343232887185,291.0,0.45,4029068.45
2013-09-30,LNC,49015,0.002561270093438261,283.9,0.23,11106061.07
2013-09-30,CMG,91068,0.0025164436585229663,281.9,0.17,13236750.37
2013-09-30,NVDA,86580,0.002420381939977926,284.7,0.26,9002984.88
2013-09-30,AMP,90880,0.002366930120815782,277.1,0.02,18020178.0
2013-09-30,EW,87657,0.0021437181821823523,283.9,0.23,7817568.99
2013-09-30,DOV,25953,0.0020097660637692894,277.0,0.01,15331465.76
2013-09-30,LLTC,10299,0.0019031234294432122,281.2,0.15,9275760.12
2013-09-30,DNR,82196,0.0015497545374360663,280.9,0.14,6865309.92
2013-09-30,CINF,23473,0.001123960389216425,277.5,0.03,7734240.0
2013-09-30,FOSL,79089,0.0008213174174789655,276.6,0.0,6468407.28
2013-10-31,AAPL,14593,0.06167438619426577,307.0,0.95,470294879.07
2013-10-31,GOOG,90319,0.04418519835363325,338.5,1.93,285184147.69
2013-10-31,WFC,38703,0.03729211085536295,340.9,2.01,225134253.0
2013-10-31,MSFT,10107,0.03684602707298732,283.4,0.22,295559807.04
2013-10-31,JPM,47896,0.03354057022587892,341.2,2.02,193749168.0
2013-10-31,V,92611,0.028984639030407724,384.8,3.38,99908360.0
2013-10-31,MA,91233,0.02755277673717773,388.6,3.5,83179295.08
2013-10-31,C,70519,0.02422287767695781,317.0,1.26,147949740.0
2013-10-31,ORCL,10104,0.022517323934389415,302.4,0.81,152674876.5
2013-10-31,BAC,59408,0.022307270297468207,303.9,0.85,149005891.98
2013-10-31,AIG,66800,0.021276819725493674,353.9,2.41,76046670.9
2013-10-31,FOXA,90441,0.020544376962584446,368.7,2.88,50918956.62
2013-10-31,CSCO,76076,0.02044370264981982,313.9,1.17,120718560.0
2013-10-31,CELG,11552,0.019821774150746593,356.1,2.48,61188278.42
2013-10-31,PCLN,86783,0.017727555480413017,348.4,2.24,53808557.76
2013-10-31,QCOM,77178,0.01711888455364377,295.4,0.59,117090650.0
2013-10-31,GS,86868,0.016979195296600025,329.3,1.65,72242869.44
2013-10-31,BLK,87267,0.016462626841316073,342.5,2.06,50961124.53
2013-10-31,RF,35044,0.01619076361835535,370.0,2.92,13270140.0
2013-10-31,GILD,77274,0.01607820454011618,294.9,0.57,109136115.08
2013-10-31,VRSN,85753,0.01589064563770196,372.6,3.0,7439182.56
2013-10-31,ICE,90993,0.015535104456979943,365.2,2.77,14039224.12
2013-10-31,UNP,48725,0.01511522819699067,319.3,1.34,69730141.99
2013-10-31,NBL,61815,0.015097427635075196,352.4,2.37,26920625.61
2013-10-31,USB,66157,0.01506870728381378,320.0,1.36,68443520.0
2013-10-31,CMA,25081,0.014919328811846757,366.0,2.79,7920046.3
2013-10-31,DFS,92121,0.014066962094773467,347.4,2.21,24850520.0
2013-10-31,BIIB,76841,0.013781768954971364,320.1,1.36,57680852.47
2013-10-31,FITB,34746,0.012594080221999666,344.2,2.11,16804783.26
2013-10-31,BEN,37584,0.012314164568658153,328.9,1.63,34211979.72
2013-10-31,HBAN,42906,0.012115555815794469,348.5,2.25,7308558.4
2013-10-31,MCO,48506,0.011495015121575988,338.4,1.93,15198966.0
2013-10-31,HP,32707,0.011372560290457943,343.0,2.07,8258221.95
2013-10-31,CME,89626,0.010904781648216441,327.1,1.58,24886471.92
2013-10-31,SNI,92709,0.010867223200772871,339.2,1.96,8980499.5
2013-10-31,AMGN,14008,0.010833736496333747,278.0,0.05,87584193.64
2013-10-31,KLAC,46886,0.010495073553939846,335.3,1.83,10932174.4
2013-10-31,PNC,60442,0.010490109100258757,313.4,1.15,39117960.0
2013-10-31,CF,90829,0.010401512495565438,333.6,1.78,12350215.37
2013-10-31,VIAB,91063,0.010284547131999455,316.7,1.25,33166078.0
2013-10-31,STI,68144,0.009816241276898386,325.4,1.53,18083148.36
2013-10-31,TWX,77418,0.009572317884088135,288.8,0.38,63241212.44
2013-10-31,PXD,75241,0.009431388744046705,314.9,1.2,28436569.92
2013-10-31,MU,53613,0.009394845828897503,322.3,1.43,18596796.4
2013-10-31,STT,72726,0.009350626162410985,312.2,1.11,31249258.04
2013-10-31,CA,25778,0.008192418865532599,317.9,1.29,14332462.24
2013-10-31,ISRG,88352,0.008184818979726444,318.0,1.29,14140776.0
2013-10-31,BBT,71563,0.007967638330504413,309.0,1.01,23946302.25
2013-10-31,MTB,35554,0.007373649717104556,312.4,1.12,14656019.73
2013-10-31,MON,88668,0.007064406299695764,279.0,0.08,55149889.44
2013-10-31,HOG,70033,0.0068919945996240494,309.6,1.03,14285082.6
2013-10-31,PBCT,12073,0.006747865575390509,316.2,1.24,4587457.44
2013-10-31,WU,91461,0.006299771968386655,309.6,1.03,9391636.0
2013-10-31,CMG,91068,0.006247516362905279,303.9,0.85,16306558.75
2013-10-31,A,87432,0.00624375072082438,303.5,0.84,16791001.92
2013-10-31,FSLR,91611,0.006158541127095944,312.1,1.11,5002428.64
2013-10-31,WYNN,89533,0.0061533073084290065,302.9,0.82,16817018.75
2013-10-31,COF,81055,0.006131513022779429,284.8,0.26,39965940.0
2013-10-31,IGT,45277,0.0059749273043508844,311.0,1.08,4903040.0
2013-10-31,NVDA,86580,0.0058338925870511345,307.2,0.96,8635493.3
2013-10-31,CSX,62148,0.005490007235323834,291.2,0.46,26416344.44
2013-10-31,NYX,91143,0.005398164928909996,302.8,0.82,10706280.28
2013-10-31,APH,84769,0.005118633240166569,299.4,0.71,12778795.82
2013-10-31,LO,17279,0.004863444246834688,293.1,0.52,18790247.64
2013-10-31,WAT,82651,0.004410141703216989,298.1,0.67,8600200.56
2013-10-31,AFL,57904,0.004177153323331801,279.8,0.1,30261835.8
2013-10-31,TROW,10138,0.004160155066835359,287.5,0.34,20196888.28
2013-10-31,ORLY,79103,0.004124662324269242,292.6,0.5,13330251.27
2013-10-31,FISV,10696,0.004005655726615115,291.7,0.47,13506923.37
2013-10-31,ROK,84381,0.003584378594055279,287.6,0.35,15310444.29
2013-10-31,SCHW,75186,0.0035221733242467228,276.5,0.0,29103188.85
2013-10-31,FIS,89003,0.003501651752063362,287.9,0.36,14240216.25
2013-10-31,NDAQ,90601,0.003214331944948759,292.5,0.5,5937217.68
2013-10-31,DNR,82196,0.0029628621718334313,290.0,0.42,7081598.88
2013-10-31,SNDK,82618,0.0028045878038873745,282.3,0.18,15698295.05
2013-10-31,DOV,25953,0.0021421335448690714,278.1,0.05,15637895.14
2013-10-31,LNC,49015,0.0020775166861717407,280.5,0.12,12010627.13
2013-10-31,EW,87657,0.002024484629916546,283.8,0.23,7319076.87
2013-10-31,ZION,84129,0.0017887252386220897,283.9,0.23,5242142.92
2013-10-31,DNB,88590,0.001774300358707715,284.6,0.25,4220725.63
2013-10-31,LLTC,10299,0.0017122557171861444,280.0,0.11,9636978.26
2013-10-31,CFN,92988,0.0016738876093196648,280.8,0.13,8288832.15
2013-10-31,HCBK,87070,0.001026643247581898,279.4,0.09,4745202.62
2013-11-30,AAPL,14593,0.05667046597920898,291.9,0.52,500317318.66
2013-11-30,GOOG,90319,0.04485991185240078,366.7,2.63,293211855.68
2013-11-30,MSFT,10107,0.038678500894818925,303.8,0.85,318308019.84
2013-11-30,WFC,38703,0.03623631300265616,352.6,2.23,231879707.98
2013-11-30,C,70519,0.02705048639012692,342.2,1.94,160506412.92
2013-11-30,PFE,21936,0.026019131597347953,300.4,0.76,205644382.83
2013-11-30,JPM,47896,0.02599496115519564,293.0,0.55,215100794.58
2013-11-30,MA,91233,0.025643530939273435,387.6,3.22,88102558.81
2013-11-30,BAC,59408,0.023740661474934317,312.5,1.1,168738239.88
2013-11-30,AIG,66800,0.022383517252031936,375.9,2.89,73249213.5
2013-11-30,ORCL,10104,0.021090284966902996,299.8,0.74,160832728.11
2013-11-30,V,92611,0.02047422314282662,339.6,1.87,103070806.47
2013-11-30,PCLN,86783,0.018987012321483147,361.0,2.47,61319145.18
2013-11-30,CELG,11552,0.01723125881186602,344.5,2.01,66660563.9
2013-11-30,VRSN,85753,0.01706126711151227,388.3,3.24,7792776.72
2013-11-30,GS,86868,0.017057970300644692,335.7,1.76,76568845.14
2013-11-30,ICE,90993,0.01665113947995941,372.6,2.8,24536027.29
2013-11-30,CMA,25081,0.01654994657390762,384.3,3.13,8295013.85
2013-11-30,BLK,87267,0.01618657391678503,349.4,2.14,50586497.5
2013-11-30,QCOM,77178,0.016081627191062955,292.3,0.53,124308700.88
2013-11-30,GILD,77274,0.01594899645446529,298.7,0.71,114709838.69
2013-11-30,FITB,34746,0.01540071496311242,368.8,2.69,17939227.52
2013-11-30,USB,66157,0.014869433683186304,324.0,1.43,71627682.1
2013-11-30,RF,35044,0.014514498671301538,366.0,2.61,13403590.69
2013-11-30,CSCO,76076,0.013950059950061705,285.4,0.33,113615632.5
2013-11-30,VIAB,91063,0.013772649740457764,346.8,2.07,31656487.39
2013-11-30,HBAN,42906,0.013606055899227977,364.0,2.56,7615850.06
2013-11-30,BIIB,76841,0.013043290840664464,313.3,1.12,68730896.61
2013-11-30,DFS,92121,0.012999043670201603,346.1,2.05,25415572.0
2013-11-30,UNP,48725,0.012846754586438119,307.4,0.96,74630596.15
2013-11-30,AMGN,14008,0.012467079910058881,296.0,0.63,86030694.08
2013-11-30,FOXA,90441,0.012015668793426342,320.6,1.33,49675214.65
2013-11-30,HES,28484,0.011557787036299335,334.4,1.72,27387459.75
2013-11-30,PXD,75241,0.011459649102419207,335.8,1.76,24648237.0
2013-11-30,SNI,92709,0.011322471696513708,347.3,2.08,8335954.63
2013-11-30,MO,13901,0.01095023009928798,294.5,0.59,73960554.7
2013-11-30,CME,89626,0.010846863127173891,329.3,1.58,27482096.4
2013-11-30,HP,32707,0.01080413167502747,343.7,1.98,8250011.0
2013-11-30,PNC,60442,0.010053936132098835,313.4,1.13,40945710.6
2013-11-30,FSLR,91611,0.009805910960333489,338.4,1.83,5948500.8
2013-11-30,PHM,54148,0.009741733239376275,337.0,1.79,7186149.32
2013-11-30,TWX,77418,0.009735112050676523,297.0,0.66,59449282.62
2013-11-30,CA,25778,0.009669739669386859,330.6,1.61,14892042.0
2013-11-30,MCO,48506,0.009484140357656275,328.4,1.55,16052913.0
2013-11-30,WYNN,89533,0.009025252443293141,324.6,1.44,16778579.85
2013-11-30,MU,53613,0.008903520205396724,319.5,1.3,22323800.0
2013-11-30,KLAC,46886,0.008772176822208171,327.5,1.52,10643871.63
2013-11-30,STI,68144,0.008646432562394082,319.9,1.31,19422250.86
2013-11-30,CF,90829,0.008600707241440459,324.9,1.45,12458699.94
2013-11-30,BEN,37584,0.008217170933633111,305.0,0.89,34942006.04
2013-11-30,SCHW,75186,0.007526363491898122,302.7,0.82,31560032.16
2013-11-30,ISRG,88352,0.007206902741659394,313.6,1.13,14346321.22
2013-11-30,AMP,90880,0.007197235833569283,308.4,0.98,21059063.25
2013-11-30,BBT,71563,0.007044821842765837,304.7,0.88,24489094.5
2013-11-30,PBCT,12073,0.00693979269811831,319.0,1.28,4811507.14
2013-11-30,MS,69032,0.006913319574177748,275.8,0.06,61076942.0
2013-11-30,MTB,35554,0.0065730596111333185,308.6,0.99,15023217.44
2013-11-30,LO,17279,0.006526377371205429,305.3,0.9,18908124.12
2013-11-30,CMG,91068,0.0062064727043183564,305.1,0.89,16210323.53
2013-11-30,STT,72726,0.006019214220199077,291.8,0.51,31875862.61
2013-11-30,CSX,62148,0.005787886963153351,293.4,0.56,27642889.98
2013-11-30,HOG,70033,0.005546988092628038,301.5,0.79,14818658.16
2013-11-30,PCP,63830,0.005373159180972383,282.9,0.26,37541414.65
2013-11-30,TROW,10138,0.005224559853762656,294.5,0.59,20992657.68
2013-11-30,ZION,84129,0.005138486457915959,305.8,0.91,5414757.95
2013-11-30,NSC,64311,0.004936084186831889,287.8,0.4,27088317.9
2013-11-30,NDAQ,90601,0.004628572385391658,301.3,0.78,6584061.04
2013-11-30,APH,84769,0.00422581768777831,293.2,0.55,13453885.0
2013-11-30,NVDA,86580,0.004182711575083538,296.4,0.64,8869161.6
2013-11-30,FISV,10696,0.004119663835896799,291.9,0.52,14172403.41
2013-11-30,SNDK,82618,0.0038134173181803683,288.8,0.43,15394471.65
2013-11-30,A,87432,0.0034568252739278177,284.5,0.31,17720527.44
2013-11-30,VFC,43553,0.0031447470650565108,276.1,0.07,25821628.08
2013-11-30,DNB,88590,0.002956551558263079,291.1,0.49,4458996.0
2013-11-30,CINF,23473,0.002837098779311321,287.1,0.38,8586382.71
2013-11-30,MSI,22779,0.0028039449073753247,280.4,0.19,17044012.44
2013-11-30,DNR,82196,0.0027256410984138175,288.2,0.41,6116372.52
2013-11-30,GLW,22293,0.0026719641216322873,273.6,0.0,24718210.16
2013-11-30,CFN,92988,0.002451667218833433,284.5,0.31,8421859.15
2013-11-30,FIS,89003,0.00233022417887696,278.8,0.15,14754620.44
2013-11-30,EW,87657,0.0023021442834948395,284.4,0.31,7169440.71
2013-11-30,HCBK,87070,0.0019051118372409774,283.3,0.27,4935433.46
2013-11-30,WU,91461,0.0016031751787700269,277.9,0.12,9206024.17
2013-12-31,AAPL,14593,0.05765000596954652,297.9,0.77,500680633.79
2013-12-31,GOOG,90319,0.04614767459778983,362.7,2.5,313042309.58
2013-12-31,MSFT,10107,0.040117455905213734,319.6,1.35,310503000.0
2013-12-31,WFC,38703,0.03616530202626688,347.4,2.09,239148994.6
2013-12-31,JPM,47896,0.027277885507039985,296.4,0.73,219837372.72
2013-12-31,MA,91233,0.026570665103980033,390.1,3.24,96747105.78
2013-12-31,PFE,21936,0.026309656294892077,306.3,1.0,198515204.73
2013-12-31,C,70519,0.024473690958731944,325.1,1.5,158049682.11
2013-12-31,ORCL,10104,0.02197254405324302,295.1,0.7,172070868.34
2013-12-31,BAC,59408,0.021795577365289354,298.6,0.79,166071706.38
2013-12-31,V,92611,0.021398860195444274,338.6,1.86,112642672.94
2013-12-31,AIG,66800,0.020271090797387523,360.3,2.44,75163263.3
2013-12-31,PCLN,86783,0.019572491610997222,366.9,2.62,60454100.24
2013-12-31,ICE,90993,0.017914620830060606,382.3,3.03,25873897.12
2013-12-31,QCOM,77178,0.017771712447386512,301.3,0.86,125259750.0
2013-12-31,CELG,11552,0.017282199707970604,342.7,1.97,69226189.6
2013-12-31,GILD,77274,0.01621377429287269,297.7,0.77,115234491.4
2013-12-31,GS,86868,0.016058309776005957,324.6,1.49,80339722.53
2013-12-31,USB,66157,0.015995070485268575,329.4,1.61,73782722.0
2013-12-31,CMA,25081,0.015788585363609955,380.2,2.97,8695588.94
2013-12-31,DFS,92121,0.015650081164979682,364.7,2.56,26679198.0
2013-12-31,BLK,87267,0.015272167106230859,340.8,1.92,52878972.3
2013-12-31,FITB,34746,0.015157086990065908,368.0,2.64,17987085.18
2013-12-31,VRSN,85753,0.014871643071543646,373.9,2.8,7994020.72
2013-12-31,UNP,48725,0.014190306088832969,313.0,1.18,77375592.0
2013-12-31,BIIB,76841,0.013804122803931104,319.2,1.34,66071807.54
2013-12-31,AMGN,14008,0.013068782886066742,297.6,0.76,86084768.0
2013-12-31,CME,89626,0.012966379091801008,345.0,2.03,26194027.92
2013-12-31,HBAN,42906,0.012950713716154279,359.5,2.42,8018792.95
2013-12-31,VIAB,91063,0.012608760263897555,336.1,1.79,33931590.0
2013-12-31,MO,13901,0.012510031383488718,300.9,0.85,76780575.85
2013-12-31,RF,35044,0.012337293628995433,350.4,2.17,13623999.17
2013-12-31,PXD,75241,0.011161781604029305,330.8,1.65,27052953.44
2013-12-31,FOXA,90441,0.010869229256994097,308.8,1.06,51684812.07
2013-12-31,HES,28484,0.010584265331516025,325.7,1.51,28018725.0
2013-12-31,CA,25778,0.010445285816187316,335.2,1.77,14912704.15
2013-12-31,PNC,60442,0.010138902963537247,311.7,1.14,41280938.64
2013-12-31,FSLR,91611,0.009614307924227941,336.6,1.81,5437062.48
2013-12-31,BEN,37584,0.009522973946874702,311.0,1.12,36418162.28
2013-12-31,MCO,48506,0.009494349816254815,326.5,1.54,16878897.0
2013-12-31,WYNN,89533,0.009284711156896198,322.7,1.43,19652499.33
2013-12-31,SNI,92709,0.009226087882601432,330.3,1.64,9656922.37
2013-12-31,STI,68144,0.009186512578043534,321.9,1.41,19733178.42
2013-12-31,CF,90829,0.009182690602910461,327.0,1.55,13356220.95
2013-12-31,PHM,54148,0.009173843126434702,331.4,1.67,7802871.09
2013-12-31,HP,32707,0.008849194906972523,328.0,1.58,9008583.44
2013-12-31,MU,53613,0.008790648426338702,316.3,1.26,23011500.0
2013-12-31,TWX,77418,0.00859327961383898,282.6,0.36,63077217.84
2013-12-31,LO,17279,0.008096997839260942,314.6,1.22,18668687.52
2013-12-31,PBCT,12073,0.008019390664852917,325.3,1.5,4641840.0
2013-12-31,CSX,62148,0.007714988744771815,303.3,0.92,29163400.98
2013-12-31,SCHW,75186,0.007688735482505253,299.6,0.82,33519642.0
2013-12-31,AMP,90880,0.007440619521782802,306.7,1.01,22381942.05
2013-12-31,ISRG,88352,0.007400442069353207,312.6,1.16,14671855.62
2013-12-31,MS,69032,0.007068494257704791,272.7,0.1,61194022.4
2013-12-31,MTB,35554,0.007052272053895795,309.6,1.08,15161260.18
2013-12-31,KLAC,46886,0.006870903258843699,311.8,1.14,10737553.42
2013-12-31,BBT,71563,0.006700215718469666,298.0,0.77,26307801.0
2013-12-31,VFC,43553,0.00627508057642823,293.9,0.67,27448551.36
2013-12-31,STT,72726,0.005892501701760604,287.2,0.49,32218283.39
2013-12-31,CMG,91068,0.0057920112838772495,299.1,0.8,16486345.25
2013-12-31,NDAQ,90601,0.005506400432895735,304.8,0.96,6740408.6
2013-12-31,HOG,70033,0.005465207529210172,297.6,0.76,15309517.92
2013-12-31,TROW,10138,0.005390888686627845,291.7,0.61,21953855.21
2013-12-31,NSC,64311,0.005071134193303598,283.9,0.4,28676115.3
2013-12-31,PCP,63830,0.004883763362240277,274.1,0.14,39117439.35
2013-12-31,COF,81055,0.004745288779319106,269.0,0.0,44169878.55
2013-12-31,CINF,23473,0.004663020233537364,297.0,0.75,8588680.0
2013-12-31,APH,84769,0.004548793072141448,291.7,0.61,14115499.58
2013-12-31,FISV,10696,0.004527223510186565,290.7,0.58,15158135.0
2013-12-31,DNB,88590,0.004337052887483992,297.7,0.77,4684140.0
2013-12-31,ZION,84129,0.004201152567691866,296.0,0.72,5532952.88
2013-12-31,FIS,89003,0.004110165051711624,287.2,0.49,15628019.44
2013-12-31,MMC,45751,0.0035724819233246496,274.4,0.14,26538807.36
2013-12-31,MSI,22779,0.0033588785607331544,280.1,0.3,17463127.5
2013-12-31,SNDK,82618,0.0032435241010830927,280.5,0.31,15892027.14
2013-12-31,CFN,92988,0.0028677673335166572,283.7,0.39,8415518.98
2013-12-31,HCBK,87070,0.002766195386298718,285.7,0.45,4983255.21
2013-12-31,EW,87657,0.00248279408322892,281.8,0.34,7194604.32
2013-12-31,NVDA,86580,0.0021940936558116136,278.1,0.24,9107946.72
2013-12-31,PAYX,61621,0.001973339232335884,270.4,0.04,16627373.88
2013-12-31,ORLY,79103,0.001825575805167465,271.7,0.07,13635538.46
2014-01-31,AAPL,14593,0.05684841791722609,327.7,1.6,446529702.32
2014-01-31,GOOG,90319,0.04987848017063672,365.8,2.74,330533418.11
2014-01-31,MSFT,10107,0.03978537961803486,310.6,1.08,314099396.16
2014-01-31,WFC,38703,0.03816808298425494,355.0,2.42,238361448.0
2014-01-31,MA,91233,0.027592871062721108,394.4,3.6,87638196.8
2014-01-31,JPM,47896,0.025691097715400454,294.0,0.58,208108703.04
2014-01-31,BAC,59408,0.02431512188584978,307.2,0.98,177412784.0
2014-01-31,V,92611,0.024016373726520213,355.3,2.43,108642636.54
2014-01-31,PFE,21936,0.0234261773223732,287.0,0.37,197024558.4
2014-01-31,C,70519,0.021823825497219607,315.2,1.22,143665470.0
2014-01-31,ORCL,10104,0.021768822093681372,298.6,0.72,165954392.1
2014-01-31,AIG,66800,0.0198393562103482,355.2,2.42,70613714.16
2014-01-31,PCLN,86783,0.01978481931655772,362.9,2.65,59543439.64
2014-01-31,ICE,90993,0.018751852444007937,381.9,3.22,24018365.29
2014-01-31,DFS,92121,0.018158324908209192,377.0,3.08,25322800.0
2014-01-31,USB,66157,0.017182241860228053,336.1,1.85,72559097.65
2014-01-31,QCOM,77178,0.01693697938982642,295.9,0.64,125511957.6
2014-01-31,CELG,11552,0.016894989313405554,341.7,2.02,62245716.9
2014-01-31,GILD,77274,0.01686440973757169,296.7,0.66,123750489.1
2014-01-31,FITB,34746,0.016152444087566057,369.0,2.84,17978532.12
2014-01-31,CMA,25081,0.015698146570180944,373.0,2.96,8335600.0
2014-01-31,UNP,48725,0.015289120206879343,317.9,1.3,80249547.17
2014-01-31,VRSN,85753,0.014849295312169938,367.7,2.8,7856285.0
2014-01-31,BLK,87267,0.014083335262465902,331.4,1.71,50696800.75
2014-01-31,BIIB,76841,0.01387362687561004,313.1,1.16,73906222.52
2014-01-31,AMGN,14008,0.013745411631628505,300.7,0.78,89759670.0
2014-01-31,HBAN,42906,0.013672585398994583,360.1,2.57,7539120.05
2014-01-31,GS,86868,0.013655472583230854,311.3,1.1,74384271.72
2014-01-31,SNI,92709,0.012908028749827528,354.6,2.4,8104617.64
2014-01-31,CMCSA,89525,0.01281385881102755,277.8,0.1,112689175.5
2014-01-31,VIAB,91063,0.012612112708399455,335.4,1.83,31762027.0
2014-01-31,MO,13901,0.012026613724245,303.5,0.87,70210330.38
2014-01-31,RF,35044,0.011946982801072616,343.9,2.08,14014260.0
2014-01-31,MU,53613,0.011916246526540827,336.1,1.85,24442675.2
2014-01-31,CME,89626,0.011461835918894207,332.7,1.75,24958775.52
2014-01-31,STI,68144,0.010737024294841161,331.6,1.71,19846310.94
2014-01-31,PXD,75241,0.010657382389245624,327.4,1.59,24885131.19
2014-01-31,FOXA,90441,0.010607939264390687,311.4,1.11,46401069.52
2014-01-31,WYNN,89533,0.01046196342295496,328.2,1.61,22001164.64
2014-01-31,FSLR,91611,0.00994226756499191,337.1,1.88,5033064.06
2014-01-31,MCO,48506,0.00956937239715128,326.6,1.56,16042158.0
2014-01-31,PHM,54148,0.009251571285064127,330.5,1.68,7783718.24
2014-01-31,BEN,37584,0.009135548236106008,311.5,1.11,32810248.45
2014-01-31,CA,25778,0.009010586256254853,324.1,1.49,14368875.12
2014-01-31,PNC,60442,0.00894213480702477,303.1,0.86,42576040.0
2014-01-31,CF,90829,0.008871058291022183,324.0,1.48,13231279.18
2014-01-31,TWX,77418,0.008475075475111692,289.6,0.45,56843683.26
2014-01-31,PBCT,12073,0.008200957024671794,326.0,1.54,4362470.0
2014-01-31,LO,17279,0.008039890889250265,314.9,1.21,18130876.08
2014-01-31,HP,32707,0.007876261678868462,320.1,1.37,9496258.52
2014-01-31,COF,81055,0.007731470487946552,296.6,0.66,40438347.0
2014-01-31,BBT,71563,0.007701496932983023,306.6,0.96,26434654.2
2014-01-31,AMP,90880,0.007508396367960222,309.6,1.05,20551311.24
2014-01-31,ISRG,88352,0.007142201110862263,310.8,1.09,15557735.8
2014-01-31,SCHW,75186,0.006943012109640675,297.5,0.69,31998365.94
2014-01-31,MTB,35554,0.0068526021038441505,309.6,1.05,14559191.64
2014-01-31,PCP,63830,0.006799629309853901,292.9,0.55,37003966.0
2014-01-31,VFC,43553,0.006723431206508305,300.6,0.78,25735768.8
2014-01-31,FISV,10696,0.006082555443388671,304.6,0.9,14388035.0
2014-01-31,CSX,62148,0.00594555706242448,294.3,0.59,27277967.34
2014-01-31,CMG,91068,0.005896313798276744,301.4,0.81,17079850.86
2014-01-31,HES,28484,0.005704090691003661,294.0,0.58,25483536.75
2014-01-31,DNB,88590,0.005342943245107209,307.1,0.98,4197600.0
2014-01-31,APH,84769,0.005156387293296177,298.9,0.73,13751453.28
2014-01-31,HOG,70033,0.005039022155892196,298.2,0.71,13640152.52
2014-01-31,TROW,10138,0.004550212866685735,289.9,0.46,20569556.52
2014-01-31,FIS,89003,0.004154868045084562,291.5,0.51,14760443.1
2014-01-31,NDAQ,90601,0.0040279179289269135,296.7,0.66,6460969.55
2014-01-31,GLW,22293,0.003973002515133855,282.9,0.25,24906346.42
2014-01-31,KLAC,46886,0.0035098191833836234,290.5,0.48,10239488.19
2014-01-31,NVDA,86580,0.003440274382193512,291.0,0.49,8917552.9
2014-01-31,NSC,64311,0.0033403239204507487,276.0,0.04,28599014.02
2014-01-31,CINF,23473,0.0030484234130015646,289.1,0.44,7945800.0
2014-01-31,MSI,22779,0.0029935279096520544,282.5,0.24,16505889.4
2014-01-31,MMC,45751,0.0029106124032021656,275.7,0.03,25084550.96
2014-01-31,HRS,25582,0.002613620210968428,286.6,0.36,7405373.32
2014-01-31,ZION,84129,0.002579583022771902,287.9,0.4,5309492.5
2014-01-31,EW,87657,0.0018616276190831643,281.8,0.22,7124583.84
2014-01-31,ORLY,79103,0.001713972269381706,275.9,0.04,13876021.2
2014-01-31,PAYX,61621,0.001686490888898902,274.7,0.0,15272496.72
2014-01-31,HCBK,87070,0.0016648242940824093,282.2,0.23,4777160.88
2014-01-31,LLTC,10299,0.0011500161883542617,274.6,0.0,10507921.34
2014-02-28,AAPL,14593,0.05823789252114826,335.9,1.8,469400282.44
2014-02-28,MSFT,10107,0.04113584991233739,327.5,1.56,318000736.44
2014-02-28,WFC,38703,0.03802521310597852,359.3,2.48,244254752.06
2014-02-28,BAC,59408,0.03019054774636589,355.6,2.37,174691271.55
2014-02-28,V,92611,0.027861525612901776,383.4,3.18,113942897.64
2014-02-28,PFE,21936,0.0245956353323859,295.3,0.62,204955721.75
2014-02-28,ORCL,10104,0.02365601241060181,309.8,1.04,175893665.99
2014-02-28,MRK,22752,0.022770075778220884,309.7,1.04,167586047.78
2014-02-28,VZ,65875,0.020987177826531096,276.2,0.06,197035488.78
2014-02-28,PCLN,86783,0.020494816067698304,364.2,2.62,70331213.72
2014-02-28,MA,91233,0.01954210785960054,344.4,2.05,88700670.2
2014-02-28,DFS,92121,0.01872956131185203,383.3,3.18,27020012.48
2014-02-28,USB,66157,0.016968551633056182,336.6,1.82,74979665.86
2014-02-28,FITB,34746,0.016727928766332695,375.7,2.96,18474268.77
2014-02-28,BIIB,76841,0.01646050614594803,329.1,1.6,80534705.56
2014-02-28,C,70519,0.01598854871938953,277.7,0.11,147300270.0
2014-02-28,AMGN,14008,0.015929587615179024,316.0,1.22,93635968.14
2014-02-28,PNC,60442,0.015697393887279268,350.5,2.23,43588740.0
2014-02-28,VRSN,85753,0.015576604418627137,375.8,2.96,7359224.07
2014-02-28,GILD,77274,0.015132100890952094,286.2,0.35,127350061.7
2014-02-28,QCOM,77178,0.014925495097395672,284.8,0.31,127321413.2
2014-02-28,DIS,26403,0.014894492981926872,274.3,0.01,141583887.79
2014-02-28,RF,35044,0.0147892348767987,364.8,2.64,15103948.16
2014-02-28,GS,86868,0.014783438890382881,321.3,1.38,75360570.4
2014-02-28,HBAN,42906,0.014051977376440301,364.9,2.64,7936498.23
2014-02-28,UNP,48725,0.014005221242961361,311.1,1.08,82083362.04
2014-02-28,EOG,75825,0.013788644583275712,331.5,1.67,51734390.4
2014-02-28,STI,68144,0.013514824983138548,352.4,2.28,20146440.96
2014-02-28,BLK,87267,0.013500124609840083,330.0,1.63,51063443.56
2014-02-28,ICE,90993,0.013469084813127655,349.3,2.19,24008455.24
2014-02-28,CMA,25081,0.013354320469640302,359.5,2.49,8772228.96
2014-02-28,AIG,66800,0.012878501267253324,310.0,1.05,72866664.36
2014-02-28,KEY,64995,0.01267390133510709,352.7,2.29,11713371.66
2014-02-28,AXP,59176,0.012543992260483333,290.3,0.47,96991207.04
2014-02-28,CSCO,76076,0.012433463966715273,278.5,0.13,112297925.8
2014-02-28,MCO,48506,0.012227156685696298,345.9,2.09,16882300.0
2014-02-28,CF,90829,0.011828805186192923,345.3,2.07,13916418.85
2014-02-28,MU,53613,0.011818788654191838,336.6,1.82,25883300.0
2014-02-28,SCHW,75186,0.011696732466155843,329.6,1.62,34425011.17
2014-02-28,VIAB,91063,0.011456812312515743,328.3,1.58,33940105.1
2014-02-28,OXY,34833,0.011200030872178243,295.6,0.63,76829920.0
2014-02-28,PHM,54148,0.011048620248020738,344.2,2.04,8003487.0
2014-02-28,WYNN,89533,0.010849755228657847,330.9,1.65,24547748.69
2014-02-28,CELG,11552,0.010627148864045264,300.0,0.76,65267715.0
2014-02-28,HP,32707,0.010043195714183686,335.4,1.79,10619081.25
2014-02-28,CA,25778,0.010037364910356157,332.2,1.69,15000228.0
2014-02-28,BBT,71563,0.009930081208685923,322.9,1.42,26871679.8
2014-02-28,SWN,63765,0.009732576464681172,330.4,1.64,14590126.2
2014-02-28,BCR,46877,0.00946255520246684,331.0,1.66,11183932.8
2014-02-28,CME,89626,0.009230872162407448,319.6,1.33,24781004.9
2014-02-28,SNDK,82618,0.008970751613081702,323.6,1.44,16755170.1
2014-02-28,FOXA,90441,0.008475005410444497,297.0,0.67,48909235.44
2014-02-28,LO,17279,0.008306400139914233,318.3,1.29,17769777.3
2014-02-28,MS,69032,0.008215096312876619,286.6,0.37,60850728.4
2014-02-28,PCP,63830,0.007971242133618306,301.8,0.81,37451396.64
2014-02-28,ETFC,83862,0.007878169115078177,323.5,1.44,6477449.37
2014-02-28,STT,72726,0.007874145211583387,307.7,0.98,28345470.45
2014-02-28,BEN,37584,0.007755536431795958,303.1,0.85,33592496.25
2014-02-28,FSLR,91611,0.006718264934374167,316.1,1.22,5679206.91
2014-02-28,PBCT,12073,0.006350980205401925,314.5,1.18,4395987.44
2014-02-28,GLW,22293,0.005955099796325427,295.6,0.63,26826248.75
2014-02-28,MCHP,78987,0.00591055312723782,308.1,0.99,9070553.7
2014-02-28,NSC,64311,0.005429024941902694,290.8,0.49,28465905.65
2014-02-28,TROW,10138,0.005115179084160386,293.8,0.58,21314349.13
2014-02-28,COG,76082,0.0050113303421264535,297.8,0.69,14778365.0
2014-02-28,MTB,35554,0.004860033990056185,296.4,0.65,15277020.88
2014-02-28,RAI,86946,0.00479699740352634,287.3,0.39,27293016.01
2014-02-28,COF,81055,0.004411886062077943,274.0,0.0,42061658.59
2014-02-28,AMP,90880,0.004392595102097564,289.2,0.44,20803248.27
2014-02-28,BEAM,10225,0.004391934036845365,294.3,0.59,13725897.92
2014-02-28,LM,65330,0.004122646516088462,298.4,0.71,5474019.84
2014-02-28,ALXN,83111,0.00410498838130937,277.0,0.09,34976344.0
2014-02-28,EQT,24328,0.003698612096249684,288.3,0.42,15434844.97
2014-02-28,NVDA,86580,0.0028838173234387718,286.3,0.36,10439784.86
2014-02-28,DNB,88590,0.002616319536756137,289.3,0.45,3730097.58
2014-02-28,HRS,25582,0.0022376048751419743,283.7,0.28,7883828.36
2014-02-28,ZMH,89070,0.0019138008541514358,275.7,0.05,15888613.44
2014-02-28,SNI,92709,0.001782415809027352,279.7,0.17,9090106.08
2014-02-28,HOG,70033,0.0016992760237523447,275.2,0.03,14536635.12
2014-02-28,HCBK,87070,0.0016754407480294915,281.9,0.23,5019980.5
2014-02-28,AKAM,87299,0.0015519712585660903,276.8,0.08,10913905.68
2014-02-28,TMK,62308,0.0014180286856543696,278.8,0.14,6863975.56
2014-03-31,AAPL,14593,0.05873862612011726,344.0,2.05,462533002.68
2014-03-31,MSFT,10107,0.04259045418614439,322.4,1.42,338577400.0
2014-03-31,WFC,38703,0.038623209137094223,350.8,2.25,261217568.4
2014-03-31,GOOG,90319,0.03303253837503214,274.7,0.03,313798094.89
2014-03-31,BAC,59408,0.029287777575187954,344.4,2.06,181086467.6
2014-03-31,ORCL,10104,0.026975598608193978,327.6,1.57,182413026.26
2014-03-31,V,92611,0.02676333832268412,379.0,3.07,108859493.16
2014-03-31,PFE,21936,0.024574640878217924,294.9,0.62,205019551.0
2014-03-31,MRK,22752,0.023456370368544973,314.6,1.19,166939110.94
2014-03-31,PCLN,86783,0.020730856248761052,371.1,2.84,62317969.17
2014-03-31,MA,91233,0.01921071616900746,344.2,2.05,85253989.5
2014-03-31,USB,66157,0.01801321336514148,341.2,1.97,78007557.3
2014-03-31,DFS,92121,0.016763506386529615,369.0,2.78,27401438.24
2014-03-31,BIIB,76841,0.016390702428401203,334.0,1.76,72552364.0
2014-03-31,FITB,34746,0.016382751503391337,372.1,2.87,19455946.4
2014-03-31,DIS,26403,0.015949126367550987,282.3,0.25,140287364.13
2014-03-31,EOG,75825,0.015933472083381944,344.5,2.06,53579519.76
2014-03-31,GS,86868,0.015671672783027973,327.9,1.58,74183419.73
2014-03-31,CF,90829,0.015581357752082043,370.2,2.81,14456658.79
2014-03-31,C,70519,0.015324448770640616,274.9,0.03,144627411.6
2014-03-31,QCOM,77178,0.015093105018413025,281.7,0.23,132957960.0
2014-03-31,OXY,34833,0.014605771480011654,319.8,1.34,75289391.32
2014-03-31,PNC,60442,0.014545386856204247,340.1,1.93,46463655.0
2014-03-31,RF,35044,0.014051823901252399,359.1,2.49,15315546.07
2014-03-31,UNP,48725,0.013880969607223077,307.7,0.99,85215092.38
2014-03-31,AMGN,14008,0.013844492181454471,301.6,0.81,93356046.0
2014-03-31,HBAN,42906,0.013705269095956278,361.8,2.57,8252886.84
2014-03-31,AIG,66800,0.013235914845937988,311.9,1.11,73218040.68
2014-03-31,CMA,25081,0.013128557380981455,357.0,2.43,9432210.2
2014-03-31,GILD,77274,0.01307276572022006,285.1,0.33,108957312.12
2014-03-31,STI,68144,0.012925716274669126,347.1,2.14,21274598.88
2014-03-31,VRSN,85753,0.01269600383606503,355.7,2.39,7115796.54
2014-03-31,HP,32707,0.012407769435767373,350.5,2.24,11603142.56
2014-03-31,AXP,59176,0.012220028664604232,289.0,0.44,95396958.39
2014-03-31,MU,53613,0.012123838343240686,338.7,1.89,25316200.0
2014-03-31,MCO,48506,0.01189111280157365,343.1,2.02,16973448.84
2014-03-31,KEY,64995,0.0118771079831169,346.1,2.11,12665027.52
2014-03-31,ICE,90993,0.01181229553684164,338.4,1.89,22762319.8
2014-03-31,VIAB,91063,0.011692865780885587,330.7,1.66,32338695.0
2014-03-31,BLK,87267,0.011461711940095173,314.5,1.19,52678232.0
2014-03-31,SCHW,75186,0.011459629608150458,326.8,1.55,35541489.81
2014-03-31,BCR,46877,0.011021267341311074,341.1,1.96,11460459.08
2014-03-31,CA,25778,0.0109529558263234,339.1,1.91,13592165.2
2014-03-31,WYNN,89533,0.010835781289683946,331.9,1.7,22494241.54
2014-03-31,PHM,54148,0.010586578186552119,341.1,1.96,7314575.54
2014-03-31,CELG,11552,0.009975214338853611,302.0,0.82,55895844.0
2014-03-31,MS,69032,0.009845857944252922,297.1,0.68,61481017.14
2014-03-31,BBT,71563,0.00947383455940723,318.2,1.3,28569707.4
2014-03-31,SWN,63765,0.008429000563156208,319.9,1.35,16238769.4
2014-03-31,SNDK,82618,0.008422659780376934,318.3,1.3,18404879.91
2014-03-31,FOXA,90441,0.008119228508469132,296.4,0.66,45987278.47
2014-03-31,ETFC,83862,0.008050171693320856,324.2,1.47,6641707.38
2014-03-31,PCP,63830,0.007817473291523826,301.0,0.79,36707827.83
2014-03-31,CME,89626,0.007465538397058621,307.2,0.97,24723198.14
2014-03-31,GLW,22293,0.0070778158703790894,301.5,0.81,28957476.18
2014-03-31,FSLR,91611,0.007021097774228839,316.9,1.26,6985630.05
2014-03-31,BEN,37584,0.006954123144434155,296.9,0.67,34179182.1
2014-03-31,LO,17279,0.006285127712635652,302.8,0.85,19588046.4
2014-03-31,MCHP,78987,0.006152104505311664,309.1,1.03,9552143.28
2014-03-31,STT,72726,0.005817700267400971,292.1,0.53,30020214.25
2014-03-31,MTB,35554,0.005636824211234631,301.0,0.79,15909708.0
2014-03-31,PBCT,12073,0.005615408745399093,309.0,1.03,4572525.0
2014-03-31,AKAM,87299,0.005408433429736449,303.4,0.86,10391532.78
2014-03-31,RAI,86946,0.00493080289606199,287.0,0.39,28658601.34
2014-03-31,SNI,92709,0.004903695353160354,301.3,0.8,8499946.34
2014-03-31,TROW,10138,0.004691505989339153,290.4,0.48,21644791.65
2014-03-31,EQT,24328,0.004506682316085818,294.1,0.59,14733039.98
2014-03-31,ALXN,83111,0.004343218403349285,281.9,0.24,30151709.61
2014-03-31,AMP,90880,0.004329859532153184,288.4,0.43,20978791.65
2014-03-31,EMN,80080,0.003759135555718631,290.2,0.48,13030555.29
2014-03-31,LM,65330,0.0036473060658182652,294.6,0.61,5840860.16
2014-03-31,HOG,70033,0.003491729715065953,287.2,0.39,14654999.32
2014-03-31,NSC,64311,0.003406655975156995,274.1,0.01,32073776.43
2014-03-31,BEAM,10225,0.003327258689690896,286.7,0.38,13782151.6
2014-03-31,HRS,25582,0.002978665232138454,288.6,0.43,7813341.68
2014-03-31,HCBK,87070,0.0028500067061697004,289.6,0.46,5194634.01
2014-03-31,XLNX,76201,0.0023748477011408934,279.6,0.17,14578929.99
2014-03-31,LLTC,10299,0.0020086007632666323,279.3,0.16,11503304.64
2014-03-31,MNST,88031,0.001989902248555472,279.1,0.15,11603289.3
2014-03-31,ZMH,89070,0.0017298789017484175,274.2,0.01,15942215.64
2014-03-31,ZION,84129,0.0011988021839915563,277.9,0.12,5728047.1
2014-03-31,FFIV,86964,0.0008407346685407515,273.8,0.0,8018576.0
2014-04-30,AAPL,14593,0.06789540971805598,349.5,2.08,508292340.13
2014-04-30,MSFT,10107,0.04246587493711841,308.2,0.94,333720644.8
2014-04-30,WFC,38703,0.041525906305223334,360.8,2.39,261389348.0
2014-04-30,BAC,59408,0.028479364918315278,349.8,2.09,159424881.3
2014-04-30,ORCL,10104,0.02784303518512806,326.4,1.45,182279259.68
2014-04-30,PFE,21936,0.025389770734108655,294.3,0.56,199657894.0
2014-04-30,V,92611,0.025333510898815057,374.8,2.78,101182420.95
2014-04-30,JPM,47896,0.023964959492635055,273.9,0.0,211889450.16
2014-04-30,MRK,22752,0.023423252394617153,303.1,0.8,171560011.2
2014-04-30,PCLN,86783,0.020570817189253666,373.6,2.74,60532958.75
2014-04-30,GOOGL,90319,0.02053617564798238,299.3,0.7,150658579.84
2014-04-30,USB,66157,0.019824523330382884,356.9,2.29,74260380.0
2014-04-30,QCOM,77178,0.01966485124638936,307.6,0.93,132852562.54
2014-04-30,MA,91233,0.01822982839914223,338.2,1.77,82920784.85
2014-04-30,FITB,34746,0.01649167281350002,379.3,2.9,17529072.93
2014-04-30,EOG,75825,0.016392745727557265,349.0,2.07,53533088.0
2014-04-30,CF,90829,0.016334680457075357,381.8,2.97,13098207.25
2014-04-30,DFS,92121,0.016163083085279795,369.9,2.64,26064716.6
2014-04-30,MU,53613,0.015702727328418535,365.0,2.51,27958299.48
2014-04-30,GS,86868,0.015585627416932063,328.1,1.49,71834619.53
2014-04-30,PNC,60442,0.015427537922040855,349.1,2.07,44877360.0
2014-04-30,HBAN,42906,0.015118907102768623,377.5,2.85,7582391.52
2014-04-30,BIIB,76841,0.014957301015215122,326.6,1.45,68104864.0
2014-04-30,UNP,48725,0.014476415143268225,308.2,0.94,86248027.63
2014-04-30,CMA,25081,0.014027390456940432,368.6,2.61,8763953.76
2014-04-30,AMGN,14008,0.013904264122720538,305.4,0.87,84597208.5
2014-04-30,RF,35044,0.013886945620989825,363.3,2.46,13972920.0
2014-04-30,STI,68144,0.013546990216369001,355.5,2.25,20460682.8
2014-04-30,KEY,64995,0.013022269498357405,358.6,2.33,12048225.64
2014-04-30,AIG,66800,0.012528206882550727,301.0,0.75,77785932.84
2014-04-30,HP,32707,0.012462130093117746,354.8,2.23,11720727.4
2014-04-30,VRSN,85753,0.012250906660389933,357.8,2.31,6201811.0
2014-04-30,AXP,59176,0.012023484577626559,285.2,0.31,92553835.15
2014-04-30,SCHW,75186,0.011971797998395903,332.5,1.61,34527133.35
2014-04-30,BBT,71563,0.011953757754682732,338.7,1.78,26821493.01
2014-04-30,OXY,34833,0.011887744458930408,298.1,0.67,75652841.0
2014-04-30,BLK,87267,0.011687370463960903,317.5,1.2,50269107.0
2014-04-30,BCR,46877,0.011343570666898384,347.7,2.03,10472373.81
2014-04-30,SWN,63765,0.01063938725724419,337.3,1.75,16904273.4
2014-04-30,WYNN,89533,0.010443041561031846,332.8,1.62,20645289.73
2014-04-30,VIAB,91063,0.010413993009628806,323.1,1.35,32194503.04
2014-04-30,MS,69032,0.010366366021673226,299.1,0.69,60984247.98
2014-04-30,ICE,90993,0.010273740909652463,329.2,1.52,23530021.8
2014-04-30,SNDK,82618,0.009717573207949337,328.7,1.51,19221148.67
2014-04-30,MCO,48506,0.009440961656437529,328.7,1.51,16775450.0
2014-04-30,PHM,54148,0.008757946415826194,331.8,1.59,6963410.28
2014-04-30,REGN,76614,0.008620073046957007,312.4,1.06,29356484.19
2014-04-30,STT,72726,0.008087392098627329,309.8,0.99,27811221.36
2014-04-30,CME,89626,0.007945584822546125,312.2,1.05,23636328.49
2014-04-30,ETFC,83862,0.007739393482683374,324.8,1.4,6477565.85
2014-04-30,MCHP,78987,0.007724245665650373,322.2,1.33,9508142.62
2014-04-30,MTB,35554,0.007292452947684487,313.7,1.1,16035896.31
2014-04-30,PCP,63830,0.00715805747415565,295.7,0.6,36755754.52
2014-04-30,GLW,22293,0.007155376019092351,303.4,0.81,27360233.16
2014-04-30,BEN,37584,0.007130367198409844,298.7,0.68,32859571.5
2014-04-30,FOXA,90441,0.006847478388867993,285.8,0.33,46059201.02
2014-04-30,CA,25778,0.006809192276239425,312.5,1.06,13223623.6
2014-04-30,LO,17279,0.006648757636358919,304.5,0.84,21542067.38
2014-04-30,PBCT,12073,0.006544106025702255,317.8,1.21,4429099.08
2014-04-30,TROW,10138,0.005785617508227111,298.2,0.67,21578343.42
2014-04-30,FSLR,91611,0.005499467479251389,308.3,0.95,6755411.55
2014-04-30,CTSH,86158,0.004962282090418834,286.0,0.33,29147557.72
2014-04-30,NSC,64311,0.0049486935355334775,285.8,0.33,29270836.38
2014-04-30,RAI,86946,0.004825194410088177,284.1,0.28,30248003.61
2014-04-30,EMN,80080,0.004812555501131003,298.1,0.67,13096595.14
2014-04-30,HCBK,87070,0.004711252165109594,303.8,0.82,5263332.12
2014-04-30,LLTC,10299,0.004604491462926164,298.7,0.68,10526697.5
2014-04-30,AMP,90880,0.004416156753459273,288.5,0.4,21276119.85
2014-04-30,LM,65330,0.0041281497799043445,299.3,0.7,5584786.56
2014-04-30,NBL,61815,0.003933534747231914,281.2,0.2,25893917.2
2014-04-30,ALXN,83111,0.003759340086962176,275.5,0.04,31291327.2
2014-04-30,FFIV,86964,0.003468690731013755,292.6,0.51,7908784.0
2014-04-30,AKAM,87299,0.003136379788859207,288.9,0.41,9473950.26
2014-04-30,HOG,70033,0.0030512826365930233,282.7,0.24,16267687.28
2014-04-30,HRS,25582,0.0030467854216755176,289.6,0.43,7829806.48
2014-04-30,BEAM,10225,0.0029692204626983187,284.1,0.28,13838157.42
2014-04-30,XLNX,76201,0.0028800250936261798,284.4,0.29,12684388.86
2014-04-30,ISRG,88352,0.0026998509322368686,282.1,0.23,13890727.18
2014-04-30,SNI,92709,0.002224736793725989,283.3,0.26,8229398.61
2014-04-30,ROK,84381,0.0020221087888207937,275.0,0.03,16539919.58
2014-04-30,PKI,42200,0.0015268368784019737,281.1,0.2,4736482.38
2014-04-30,ZION,84129,0.0014031849936641605,279.7,0.16,5347163.4
2014-04-30,EW,87657,0.0011338669548681735,275.1,0.03,8564696.69
2014-05-31,AAPL,14593,0.07841393052634084,370.4,3.27,545254173.0
2014-05-31,WFC,38703,0.043373383200837494,351.4,2.58,267461814.6
2014-05-31,GOOGL,90319,0.030536003201334466,347.4,2.44,161015517.83
2014-05-31,ORCL,10104,0.030048258919491692,328.0,1.74,187362389.72
2014-05-31,PFE,21936,0.02744059428401212,312.6,1.19,188772433.7
2014-05-31,V,92611,0.02526389776571253,352.1,2.61,107285027.85
2014-05-31,MRK,22752,0.02510982220484768,312.1,1.17,169088675.36
2014-05-31,PCLN,86783,0.022911267508703002,364.5,3.06,67041128.16
2014-05-31,BAC,59408,0.022492907175028776,303.8,0.87,159207092.4
2014-05-31,MA,91233,0.020457358863346518,338.9,2.14,85906788.55
2014-05-31,CF,90829,0.01993895031647363,382.4,3.7,12669881.63
2014-05-31,QCOM,77178,0.019934780831689886,304.4,0.9,135789463.3
2014-05-31,EOG,75825,0.019614618839755918,352.0,2.61,57820334.8
2014-05-31,UNP,48725,0.01926975665390263,329.5,1.8,90316935.53
2014-05-31,USB,66157,0.018335144905721173,333.0,1.92,76581178.5
2014-05-31,C,70519,0.01805123470269515,288.4,0.32,144507432.45
2014-05-31,MU,53613,0.017988703565976285,360.2,2.9,30591300.0
2014-05-31,DIS,26403,0.016743301105652645,280.5,0.04,145492214.44
2014-05-31,HES,28484,0.016297958560090527,352.0,2.61,28687190.4
2014-05-31,GILD,77274,0.016229115510272497,290.8,0.41,124712735.22
2014-05-31,CMCSA,89525,0.015354756909275721,296.5,0.61,108032598.0
2014-05-31,DFS,92121,0.015182221468174464,346.5,2.41,27570781.62
2014-05-31,HP,32707,0.014439646439037777,352.3,2.62,11890322.85
2014-05-31,SWN,63765,0.014032897970628837,347.4,2.44,16054229.31
2014-05-31,FITB,34746,0.013705240091037378,344.6,2.34,17597113.97
2014-05-31,STI,68144,0.013684915464405256,342.7,2.27,20418543.76
2014-05-31,BCR,46877,0.013183702564703987,345.7,2.38,11279172.87
2014-05-31,HBAN,42906,0.012395728367500001,343.6,2.3,7673446.44
2014-05-31,PNC,60442,0.012231391305034051,318.7,1.41,45545179.83
2014-05-31,GS,86868,0.012144205696189181,301.8,0.8,71463196.56
2014-05-31,SNDK,82618,0.012069326435731699,332.8,1.92,21858768.93
2014-05-31,ETFC,83862,0.012011506916340403,342.6,2.27,5877417.21
2014-05-31,BIIB,76841,0.011464363755372632,295.3,0.57,75754564.0
2014-05-31,AIG,66800,0.011331645437396645,293.0,0.49,78220311.43
2014-05-31,VIAB,91063,0.011265838124086667,321.7,1.52,32327099.84
2014-05-31,MCHP,78987,0.011205455279801232,335.8,2.02,9533851.6
2014-05-31,RF,35044,0.011144624235695014,332.6,1.91,14052081.33
2014-05-31,ICE,90993,0.011005211221218338,326.4,1.69,22616833.65
2014-05-31,BBT,71563,0.01095694215054997,323.2,1.57,27245406.24
2014-05-31,LO,17279,0.010762677447992823,325.1,1.64,22539049.63
2014-05-31,EQT,24328,0.01051054558829558,327.7,1.73,16219146.88
2014-05-31,VRSN,85753,0.010114556485226307,331.6,1.87,6583016.0
2014-05-31,CELG,11552,0.010103635926987337,296.9,0.63,61275813.51
2014-05-31,BLK,87267,0.009673129230476635,301.1,0.78,50862806.53
2014-05-31,AGN,75646,0.009627325090375819,301.5,0.79,49828898.2
2014-05-31,OXY,34833,0.009527248937693246,282.9,0.12,78317859.66
2014-05-31,PHM,54148,0.009165732905365289,325.8,1.66,7406433.12
2014-05-31,NEE,24205,0.00911203044863485,303.3,0.86,42460545.84
2014-05-31,BK,49656,0.008800838816110126,303.5,0.86,39411290.88
2014-05-31,CMA,25081,0.008541758966219165,321.5,1.51,8714901.78
2014-05-31,WYNN,89533,0.007834716229296955,309.3,1.07,21767217.29
2014-05-31,HOG,70033,0.007810705685388242,313.1,1.21,15556393.84
2014-05-31,MCO,48506,0.0077972079899957525,311.3,1.14,18279898.0
2014-05-31,MS,69032,0.0077165717585306985,283.9,0.16,60834163.7
2014-05-31,SCHW,75186,0.00759899335431379,301.0,0.77,32801739.4
2014-05-31,BEN,37584,0.006264078001595373,292.4,0.46,34654764.9
2014-05-31,GLW,22293,0.0060849121529099656,295.7,0.58,27870538.8
2014-05-31,CTSH,86158,0.0057039697531706774,292.5,0.47,29576948.94
2014-05-31,KEY,64995,0.005654770478004253,303.3,0.86,12092390.69
2014-05-31,EW,87657,0.005648777532356653,305.5,0.93,8566112.8
2014-05-31,ISRG,88352,0.0056250245453532445,301.8,0.8,14199494.58
2014-05-31,TROW,10138,0.005458482758082272,296.3,0.6,21420703.02
2014-05-31,LM,65330,0.005287064987707862,305.3,0.93,5704658.52
2014-05-31,APH,84769,0.00516505194712033,298.7,0.69,15053820.4
2014-05-31,HCBK,87070,0.004776336986761799,302.8,0.84,5165799.57
2014-05-31,RAI,86946,0.004519645995107649,284.4,0.18,31963290.01
2014-05-31,PCP,63830,0.004456849011965092,281.1,0.06,36622143.74
2014-05-31,CME,89626,0.004442097995962185,288.9,0.34,24176952.0
2014-05-31,MTB,35554,0.004081713981328683,292.1,0.45,15958819.93
2014-05-31,REGN,76614,0.0040306525049441265,282.7,0.12,30352203.81
2014-05-31,LRCX,48486,0.003625700912441991,293.3,0.5,10058545.2
2014-05-31,AMP,90880,0.003584692983833509,285.9,0.23,21382386.8
2014-05-31,PBCT,12073,0.003509277748258854,296.2,0.6,4457013.57
2014-05-31,CMG,91068,0.003445877787555858,287.9,0.3,17005199.4
2014-05-31,ORLY,79103,0.0030989206572474637,286.8,0.26,15694388.05
2014-05-31,HRS,25582,0.002518430943516873,288.3,0.32,8227047.75
2014-05-31,PKI,42200,0.0024310941613654904,289.8,0.37,5091503.4
2014-05-31,LLTC,10299,0.002285681155731916,285.3,0.21,10919378.8
2014-05-31,ZMH,89070,0.0020116174321444026,279.6,0.0,17511912.65
2014-05-31,SNI,92709,0.0013587922492599095,281.8,0.08,8303938.3
2014-05-31,DNB,88590,0.0011181642086663317,283.3,0.14,3821902.0
2014-05-31,FSLR,91611,0.0011176441565185148,281.8,0.08,6185722.5
2014-05-31,NDAQ,90601,0.0007363936361213945,279.5,0.0,6468393.0
2014-06-30,AAPL,14593,0.07937508807484674,381.1,3.73,556573661.03
2014-06-30,WFC,38703,0.04209441395706773,344.4,2.38,276837199.2
2014-06-30,ORCL,10104,0.032063773029254984,347.0,2.47,180556651.17
2014-06-30,GOOGL,90319,0.031156227098369713,352.3,2.67,163312942.16
2014-06-30,V,92611,0.02507381296450922,353.7,2.72,105227525.44
2014-06-30,BAC,59408,0.023194046276757863,310.0,1.11,161625694.2
2014-06-30,PFE,21936,0.023176204427235413,293.6,0.51,189090983.2
2014-06-30,PCLN,86783,0.022772723599405978,366.2,3.18,63086523.0
2014-06-30,MRK,22752,0.022295356020707955,300.7,0.77,169059451.6
2014-06-30,CF,90829,0.021612002772967372,389.9,4.05,12525118.69
2014-06-30,EOG,75825,0.019878840937441473,350.0,2.58,63864691.16
2014-06-30,MA,91233,0.01971264425985977,338.0,2.14,82558165.53
2014-06-30,QCOM,77178,0.019525218968177126,307.1,1.0,132897600.0
2014-06-30,UNP,48725,0.018860806134062744,328.7,1.8,90421180.5
2014-06-30,MU,53613,0.01826710198506468,358.2,2.88,35283617.85
2014-06-30,C,70519,0.01717966157155501,288.3,0.31,143079673.5
2014-06-30,USB,66157,0.017059228921035896,325.9,1.7,78632298.0
2014-06-30,DIS,26403,0.016868996555335334,283.4,0.13,148488304.56
2014-06-30,GILD,77274,0.016310461628811185,293.4,0.5,126524225.13
2014-06-30,HES,28484,0.016115746136949705,349.0,2.54,31072029.12
2014-06-30,DFS,92121,0.01608090444330618,350.1,2.59,28899662.52
2014-06-30,BIIB,76841,0.015665937489418094,320.8,1.51,74458879.95
2014-06-30,HP,32707,0.014149995160525796,349.3,2.56,12556483.73
2014-06-30,STI,68144,0.013436023523376377,340.2,2.22,21345690.58
2014-06-30,CELG,11552,0.013081208715306396,310.2,1.12,68635296.0
2014-06-30,GS,86868,0.013045146650687052,306.3,0.97,74875149.44
2014-06-30,BCR,46877,0.012848143385681994,343.2,2.33,10905512.81
2014-06-30,FITB,34746,0.012724741288798507,338.3,2.15,18029840.15
2014-06-30,MCO,48506,0.012599217299332548,337.2,2.11,18732942.0
2014-06-30,CMCSA,89525,0.012438330593626064,281.5,0.06,111095591.2
2014-06-30,VRSN,85753,0.012421001998142734,343.7,2.35,6149718.33
2014-06-30,BLK,87267,0.012365213339879225,315.4,1.31,53315034.47
2014-06-30,SNDK,82618,0.012080669501575773,331.6,1.9,23416234.47
2014-06-30,BEN,37584,0.011924542878485952,323.1,1.59,36305589.6
2014-06-30,SWN,63765,0.011682430989600765,333.8,1.99,16061290.77
2014-06-30,ETFC,83862,0.011261237886156742,337.4,2.12,6137485.62
2014-06-30,BK,49656,0.011211109977312778,315.4,1.31,42741180.04
2014-06-30,PHM,54148,0.010928067227555696,334.7,2.02,7633624.32
2014-06-30,PNC,60442,0.010762974914543361,310.1,1.11,47564187.45
2014-06-30,OXY,34833,0.010712575381114918,290.2,0.38,80627564.82
2014-06-30,HBAN,42906,0.010596226002757293,332.8,1.95,7794199.08
2014-06-30,LO,17279,0.010190606189500925,322.1,1.56,22104002.83
2014-06-30,AIG,66800,0.010162603524308958,288.2,0.31,78958102.42
2014-06-30,AMGN,14008,0.009903172485372138,280.3,0.02,89890178.0
2014-06-30,BBT,71563,0.009803701045888897,316.3,1.34,28330336.71
2014-06-30,MCHP,78987,0.009470835110746128,325.5,1.68,9781572.81
2014-06-30,AGN,75646,0.009449198017875098,301.3,0.79,50352595.54
2014-06-30,EQT,24328,0.009236031768391143,320.4,1.49,16222181.9
2014-06-30,MON,88668,0.009128216847491015,290.6,0.4,65437855.56
2014-06-30,RF,35044,0.009119056477970625,320.7,1.5,14645054.34
2014-06-30,VIAB,91063,0.008572020091638578,307.2,1.01,32376309.0
2014-06-30,MS,69032,0.008500718182257531,288.2,0.31,63731967.35
2014-06-30,WYNN,89533,0.008069748213041867,311.2,1.15,21035790.88
2014-06-30,TWX,77418,0.007609384523919323,284.4,0.17,61967384.5
2014-06-30,LM,65330,0.00679453275094716,313.2,1.23,5982951.24
2014-06-30,LRCX,48486,0.006621907001352657,309.3,1.08,10971613.0
2014-06-30,ICE,90993,0.006621862231740483,302.9,0.85,21753156.15
2014-06-30,GLW,22293,0.006260732575544824,296.8,0.63,28721048.2
2014-06-30,CMA,25081,0.006161591171258061,307.9,1.03,9112767.84
2014-06-30,REGN,76614,0.005882371769405525,295.1,0.56,28118476.15
2014-06-30,HOG,70033,0.005618171479622256,301.3,0.79,15252865.1
2014-06-30,CTSH,86158,0.005451462308039835,291.8,0.44,29729943.5
2014-06-30,ISRG,88352,0.005442735136729065,300.6,0.76,14824799.64
2014-06-30,TROW,10138,0.005383628640105224,295.9,0.59,22201264.97
2014-06-30,NVDA,86580,0.005100847136790677,301.4,0.79,10344689.64
2014-06-30,TRV,59459,0.004634140928144573,285.6,0.21,32686691.04
2014-06-30,RAI,86946,0.004560532521726927,285.4,0.21,32349229.45
2014-06-30,ZMH,89070,0.004439906604639025,293.6,0.51,17429681.34
2014-06-30,NSC,64311,0.00416244166154145,283.5,0.14,31902827.38
2014-06-30,CMG,91068,0.003793769924044821,289.5,0.36,18416988.64
2014-06-30,APH,84769,0.003656605298955406,290.7,0.4,15138674.92
2014-06-30,LLTC,10299,0.003600387468536521,292.7,0.47,11254248.72
2014-06-30,EW,87657,0.003378800093448382,292.8,0.48,9055604.96
2014-06-30,FSLR,91611,0.003332869426726874,293.7,0.51,7118577.62
2014-06-30,KEY,64995,0.0030364474961657863,288.8,0.33,12657703.33
2014-06-30,AMP,90880,0.0029098959607036577,282.1,0.08,22785600.0
2014-06-30,FFIV,86964,0.0024864816426038417,288.4,0.32,8292807.6
2014-06-30,HRS,25582,0.0024250925845432135,288.2,0.31,8067299.25
2014-06-30,PKI,42200,0.0022521167728208357,288.9,0.33,5303224.8
2014-06-30,SNI,92709,0.0010905396408768004,280.5,0.03,8812209.7
2014-06-30,HCBK,87070,0.0005673064764433364,279.8,0.0,5197641.99
2014-06-30,PBCT,12073,0.0005094768515406144,279.8,0.0,4667809.0
2014-07-31,AAPL,14593,0.07863889406814112,376.5,3.7,572440085.2
2014-07-31,WFC,38703,0.040732279192307354,345.6,2.53,267219910.0
2014-07-31,MSFT,10107,0.04070165980704314,296.4,0.67,355631882.84
2014-07-31,GOOGL,90319,0.03239512798905979,358.7,3.03,164218966.97
2014-07-31,ORCL,10104,0.02745607535087017,323.9,1.71,179932966.71
2014-07-31,V,92611,0.02656762336058972,361.1,3.12,104404999.92
2014-07-31,PCLN,86783,0.02227501958482718,360.2,3.09,65155317.83
2014-07-31,PFE,21936,0.021078077387370206,288.6,0.37,182847413.0
2014-07-31,MRK,22752,0.021069215526802066,298.0,0.73,165815614.24
2014-07-31,MU,53613,0.020666674431128247,369.7,3.45,32713642.65
2014-07-31,EOG,75825,0.01983901470555696,350.3,2.71,59809616.64
2014-07-31,BAC,59408,0.019417666658150232,292.3,0.52,160366910.75
2014-07-31,UNP,48725,0.019187916227044976,331.1,1.98,88226146.68
2014-07-31,CF,90829,0.01850535477794764,369.2,3.43,13035954.82
2014-07-31,PHM,54148,0.017927818500731968,369.7,3.45,6635446.9
2014-07-31,USB,66157,0.017888322314134196,331.0,1.98,76032270.0
2014-07-31,QCOM,77178,0.017483040660716914,302.5,0.9,123556489.28
2014-07-31,DIS,26403,0.017343504073589935,287.8,0.34,148730762.72
2014-07-31,C,70519,0.016805438453560133,285.2,0.25,148295120.0
2014-07-31,HES,28484,0.016672346066707113,349.5,2.68,31100307.84
2014-07-31,MA,91233,0.01623324323445603,318.6,1.51,82629497.4
2014-07-31,DFS,92121,0.01597142925004297,347.3,2.6,28392900.0
2014-07-31,BIIB,76841,0.015829395752927803,318.5,1.51,78964528.91
2014-07-31,GILD,77274,0.015367874699788604,283.1,0.17,138393388.5
2014-07-31,HP,32707,0.014688652720025014,349.9,2.7,11491275.18
2014-07-31,SNDK,82618,0.013482917405512562,338.5,2.26,20564041.59
2014-07-31,FITB,34746,0.012871387559867208,337.2,2.22,17085112.32
2014-07-31,GS,86868,0.01279926301485183,302.4,0.9,79139886.0
2014-07-31,OXY,34833,0.012663172802795773,303.0,0.92,76762343.94
2014-07-31,STI,68144,0.012316249606344256,332.5,2.04,20273040.0
2014-07-31,BLK,87267,0.011693706990143013,312.0,1.26,51305258.67
2014-07-31,MCO,48506,0.011586662885005325,329.7,1.93,18374400.0
2014-07-31,PNC,60442,0.011581001876239241,315.5,1.39,43921920.0
2014-07-31,BEN,37584,0.011508824263938818,320.7,1.59,33859507.65
2014-07-31,BCR,46877,0.011053875564184872,330.9,1.98,11137930.28
2014-07-31,ETFC,83862,0.010767653110942693,332.2,2.03,6068852.36
2014-07-31,LO,17279,0.01046674991024148,321.9,1.64,21773828.16
2014-07-31,BK,49656,0.010339193860510904,308.8,1.14,44177507.84
2014-07-31,VRSN,85753,0.01030978354875446,329.4,1.92,6757385.05
2014-07-31,AXP,59176,0.01029741628244713,282.0,0.12,92097896.0
2014-07-31,BBT,71563,0.010239244792006181,318.0,1.49,26638999.68
2014-07-31,AIG,66800,0.010169737390181685,290.7,0.45,75196815.02
2014-07-31,SWN,63765,0.01006379502015326,323.9,1.71,14331232.8
2014-07-31,RF,35044,0.009818949718709693,322.8,1.67,13983130.98
2014-07-31,HBAN,42906,0.009779972032986282,325.9,1.79,8022959.64
2014-07-31,MCHP,78987,0.009657680477081822,324.7,1.74,9022053.02
2014-07-31,CELG,11552,0.00904093372513977,287.8,0.34,69677296.5
2014-07-31,ISRG,88352,0.008790428766825993,316.0,1.41,16449837.24
2014-07-31,AGN,75646,0.00871285736341683,297.4,0.71,49245492.6
2014-07-31,MON,88668,0.008256788101108376,289.4,0.41,59326335.46
2014-07-31,WYNN,89533,0.007741552219668983,307.6,1.09,21607393.6
2014-07-31,TWX,77418,0.00771008388792981,278.8,0.0,73231775.96
2014-07-31,VIAB,91063,0.007509798178776794,301.3,0.86,30759109.57
2014-07-31,LRCX,48486,0.007385328342477598,311.4,1.24,11364500.0
2014-07-31,EQT,24328,0.007249080629626689,309.1,1.15,14213917.64
2014-07-31,TROW,10138,0.0070686503308956365,304.7,0.98,20428773.64
2014-07-31,LM,65330,0.0068107319825283655,311.6,1.25,5532859.8
2014-07-31,CMA,25081,0.006426739122446466,307.6,1.09,9088314.76
2014-07-31,GLW,22293,0.005940109933675852,296.0,0.66,25368680.55
2014-07-31,RAI,86946,0.005596813374218949,291.8,0.5,29672211.4
2014-07-31,ICE,90993,0.0054301278935660205,295.1,0.62,22135478.54
2014-07-31,FSLR,91611,0.005189470990664877,302.6,0.91,6322170.47
2014-07-31,NEE,24205,0.004870870286303547,281.7,0.11,40969558.73
2014-07-31,HOG,70033,0.004863956094792494,296.9,0.69,13499386.12
2014-07-31,NVDA,86580,0.004764086519525057,298.6,0.75,9483512.5
2014-07-31,NSC,64311,0.004667961176425351,285.9,0.27,31465294.9
2014-07-31,APH,84769,0.0043705882452618255,293.4,0.56,15111961.46
2014-07-31,EW,87657,0.00410527798029516,295.1,0.62,9520833.5
2014-07-31,TRV,59459,0.004097937771640948,283.5,0.18,30364780.64
2014-07-31,CMG,91068,0.004046272364939646,288.5,0.37,20858260.0
2014-07-31,CTSH,86158,0.0038319156665523055,282.4,0.14,29815042.5
2014-07-31,PKI,42200,0.003067964525468495,292.0,0.5,5233028.4
2014-07-31,AMP,90880,0.0030099330394927977,282.0,0.12,22709648.0
2014-07-31,MSI,22779,0.0024007353357677996,282.4,0.14,16187965.44
2014-07-31,DNR,82196,0.0022923468664424857,287.5,0.33,5961060.75
2014-07-31,PBCT,12073,0.0022152308340616825,287.9,0.35,4505628.6
2014-07-31,ZMH,89070,0.0019530994797184887,279.7,0.04,16793647.33
2014-07-31,KEY,64995,0.0017391854221700004,281.3,0.1,11872183.42
2014-07-31,TAP,59248,0.0016717369454627073,280.8,0.08,12131426.85
2014-07-31,SNI,92709,0.0013944281632547629,281.1,0.09,8950138.05
2014-07-31,HRS,25582,0.0008204073113104237,279.0,0.01,7270686.73
2014-07-31,NDAQ,90601,0.0007476682217291862,278.7,0.0,7118971.84
2014-08-31,AAPL,14593,0.07957586878792129,376.5,3.05,613756367.5
2014-08-31,WFC,38703,0.039562023827513566,352.1,2.28,268537736.08
2014-08-31,GILD,77274,0.03261984371063557,378.6,3.12,162595225.2
2014-08-31,JNJ,22111,0.03202799075059189,288.1,0.27,292548370.51
2014-08-31,GOOGL,90319,0.03141300589238212,369.3,2.82,165015197.33
2014-08-31,ORCL,10104,0.027274313010024268,329.6,1.58,185011540.17
2014-08-31,V,92611,0.02559422620929694,372.2,2.91,105152133.24
2014-08-31,VZ,65875,0.023387851848705437,290.5,0.35,206515458.24
2014-08-31,MRK,22752,0.021675398518462622,301.7,0.7,173395229.52
2014-08-31,BAC,59408,0.020073628040014474,294.3,0.47,169200235.67
2014-08-31,DIS,26403,0.01989212518656403,303.1,0.74,154283064.6
2014-08-31,DAL,91926,0.019405243162064708,380.7,3.18,33366177.48
2014-08-31,PCLN,86783,0.01886928143249857,356.0,2.41,65261574.03
2014-08-31,BIIB,76841,0.01871360387160983,344.5,2.04,81007183.16
2014-08-31,MU,53613,0.018035372484612493,370.9,2.87,34979800.0
2014-08-31,CF,90829,0.017249586464420177,380.7,3.18,12798727.07
2014-08-31,EW,87657,0.017058373895847422,381.0,3.19,10524835.58
2014-08-31,MA,91233,0.01665909874439457,329.1,1.56,84479328.36
2014-08-31,QCOM,77178,0.016602952106070074,300.0,0.65,127545426.4
2014-08-31,USB,66157,0.01630805934923124,332.4,1.66,76185473.56
2014-08-31,GS,86868,0.01579294942218737,327.3,1.5,78912283.8
2014-08-31,DFS,92121,0.015566946037316726,359.3,2.51,28808952.48
2014-08-31,BCR,46877,0.0146980343551098,365.6,2.71,11078967.84
2014-08-31,EOG,75825,0.014439415100255981,331.2,1.63,60154465.28
2014-08-31,TWX,77418,0.013905462564532118,324.0,1.4,65848017.08
2014-08-31,CMCSA,89525,0.013879534672919532,292.2,0.4,113247964.8
2014-08-31,HES,28484,0.01387662805685228,347.0,2.12,31110997.5
2014-08-31,PHM,54148,0.013540382291280068,360.8,2.56,7225682.12
2014-08-31,ETFC,83862,0.013488066737946702,361.0,2.56,6426862.68
2014-08-31,AMGN,14008,0.013310830417125637,293.5,0.44,105874023.66
2014-08-31,MO,13901,0.01327422738374128,306.9,0.86,85446982.92
2014-08-31,MS,69032,0.012807891764944162,316.0,1.15,67362675.74
2014-08-31,MCO,48506,0.012702851773729446,347.1,2.13,19761984.0
2014-08-31,VRSN,85753,0.012290321239031354,352.9,2.31,7135573.58
2014-08-31,STI,68144,0.011604258121969718,339.8,1.9,20218042.88
2014-08-31,BLK,87267,0.011576507134249387,316.5,1.17,54864674.7
2014-08-31,BEN,37584,0.011289143760101147,327.7,1.52,35341447.32
2014-08-31,HP,32707,0.010378447201995045,337.9,1.84,11369246.35
2014-08-31,FITB,34746,0.01035850810085553,334.0,1.71,17022544.77
2014-08-31,PNC,60442,0.009999645200282048,312.5,1.04,45812968.5
2014-08-31,ALXN,83111,0.009885687131904165,320.0,1.28,33488099.37
2014-08-31,LO,17279,0.009853405540673559,327.8,1.52,21493014.9
2014-08-31,AGN,75646,0.009778033770148959,309.2,0.94,48643074.15
2014-08-31,HBAN,42906,0.009731062164905517,336.0,1.78,8039299.68
2014-08-31,ISRG,88352,0.00946600909167979,328.4,1.54,16897799.88
2014-08-31,AIG,66800,0.009153296355566255,284.3,0.15,79991117.04
2014-08-31,RF,35044,0.00914573457214564,328.3,1.54,13991846.05
2014-08-31,LRCX,48486,0.008995016249524505,328.9,1.55,11654813.25
2014-08-31,MCHP,78987,0.008657767518261193,328.0,1.53,9785580.83
2014-08-31,SCHW,75186,0.00815035302157995,306.5,0.85,37158651.05
2014-08-31,BBT,71563,0.007605113705740073,309.9,0.96,26862070.72
2014-08-31,WYNN,89533,0.007545212997421496,314.4,1.1,19548002.24
2014-08-31,CMA,25081,0.00750262709607619,321.1,1.31,9102780.84
2014-08-31,LM,65330,0.007288577944542641,322.0,1.34,5711995.8
2014-08-31,NDAQ,90601,0.006375102036582405,315.1,1.12,7334953.92
2014-08-31,TROW,10138,0.0062532963627219855,305.0,0.8,21306058.73
2014-08-31,REGN,76614,0.006199306917543478,295.7,0.51,34725533.59
2014-08-31,RAI,86946,0.006035419290037481,297.1,0.56,31064175.48
2014-08-31,WDC,66384,0.005918540131674554,301.0,0.68,24105473.11
2014-08-31,SNDK,82618,0.0058984006938223406,302.3,0.72,21965472.84
2014-08-31,BK,49656,0.0056832753429693775,286.0,0.21,44335931.28
2014-08-31,APH,84769,0.005418967344538515,303.1,0.74,16192450.93
2014-08-31,NSC,64311,0.0049943690030966525,289.1,0.3,33118105.0
2014-08-31,SWN,63765,0.004743574972161534,299.9,0.64,14543128.8
2014-08-31,CMG,91068,0.004640250113624738,294.9,0.49,21049009.02
2014-08-31,CME,89626,0.004439072451785285,290.5,0.35,25722254.45
2014-08-31,AMP,90880,0.004037859437703362,289.4,0.31,23542397.76
2014-08-31,ICE,90993,0.00399030945212378,290.5,0.35,21440538.0
2014-08-31,CTSH,86158,0.0035733006262342847,283.6,0.13,27800364.52
2014-08-31,INTU,78975,0.003462993212123649,285.6,0.19,23751217.2
2014-08-31,MHFI,17478,0.0028531478212555686,282.9,0.11,21978117.0
2014-08-31,GLW,22293,0.0028225963005002112,279.4,0.0,26930823.22
2014-08-31,FSLR,91611,0.0028046489808797176,292.6,0.41,6981448.24
2014-08-31,ZMH,89070,0.0022293090077015265,282.4,0.09,16775147.27
2014-08-31,PKI,42200,0.002179718317856273,289.9,0.33,5064417.15
2014-08-31,NVDA,86580,0.0019370267226543262,284.7,0.17,10540246.75
2014-08-31,DPS,92618,0.0019306405687558544,283.5,0.13,12277327.92
2014-08-31,GHC,53225,0.001840238415336929,288.9,0.3,3323731.15
2014-08-31,EFX,52476,0.0014920651584226976,282.5,0.1,9591156.52
2014-08-31,LLTC,10299,0.001488857970468214,281.7,0.07,10759231.21
2014-08-31,IRM,83143,0.0013406956294194983,283.3,0.12,6948241.72
2014-08-31,PBCT,12073,0.0012714163822359426,284.4,0.16,4639059.75
2014-08-31,HCBK,87070,0.0006098055463133503,279.8,0.01,5218910.55
2014-09-30,AAPL,14593,0.07722866337866661,381.4,3.28,591015720.75
2014-09-30,WFC,38703,0.039618735612596406,351.9,2.35,270782511.09
2014-09-30,JNJ,22111,0.03341030632013433,293.2,0.5,300614391.33
2014-09-30,GILD,77274,0.03266689726972161,379.3,3.22,161121974.85
2014-09-30,GOOGL,90319,0.030937023247932884,364.2,2.74,167505019.8
2014-09-30,ORCL,10104,0.02529192714006813,327.1,1.57,169630317.12
2014-09-30,BAC,59408,0.023741681212146672,311.0,1.06,179295464.15
2014-09-30,VZ,65875,0.022963708244726273,287.9,0.33,207220147.68
2014-09-30,MRK,22752,0.02257219356474971,309.0,1.0,171000984.96
2014-09-30,V,92611,0.02216268017566254,349.0,2.26,105572702.19
2014-09-30,EW,87657,0.019511726001228677,393.9,3.68,10831270.95
2014-09-30,DIS,26403,0.019153127238073577,299.2,0.69,152824001.35
2014-09-30,DAL,91926,0.018988097719170583,377.8,3.17,30474666.9
2014-09-30,MU,53613,0.018196588125433618,368.7,2.88,36760980.0
2014-09-30,BIIB,76841,0.017615668939102002,338.1,1.92,78122435.55
2014-09-30,QCOM,77178,0.016980187354787835,303.7,0.83,124791130.0
2014-09-30,PCLN,86783,0.016419375256243787,341.9,2.04,60657453.81
2014-09-30,C,70519,0.016353649906424027,278.7,0.04,157106476.86
2014-09-30,USB,66157,0.015878871357242964,328.9,1.62,75374606.41
2014-09-30,GS,86868,0.015559920830008532,323.3,1.45,80877275.01
2014-09-30,CF,90829,0.015525242608915885,366.7,2.82,13869136.62
2014-09-30,AMGN,14008,0.015464557009442624,305.8,0.89,106833883.61
2014-09-30,BCR,46877,0.01459357355521318,362.9,2.7,10651304.31
2014-09-30,MO,13901,0.01433775275957307,308.9,0.99,91119647.06
2014-09-30,DFS,92121,0.01432918583342264,348.8,2.25,29741998.56
2014-09-30,PHM,54148,0.014291423596976507,363.6,2.72,6639206.36
2014-09-30,HES,28484,0.013607361712727839,344.7,2.12,29024622.0
2014-09-30,MS,69032,0.013289472566227496,317.4,1.26,67873147.78
2014-09-30,BLK,87267,0.013114547687894574,325.0,1.5,54497838.46
2014-09-30,MA,91233,0.012853073945186227,305.2,0.88,82373195.52
2014-09-30,EOG,75825,0.012721318548124059,322.7,1.43,54209093.12
2014-09-30,ETFC,83862,0.012145887258347265,350.1,2.29,6524285.67
2014-09-30,MCO,48506,0.012058172580196818,340.8,2.0,19958400.0
2014-09-30,VRSN,85753,0.012040206039776007,349.3,2.27,6726073.12
2014-09-30,CMCSA,89525,0.011977415834937487,278.0,0.02,115646844.82
2014-09-30,STI,68144,0.011449943640476816,336.8,1.87,20191496.08
2014-09-30,ISRG,88352,0.011429221501106457,338.9,1.94,16764066.36
2014-09-30,PNC,60442,0.010813076023260032,315.8,1.21,46261638.28
2014-09-30,MCHP,78987,0.010665167558269057,338.8,1.94,9491435.26
2014-09-30,FITB,34746,0.010490316618551557,333.0,1.75,16701925.24
2014-09-30,TWX,77418,0.010170927839318571,300.0,0.71,64292215.56
2014-09-30,HP,32707,0.010114596210623696,334.6,1.8,10592176.49
2014-09-30,AGN,75646,0.010000247057586864,306.3,0.91,52955216.96
2014-09-30,AIG,66800,0.009795469406041422,289.3,0.37,77080273.68
2014-09-30,ALXN,83111,0.0096894001295993,317.4,1.26,32882107.98
2014-09-30,HBAN,42906,0.009350181333672105,331.5,1.71,7924637.42
2014-09-30,RF,35044,0.009263376037047431,327.1,1.57,13840210.28
2014-09-30,LO,17279,0.009078590282286405,320.9,1.37,21568618.47
2014-09-30,CMA,25081,0.00876703289139023,327.1,1.57,9015984.36
2014-09-30,BEN,37584,0.008634157879798115,309.9,1.02,34147141.51
2014-09-30,BBT,71563,0.008381514103058124,313.1,1.13,26775720.64
2014-09-30,SCHW,75186,0.008287544861826866,305.0,0.87,38305603.45
2014-09-30,LRCX,48486,0.00822669239623587,321.8,1.4,11905984.8
2014-09-30,LM,65330,0.0075481241743703955,321.4,1.39,5925095.4
2014-09-30,TROW,10138,0.006812475597222905,307.3,0.94,20435352.0
2014-09-30,SWN,63765,0.006770147477357589,312.3,1.1,12342942.0
2014-09-30,APH,84769,0.006688519196769777,309.6,1.01,15697292.98
2014-09-30,RAI,86946,0.006212223125844201,296.4,0.6,31345756.0
2014-09-30,WDC,66384,0.005974299472429784,300.5,0.73,22734827.88
2014-09-30,NDAQ,90601,0.005793008604915643,309.5,1.01,7146964.02
2014-09-30,SNDK,82618,0.005684977236320884,299.4,0.69,21612569.55
2014-09-30,MNST,88031,0.005611408176078441,303.0,0.81,15367192.12
2014-09-30,BK,49656,0.005552283969205791,284.1,0.21,43826713.08
2014-09-30,CMG,91068,0.004624388370242664,293.3,0.5,20674956.37
2014-09-30,NSC,64311,0.004549592340446199,283.8,0.2,34541874.0
2014-09-30,WYNN,89533,0.004179311805563008,291.6,0.45,18960558.0
2014-09-30,AMP,90880,0.0039568610178539396,287.5,0.32,23096859.38
2014-09-30,CME,89626,0.003909443758922903,284.8,0.23,26783725.68
2014-09-30,STT,72726,0.003207481109561851,277.5,0.0,31175233.59
2014-09-30,GLW,22293,0.0030114418192834797,280.3,0.09,24968462.18
2014-09-30,ICE,90993,0.003003577248471376,282.1,0.15,22126862.1
2014-09-30,HRB,49373,0.0029797651285595208,290.8,0.42,8530478.88
2014-09-30,FSLR,91611,0.002954465104631554,291.9,0.46,6594754.29
2014-09-30,INTU,78975,0.0027014187124358795,278.3,0.03,25027581.0
2014-09-30,DPS,92618,0.002555487122585785,285.5,0.25,12548553.06
2014-09-30,EFX,52476,0.0021692362325998896,285.3,0.25,9101612.98
2014-09-30,NTRS,58246,0.001980281967264489,279.6,0.07,16021405.15
2014-09-30,FFIV,86964,0.0019081163599860569,283.9,0.2,8714328.6
2014-09-30,IRM,83143,0.0017708859169180743,284.6,0.22,6305172.1
2014-09-30,PBCT,12073,0.0015802643919252872,284.6,0.22,4452419.0
2014-09-30,NVDA,86580,0.0014554264109147565,280.2,0.09,9998331.75
2014-09-30,HCBK,87070,0.0014454963296376881,283.3,0.18,5139595.8
2014-09-30,LLTC,10299,0.0012019156204486872,278.2,0.02,10606724.16
2014-10-31,AAPL,14593,0.07458106671755033,379.6,3.34,633402720.0
2014-10-31,WFC,38703,0.03828439818273301,357.1,2.6,276864350.0
2014-10-31,MSFT,10107,0.03534994069767908,278.7,0.0,387001948.35
2014-10-31,GILD,77274,0.031876622128820184,377.9,3.29,168970368.0
2014-10-31,JNJ,22111,0.030573752098846288,296.9,0.6,301688075.8
2014-10-31,BAC,59408,0.025682203179566515,334.2,1.84,180452741.04
2014-10-31,GOOGL,90319,0.02556397911666468,343.8,2.16,161738461.92
2014-10-31,V,92611,0.023956001692547906,357.4,2.61,119456420.46
2014-10-31,MRK,22752,0.02282485257424238,324.3,1.51,167135578.08
2014-10-31,JPM,47896,0.022270671881069983,287.7,0.3,227482274.88
2014-10-31,ORCL,10104,0.021706906483748463,314.3,1.18,173042421.2
2014-10-31,EW,87657,0.021270391218490718,399.9,4.02,12935296.08
2014-10-31,VZ,65875,0.019544434292683027,281.7,0.1,208523631.0
2014-10-31,CF,90829,0.01903086947635905,386.4,3.57,12914460.0
2014-10-31,DAL,91926,0.01878858759459234,373.5,3.14,33670136.43
2014-10-31,GS,86868,0.017753258922589055,338.4,1.98,86027476.53
2014-10-31,DIS,26403,0.017709168526239803,299.1,0.68,156857882.1
2014-10-31,BIIB,76841,0.0172853997670802,341.2,2.07,75824645.04
2014-10-31,C,70519,0.016818534912568305,290.8,0.4,162168492.64
2014-10-31,USB,66157,0.016266702556778714,334.7,1.86,76467000.0
2014-10-31,QCOM,77178,0.016096135062702813,303.6,0.83,131033190.0
2014-10-31,AMGN,14008,0.015594639953960227,304.8,0.87,123365452.99
2014-10-31,MU,53613,0.015012778402751573,349.7,2.35,35520625.95
2014-10-31,MO,13901,0.014793581811720477,315.3,1.21,95542559.8
2014-10-31,PCLN,86783,0.013757653534751696,326.9,1.6,63152328.67
2014-10-31,ETFC,83862,0.01343459429072969,356.2,2.57,6448290.3
2014-10-31,DFS,92121,0.013299605140424303,343.0,2.13,28922954.4
2014-10-31,MCO,48506,0.01327773642461447,347.4,2.28,20699378.0
2014-10-31,ISRG,88352,0.013194517952101824,348.4,2.31,17973741.24
2014-10-31,MS,69032,0.012633385928487523,317.2,1.28,68445590.7
2014-10-31,STI,68144,0.012211588087599212,341.0,2.07,20640792.12
2014-10-31,PNC,60442,0.012105916831443467,326.6,1.59,45613920.0
2014-10-31,MA,91233,0.012077431467095357,300.2,0.71,93207050.0
2014-10-31,HES,28484,0.01178188318886338,335.4,1.88,26098157.25
2014-10-31,VRSN,85753,0.01077170994369014,339.7,2.02,7236338.4
2014-10-31,BLK,87267,0.010509806902065464,310.6,1.06,57173445.42
2014-10-31,PHM,54148,0.010495430756212447,338.1,1.97,7115037.92
2014-10-31,BBT,71563,0.010149912871388875,324.9,1.53,27284888.24
2014-10-31,AGN,75646,0.010139244056854508,308.7,0.99,56564326.78
2014-10-31,FITB,34746,0.009974394117755752,329.8,1.69,16471899.93
2014-10-31,RF,35044,0.009969228115644924,331.3,1.74,13693470.0
2014-10-31,HP,32707,0.009543558661000604,331.1,1.74,9396268.14
2014-10-31,MCHP,78987,0.00934403894133298,330.3,1.71,8663644.26
2014-10-31,TWX,77418,0.009304798464703098,297.4,0.62,67933816.92
2014-10-31,ALXN,83111,0.009117997829366406,312.8,1.13,37944200.32
2014-10-31,HBAN,42906,0.009057877520137255,328.9,1.66,8071239.14
2014-10-31,LRCX,48486,0.008904171263516558,325.6,1.55,12376625.6
2014-10-31,SCHW,75186,0.00881666746793127,311.3,1.08,37367187.85
2014-10-31,BCR,46877,0.008729704276218043,324.6,1.52,12281189.03
2014-10-31,EOG,75825,0.008184114259208293,299.4,0.69,52035692.8
2014-10-31,CME,89626,0.007948934778970445,311.1,1.07,28230392.78
2014-10-31,CMA,25081,0.007562719585966389,319.6,1.36,8578257.38
2014-10-31,LO,17279,0.007525331656721189,311.9,1.1,22141230.0
2014-10-31,LM,65330,0.007196658319475475,318.8,1.33,6022380.0
2014-10-31,BEN,37584,0.006793989435066225,300.6,0.73,34639469.0
2014-10-31,REGN,76614,0.006618498225223746,297.0,0.61,39250734.24
2014-10-31,APH,84769,0.0064747151853726355,309.0,1.0,15901643.88
2014-10-31,RAI,86946,0.006434256142170042,299.1,0.68,33423076.44
2014-10-31,MNST,88031,0.00613599346917888,306.4,0.92,16911321.44
2014-10-31,SNDK,82618,0.005643307677968518,301.3,0.75,20771896.86
2014-10-31,WDC,66384,0.005401673644837627,298.7,0.66,22844465.1
2014-10-31,TROW,10138,0.004746149270108805,295.6,0.56,21293160.92
2014-10-31,BK,49656,0.004445513310163939,281.5,0.09,43587491.2
2014-10-31,NSC,64311,0.0042875280550668665,285.7,0.23,34236662.88
2014-10-31,NDAQ,90601,0.004143268255458957,299.7,0.7,7253187.9
2014-10-31,ICE,90993,0.003865549872665737,289.0,0.34,23628833.05
2014-10-31,STT,72726,0.0037148070166422376,283.5,0.16,31958743.74
2014-10-31,INTU,78975,0.0035376339547538715,286.2,0.25,25119726.19
2014-10-31,CSX,62148,0.0033721719981531693,279.5,0.03,35465995.11
2014-10-31,HCBK,87070,0.0033667020451755357,296.2,0.58,5102582.25
2014-10-31,AKAM,87299,0.003335138790623883,292.9,0.47,10745158.5
2014-10-31,SWN,63765,0.0030873162400823816,291.0,0.41,11479768.65
2014-10-31,WYNN,89533,0.003051886295078998,286.5,0.26,19257512.49
2014-10-31,IRM,83143,0.002958698369178082,292.7,0.46,6986903.28
2014-10-31,CMG,91068,0.002553213400779769,283.2,0.15,19786294.0
2014-10-31,AMP,90880,0.002517913173743768,281.0,0.08,23391918.0
2014-10-31,FFIV,86964,0.0024653371955535254,288.6,0.33,9025502.2
2014-10-31,DPS,92618,0.0023734071033930265,285.6,0.23,13462823.25
2014-10-31,PBCT,12073,0.0020853442102462105,288.8,0.33,4502521.4
2014-10-31,NVDA,86580,0.0020475002576898736,285.2,0.22,10620712.98
2014-10-31,ROP,77338,0.0018608260037421562,281.2,0.08,15835382.2
2014-10-31,NTRS,58246,0.0018074526833054814,281.0,0.08,15613981.5
2014-10-31,FSLR,91611,0.001218718832319875,282.8,0.14,5902427.9
2014-11-30,AAPL,14593,0.07988673991200752,348.5,2.45,697505421.2
2014-11-30,WFC,38703,0.04139285885401272,358.5,2.8,282621755.52
2014-11-30,JNJ,22111,0.03680659064945795,320.9,1.48,303003657.5
2014-11-30,GILD,77274,0.03464787135057768,392.8,3.99,151349172.48
2014-11-30,V,92611,0.02614012626915107,357.4,2.76,127339824.38
2014-11-30,GOOGL,90319,0.023947777101316705,328.7,1.76,156386774.98
2014-11-30,JPM,47896,0.02353998028848424,288.3,0.35,224889450.24
2014-11-30,AMGN,14008,0.02312294789753015,341.0,2.19,125746357.7
2014-11-30,EW,87657,0.022902467557811224,401.9,4.31,13872387.25
2014-11-30,ORCL,10104,0.022887903659536378,305.1,0.93,187931602.64
2014-11-30,VZ,65875,0.02263061642022431,291.4,0.45,209934537.16
2014-11-30,BAC,59408,0.020330463970635607,295.3,0.59,179200308.0
2014-11-30,DAL,91926,0.019253593126374178,367.0,3.09,39060036.47
2014-11-30,GS,86868,0.019008130935274953,341.7,2.21,82061221.86
2014-11-30,DIS,26403,0.018967611338609996,299.9,0.75,156870224.61
2014-11-30,QCOM,77178,0.018667686809417806,318.0,1.38,121203612.9
2014-11-30,MO,13901,0.017349823048155646,322.6,1.54,99337382.2
2014-11-30,MA,91233,0.016718436874865225,320.2,1.46,97146786.8
2014-11-30,MU,53613,0.016610819693717794,352.1,2.57,38627304.35
2014-11-30,CF,90829,0.016322296332018527,364.5,3.01,13336439.75
2014-11-30,BCR,46877,0.01552884465754675,360.4,2.86,12534348.4
2014-11-30,MCO,48506,0.015292022083156862,354.3,2.65,21070686.0
2014-11-30,BIIB,76841,0.015164107142603902,324.9,1.62,72662531.95
2014-11-30,USB,66157,0.014687919648138112,318.6,1.4,79090861.2
2014-11-30,ETFC,83862,0.014289571760974316,356.6,2.73,6595762.41
2014-11-30,DFS,92121,0.014193948878117403,343.2,2.26,29725614.0
2014-11-30,BLK,87267,0.013957785004821005,325.4,1.64,59325041.47
2014-11-30,CMCSA,89525,0.013153217575588405,285.6,0.25,122657047.76
2014-11-30,LRCX,48486,0.012986439724396536,345.5,2.34,13136454.4
2014-11-30,STI,68144,0.012913986145886642,341.0,2.19,20488006.24
2014-11-30,VRSN,85753,0.012906924647632195,348.3,2.44,7277509.0
2014-11-30,ALXN,83111,0.012877264611130975,330.7,1.83,38646134.32
2014-11-30,BBT,71563,0.012505649779073333,335.0,1.98,27076001.82
2014-11-30,MS,69032,0.01249137362073302,311.7,1.16,68861437.54
2014-11-30,TWX,77418,0.012438129125114713,310.0,1.1,71371928.32
2014-11-30,PNC,60442,0.011446217114698055,318.4,1.4,46027588.7
2014-11-30,PCLN,86783,0.011267584299280653,309.2,1.08,60742904.5
2014-11-30,SNDK,82618,0.010976548035732423,328.6,1.75,22828345.54
2014-11-30,AIG,66800,0.010268290351399622,294.6,0.57,76715177.6
2014-11-30,RF,35044,0.009740262986145313,326.5,1.68,13861103.25
2014-11-30,ISRG,88352,0.00971019748223515,323.6,1.58,18770198.77
2014-11-30,LO,17279,0.009605676666251247,320.8,1.48,22731662.8
2014-11-30,RAI,86946,0.009435725087636081,313.0,1.21,35016928.44
2014-11-30,AGN,75646,0.008972752503119304,294.4,0.56,63717617.11
2014-11-30,EA,75828,0.008376662568657392,318.8,1.41,13659418.48
2014-11-30,MNST,88031,0.008124736405030544,314.5,1.26,18800601.7
2014-11-30,HES,28484,0.0077701792222300715,310.8,1.13,21803809.17
2014-11-30,EOG,75825,0.007768632770524824,296.5,0.63,47523340.48
2014-11-30,DUK,27959,0.007749064300035798,291.0,0.44,57219841.9
2014-11-30,HBAN,42906,0.006960258476436023,313.7,1.23,8234129.94
2014-11-30,CME,89626,0.006884561998043071,302.0,0.82,28509968.32
2014-11-30,NEE,24205,0.006670968947081164,291.3,0.45,45564355.98
2014-11-30,WMB,38156,0.006300111539919352,293.0,0.51,38681210.25
2014-11-30,FITB,34746,0.006181215972600882,304.6,0.91,16579020.84
2014-11-30,HP,32707,0.006036590484885076,308.8,1.06,7529204.8
2014-11-30,ORLY,79103,0.005620655070390875,300.3,0.76,18538060.31
2014-11-30,APH,84769,0.005554539822189706,301.0,0.79,16596607.95
2014-11-30,TROW,10138,0.005433847532322342,297.5,0.67,21651116.36
2014-11-30,CSX,62148,0.005163633537992642,287.8,0.33,36322036.53
2014-11-30,GLW,22293,0.004585751019636218,289.7,0.39,26944444.96
2014-11-30,SCHW,75186,0.004511731626422259,283.7,0.19,36979378.08
2014-11-30,AKAM,87299,0.004396948664578787,297.2,0.66,11500192.34
2014-11-30,ROP,77338,0.004343371477037625,294.5,0.56,15806936.56
2014-11-30,WDC,66384,0.004333372906843493,289.9,0.4,23982392.1
2014-11-30,STT,72726,0.004328855418140641,285.4,0.24,32034391.35
2014-11-30,LM,65330,0.0043285507364667734,299.6,0.74,6475742.5
2014-11-30,TRV,59459,0.004125289957929121,282.8,0.15,34614730.0
2014-11-30,AMP,90880,0.004086427361594989,288.3,0.35,24315781.64
2014-11-30,IRM,83143,0.0039607439116344555,297.0,0.65,7362689.04
2014-11-30,BEN,37584,0.0036766444574359946,279.8,0.05,35388071.92
2014-11-30,NVDA,86580,0.0036015568548735328,292.7,0.5,11397970.89
2014-11-30,FFIV,86964,0.0035776751279639318,293.6,0.53,9532025.77
2014-11-30,SWN,63765,0.003493458069415395,292.1,0.48,11363240.7
2014-11-30,INTU,78975,0.0034722894682308065,283.4,0.17,26802231.75
2014-11-30,ZMH,89070,0.003450292247596876,287.6,0.32,19016760.66
2014-11-30,CMG,91068,0.003217981136380682,285.4,0.24,20580847.06
2014-11-30,CMA,25081,0.003064009948613511,291.3,0.45,8375211.07
2014-11-30,ICE,90993,0.0030289495623353705,281.6,0.11,25470656.06
2014-11-30,HRB,49373,0.002712863125425422,288.8,0.36,9253960.32
2014-11-30,PEG,23712,0.002190244086975518,279.2,0.03,21142518.32
2014-11-30,NDAQ,90601,0.0012365119818316598,281.3,0.1,7529835.15
2014-11-30,HCBK,87070,0.0009035433150241145,280.7,0.08,5176609.35
2014-11-30,CTAS,23660,0.0008320978686813846,278.4,0.0,8579251.45
2014-12-31,AAPL,14593,0.07045736273970045,356.6,2.86,643120129.22
2014-12-31,WFC,38703,0.03914027013109199,356.7,2.86,284385547.68
2014-12-31,JNJ,22111,0.03557518078263226,333.2,2.0,292702932.7
2014-12-31,MSFT,10107,0.03348975418297724,279.2,0.03,381726100.0
2014-12-31,GILD,77274,0.03224790639559387,387.4,3.98,141295740.0
2014-12-31,V,92611,0.024433015975811486,350.3,2.63,129393869.53
2014-12-31,EW,87657,0.023999709795241672,403.3,4.56,13626348.12
2014-12-31,AMGN,14008,0.022633186764743712,344.4,2.41,121124108.4
2014-12-31,ORCL,10104,0.02179707796186816,303.3,0.91,197479773.99
2014-12-31,JPM,47896,0.02125602343414378,282.9,0.16,233935867.62
2014-12-31,DAL,91926,0.02083560070353577,372.8,3.45,41169127.79
2014-12-31,VZ,65875,0.02049954044551778,297.8,0.71,194124088.72
2014-12-31,GOOGL,90319,0.019802506492629914,314.1,1.3,152065921.0
2014-12-31,BAC,59408,0.01970283759537906,296.3,0.65,188139290.5
2014-12-31,BCR,46877,0.018329585556617525,372.8,3.45,12479671.38
2014-12-31,GS,86868,0.01701665189604548,331.2,1.93,84421881.18
2014-12-31,MU,53613,0.016838002555097098,352.6,2.71,37635750.0
2014-12-31,MO,13901,0.016797197986884168,323.8,1.66,97380676.9
2014-12-31,T,66093,0.015419936694013663,279.5,0.04,174231330.0
2014-12-31,MCO,48506,0.015296299379835182,352.6,2.71,19985966.0
2014-12-31,CF,90829,0.015191091337289981,355.1,2.8,13554777.4
2014-12-31,QCOM,77178,0.015048802494650413,302.0,0.86,122941820.0
2014-12-31,DIS,26403,0.01504713723822338,284.4,0.22,159719019.09
2014-12-31,BIIB,76841,0.014553568766812304,320.0,1.52,79639724.65
2014-12-31,USB,66157,0.01412977381296331,317.3,1.42,80432900.7
2014-12-31,CSCO,76076,0.014049468533870518,287.3,0.33,142234450.22
2014-12-31,BLK,87267,0.01383462003354969,325.9,1.73,59073917.84
2014-12-31,MA,91233,0.013525823283899348,306.6,1.03,95889187.2
2014-12-31,LRCX,48486,0.013485711543942385,346.2,2.48,12638385.96
2014-12-31,DFS,92121,0.013295779149921118,337.0,2.14,29698405.2
2014-12-31,STI,68144,0.01312147740034631,339.8,2.24,21849006.4
2014-12-31,ALXN,83111,0.012950942970433487,331.7,1.95,36831331.68
2014-12-31,MS,69032,0.012605697775558498,311.1,1.19,75947236.4
2014-12-31,VRSN,85753,0.012441913955435062,343.3,2.37,6751764.0
2014-12-31,SNDK,82618,0.012328927941368584,335.8,2.1,21138499.14
2014-12-31,TWX,77418,0.012100183275102644,310.4,1.17,71623474.12
2014-12-31,ETFC,83862,0.011771060018534674,339.5,2.23,7016316.61
2014-12-31,CMCSA,89525,0.011511032471864831,282.3,0.14,123627315.38
2014-12-31,PCLN,86783,0.011107576164663853,310.9,1.19,59214523.85
2014-12-31,PNC,60442,0.01087727619339484,315.0,1.34,48006138.3
2014-12-31,LO,17279,0.01067215191938705,326.0,1.74,22660162.32
2014-12-31,RAI,86946,0.010561410854657423,319.9,1.52,34145622.68
2014-12-31,RF,35044,0.010437288281550567,328.6,1.83,14535576.0
2014-12-31,ISRG,88352,0.010206250640820355,324.8,1.69,19835250.0
2014-12-31,AMAT,14702,0.009963713117187004,318.4,1.46,30439082.24
2014-12-31,AIG,66800,0.009570071707907211,293.3,0.54,78409071.12
2014-12-31,BBT,71563,0.009404760969187614,316.5,1.39,28012389.22
2014-12-31,EA,75828,0.008705795068310287,319.1,1.49,14574650.0
2014-12-31,MNST,88031,0.008568292034391661,316.5,1.39,18436294.25
2014-12-31,AGN,75646,0.008508620345704635,294.7,0.6,63330348.41
2014-12-31,CME,89626,0.007382278360106506,304.6,0.96,29737819.8
2014-12-31,NEE,24205,0.007193566424363669,295.6,0.63,46393671.78
2014-12-31,DUK,27959,0.006896145369646003,287.9,0.35,59087090.14
2014-12-31,NVDA,86580,0.006850611138520296,310.7,1.18,10897916.85
2014-12-31,FITB,34746,0.005959091854671353,303.0,0.9,16789957.62
2014-12-31,ORLY,79103,0.005873275852324717,301.2,0.83,19570769.86
2014-12-31,HBAN,42906,0.005475563692109787,304.3,0.95,8536506.6
2014-12-31,APH,84769,0.005307892510502668,299.5,0.77,16652311.65
2014-12-31,TROW,10138,0.005051813758946583,295.3,0.62,22501587.78
2014-12-31,AKAM,87299,0.005016512817419784,300.5,0.81,11225830.96
2014-12-31,WMB,38156,0.005016049925737845,289.8,0.42,33590987.22
2014-12-31,TRV,59459,0.00494511641447581,288.7,0.38,35078690.0
2014-12-31,HES,28484,0.004667123966340962,293.4,0.55,22069891.58
2014-12-31,STT,72726,0.0046341733029619725,288.1,0.35,32773357.5
2014-12-31,CSX,62148,0.004245842583482376,284.4,0.22,36063233.31
2014-12-31,IRM,83143,0.004032132906376482,296.6,0.66,8110133.46
2014-12-31,LM,65330,0.00402003884751719,297.5,0.7,6090050.7
2014-12-31,ICE,90993,0.0039120612464748,288.0,0.35,24715516.9
2014-12-31,GLW,22293,0.003681442252834977,284.5,0.22,29392774.64
2014-12-31,SWN,63765,0.0035993339572166537,293.5,0.55,9636508.35
2014-12-31,BEN,37584,0.0035397377583222898,281.3,0.11,34460737.64
2014-12-31,CMG,91068,0.0035344409620607963,287.6,0.34,21228708.94
2014-12-31,FFIV,86964,0.003512726379134211,293.1,0.54,9481282.94
2014-12-31,AMP,90880,0.002990035110025736,283.1,0.17,24404357.0
2014-12-31,INTU,78975,0.0029019182493275827,281.7,0.12,26322549.75
2014-12-31,PEG,23712,0.002451351246102469,281.8,0.12,20955282.04
2014-12-31,KLAC,46886,0.0024236078133996293,286.2,0.28,11438602.8
2014-12-31,ZMH,89070,0.0023717868019581816,282.2,0.14,19208130.68
2014-12-31,HRB,49373,0.0019235195577812776,284.5,0.22,9267658.24
2014-12-31,HCBK,87070,0.0018742814393222624,286.1,0.28,5358853.72
2014-12-31,DPS,92618,0.0016190064320191486,280.6,0.08,13935237.12
2014-12-31,NDAQ,90601,0.001218472211899077,281.2,0.1,8095408.2
2014-12-31,CMA,25081,0.0007351820863276291,278.4,0.0,8416539.08
2015-01-31,AAPL,14593,0.0808220227387702,350.8,2.52,682427475.68
2015-01-31,WFC,38703,0.03890747336655348,347.0,2.39,269341438.08
2015-01-31,JNJ,22111,0.035921201851662116,321.5,1.58,280302875.4
2015-01-31,GILD,77274,0.02823231326751156,350.4,2.5,157140170.0
2015-01-31,V,92611,0.025017585613770696,350.3,2.5,125151123.42
2015-01-31,ORCL,10104,0.024621952555153693,311.1,1.25,183954363.63
2015-01-31,JPM,47896,0.023929163158250607,294.7,0.72,203282717.82
2015-01-31,EW,87657,0.022088791847507304,401.8,4.15,13409190.9
2015-01-31,AMGN,14008,0.021711012720411975,335.5,2.03,115778496.4
2015-01-31,GOOGL,90319,0.02070649700076127,305.2,1.06,154243519.03
2015-01-31,VZ,65875,0.020151966528396598,279.6,0.24,189683884.04
2015-01-31,DAL,91926,0.019616355805725728,370.0,3.13,39595678.71
2015-01-31,MU,53613,0.019257849594808266,372.8,3.22,31527564.94
2015-01-31,GS,86868,0.019099487661465724,344.6,2.32,75092485.86
2015-01-31,DIS,26403,0.019050688301934494,294.9,0.73,154174926.0
2015-01-31,MO,13901,0.018467036939064194,322.0,1.59,104950557.0
2015-01-31,BAC,59408,0.01762847169643046,282.8,0.34,159324217.5
2015-01-31,MS,69032,0.01676744058603249,335.6,2.03,66179795.43
2015-01-31,BCR,46877,0.016297572613353847,366.0,3.0,12809975.97
2015-01-31,MA,91233,0.015708541254007915,313.3,1.32,91292827.6
2015-01-31,CSCO,76076,0.015384928209744726,284.2,0.38,134646055.0
2015-01-31,QCOM,77178,0.015265410564274825,303.2,0.99,103031517.6
2015-01-31,BLK,87267,0.014718612281536063,329.0,1.82,56257020.79
2015-01-31,USB,66157,0.014366836092767857,315.1,1.37,74993167.26
2015-01-31,MCO,48506,0.013879930432241653,347.0,2.39,19051438.0
2015-01-31,TWX,77418,0.013754099811226338,317.3,1.44,65343213.98
2015-01-31,CF,90829,0.013701736430023958,348.3,2.44,15188074.3
2015-01-31,BIIB,76841,0.01346820587876698,299.3,0.87,91302384.24
2015-01-31,STI,68144,0.012985643140927932,340.8,2.2,20034339.52
2015-01-31,LRCX,48486,0.012808416838102906,344.6,2.32,12178115.04
2015-01-31,DFS,92121,0.012342962570624925,334.1,1.98,24333962.4
2015-01-31,SNDK,82618,0.011734723009146573,335.4,2.02,16169892.74
2015-01-31,AIG,66800,0.01143561818718503,300.9,0.92,68413699.44
2015-01-31,ETFC,83862,0.011024701636982288,336.9,2.07,6667742.65
2015-01-31,PCLN,86783,0.011021556077364708,308.3,1.16,52425323.8
2015-01-31,CME,89626,0.010913877301752462,322.5,1.61,28614055.6
2015-01-31,LO,17279,0.010814875047276566,325.0,1.69,23621437.08
2015-01-31,PNC,60442,0.010627879790325399,310.8,1.24,44485793.4
2015-01-31,AMAT,14702,0.010538579656148829,320.5,1.55,28062891.32
2015-01-31,VRSN,85753,0.010282840157556723,332.4,1.93,6453264.96
2015-01-31,RAI,86946,0.010157636134382475,313.1,1.31,36100747.8
2015-01-31,RF,35044,0.009842443043298451,326.2,1.73,11975332.5
2015-01-31,AGN,75646,0.009806390262428605,292.4,0.65,65729102.02
2015-01-31,BBT,71563,0.009617859482060016,316.4,1.42,25419316.42
2015-01-31,EA,75828,0.008936926512657432,317.4,1.45,17008574.96
2015-01-31,TRV,59459,0.00888241012212037,306.4,1.1,34074548.0
2015-01-31,MNST,88031,0.008553627616193823,313.2,1.31,19899627.25
2015-01-31,STT,72726,0.008509425225856005,306.4,1.1,30344481.89
2015-01-31,ISRG,88352,0.008453518322783635,313.7,1.33,18097968.37
2015-01-31,HBAN,42906,0.008015748391850052,317.2,1.44,8116460.52
2015-01-31,TROW,10138,0.007858256670097161,308.4,1.16,20630386.56
2015-01-31,DUK,27959,0.007395685013933996,279.9,0.25,61633337.74
2015-01-31,GLW,22293,0.007337246627851733,299.0,0.86,30469526.96
2015-01-31,ALXN,83111,0.006641014387429714,290.9,0.6,36475023.43
2015-01-31,FITB,34746,0.006596449097757435,304.6,1.04,14095434.5
2015-01-31,BK,49656,0.0063947512009022945,287.0,0.47,40256208.0
2015-01-31,BEN,37584,0.00630987692724623,291.6,0.62,32042745.31
2015-01-31,ORLY,79103,0.006306058847818601,299.7,0.88,19036338.08
2015-01-31,HES,28484,0.006051948087811362,297.4,0.81,20177417.81
2015-01-31,CSX,62148,0.005699853020394493,287.1,0.48,33146720.1
2015-01-31,NVDA,86580,0.00565710023145505,301.0,0.92,10465054.16
2015-01-31,AMP,90880,0.005603308180026519,292.8,0.66,23055428.08
2015-01-31,APH,84769,0.005472234425159779,296.0,0.76,16621365.15
2015-01-31,EOG,75825,0.005278870631181278,274.7,0.08,48789241.27
2015-01-31,SCHW,75186,0.005249260044855022,283.8,0.37,33923878.62
2015-01-31,CB,59192,0.00493399695785926,288.6,0.53,23086190.6
2015-01-31,FOXA,90441,0.0049304193573925965,275.5,0.11,44023713.4
2015-01-31,ICE,90993,0.004928089199452663,288.5,0.52,23187211.11
2015-01-31,AKAM,87299,0.004542868568595547,294.1,0.7,10369094.65
2015-01-31,NDAQ,90601,0.0043717351863723,294.7,0.72,7697052.0
2015-01-31,ALL,79323,0.0037755412270041896,277.5,0.17,29272229.07
2015-01-31,WDC,66384,0.0037124438207309764,281.3,0.29,22557360.0
2015-01-31,SWN,63765,0.003456840726687899,287.9,0.5,9434479.04
2015-01-31,HCBK,87070,0.0034526768192335547,290.8,0.6,4749893.07
2015-01-31,KLAC,46886,0.0032411345289083066,286.2,0.45,9999017.55
2015-01-31,INTU,78975,0.0031068010051188573,276.6,0.14,24025351.32
2015-01-31,CMG,91068,0.002841667580512535,276.2,0.13,22014268.85
2015-01-31,PBCT,12073,0.0024342020523157246,284.7,0.4,4330746.0
2015-01-31,CMA,25081,0.002426625876406869,282.7,0.34,7457010.5
2015-01-31,CTAS,23660,0.002316119859649014,280.9,0.28,9233713.6
2015-01-31,LM,65330,0.0021374558147012183,281.6,0.3,6326258.4
2015-01-31,ZMH,89070,0.0018983478204548953,272.2,0.0,18984583.4
2015-01-31,DPS,92618,0.0017902768755026677,274.0,0.06,15021983.43
2015-02-28,AAPL,14593,0.08706621362365316,353.7,2.77,748247186.33
2015-02-28,WFC,38703,0.03926695698513844,341.5,2.33,282293475.99
2015-02-28,GILD,77274,0.03592584578970201,392.3,4.17,153920846.31
2015-02-28,JNJ,22111,0.03376419807963437,309.7,1.18,285027927.39
2015-02-28,V,92611,0.029489590414664396,368.0,3.29,133202900.22
2015-02-28,MRK,22752,0.02832146261793528,343.8,2.41,166147818.22
2015-02-28,JPM,47896,0.024874161547406834,291.2,0.5,228471020.64
2015-02-28,MO,13901,0.02481708817123084,354.3,2.79,110852853.93
2015-02-28,ORCL,10104,0.02312640424503872,301.0,0.86,192429701.94
2015-02-28,AMGN,14008,0.023032163920762863,339.7,2.26,119687556.92
2015-02-28,EW,87657,0.021944134514379387,390.5,4.11,14344876.8
2015-02-28,GOOGL,90319,0.021255905101307402,307.4,1.09,161439926.94
2015-02-28,BIIB,76841,0.021159587032178143,342.1,2.35,96095548.26
2015-02-28,UNP,48725,0.020475680930570124,333.0,2.02,105983213.84
2015-02-28,EA,75828,0.019643999260207184,376.0,3.58,17727858.48
2015-02-28,MA,91233,0.018798902960959492,326.9,1.8,100157953.93
2015-02-28,GS,86868,0.018685452293514617,335.7,2.12,82676505.23
2015-02-28,DIS,26403,0.01761414810346938,279.0,0.06,176890517.04
2015-02-28,CELG,11552,0.017357579392894746,320.5,1.57,97295824.23
2015-02-28,MU,53613,0.01685979916077044,352.4,2.73,33041189.71
2015-02-28,CSCO,76076,0.016733606526495005,288.3,0.4,150640847.89
2015-02-28,SBUX,77702,0.015894059713768685,327.1,1.81,70095053.0
2015-02-28,QCOM,77178,0.015766325904515897,299.7,0.81,119609595.6
2015-02-28,BLK,87267,0.01559116256242184,330.1,1.92,61434726.75
2015-02-28,MCO,48506,0.014426173240074263,345.9,2.49,20221684.0
2015-02-28,LRCX,48486,0.014095989436422672,347.9,2.56,13137197.36
2015-02-28,FOXA,90441,0.013564271861926984,327.0,1.8,46466525.0
2015-02-28,CME,89626,0.013418198278059802,333.8,2.05,32361122.13
2015-02-28,AGN,75646,0.01307835448165668,311.7,1.25,69877395.12
2015-02-28,STI,68144,0.012876024687681377,336.7,2.16,21440499.0
2015-02-28,PNC,60442,0.012137525241724444,318.1,1.48,48390271.6
2015-02-28,TXN,15579,0.012045101555460066,310.5,1.2,61541667.6
2015-02-28,USB,66157,0.011801978771939075,299.5,0.81,79458841.29
2015-02-28,ALXN,83111,0.011678188314917144,322.0,1.62,36461615.13
2015-02-28,VRSN,85753,0.010712595723389397,332.3,2.0,7487843.22
2015-02-28,TWX,77418,0.010117100510220493,296.4,0.69,67986530.92
2015-02-28,NFX,79915,0.009534863306858701,327.4,1.82,4537892.61
2015-02-28,TRV,59459,0.00918452439524528,309.3,1.16,34527885.36
2015-02-28,PCLN,86783,0.009100603078472142,292.8,0.56,64273472.68
2015-02-28,ICE,90993,0.009038915760052032,312.9,1.29,26362438.24
2015-02-28,CF,90829,0.008657210130346983,317.1,1.44,14670867.32
2015-02-28,ETFC,83862,0.008377470078469344,319.4,1.53,7545567.84
2015-02-28,WMB,38156,0.00825159221517369,303.0,0.93,36676819.84
2015-02-28,AMAT,14702,0.008200799243054922,305.9,1.04,30778859.85
2015-02-28,RF,35044,0.008121560723481962,315.1,1.37,12905211.34
2015-02-28,MNST,88031,0.008063107177472103,308.8,1.14,23992657.92
2015-02-28,LO,17279,0.00787185468800728,307.4,1.09,24634415.74
2015-02-28,TROW,10138,0.007549367514639256,307.3,1.09,21523577.6
2015-02-28,BBT,71563,0.007546207243839732,304.1,0.97,27426478.05
2015-02-28,GCI,47941,0.007281750032666931,313.1,1.3,8030560.8
2015-02-28,EOG,75825,0.0072455031959414214,290.7,0.49,49206485.4
2015-02-28,DUK,27959,0.007120657480941276,286.6,0.34,55534850.0
2015-02-28,AMP,90880,0.006559507193644834,300.3,0.83,24388944.93
2015-02-28,CB,59192,0.006514752764128393,300.7,0.85,23189585.65
2015-02-28,FISV,10696,0.006286888514509848,301.9,0.89,18634762.51
2015-02-28,BEN,37584,0.006214323697474697,293.5,0.59,33472947.41
2015-02-28,DNB,88590,0.005800974653878003,306.7,1.07,4765173.12
2015-02-28,RRC,50017,0.00557276773500566,303.5,0.95,8367751.86
2015-02-28,PXD,75241,0.005470806898610016,295.2,0.65,22719989.28
2015-02-28,WM,11955,0.0054592751482694934,293.9,0.6,25013293.44
2015-02-28,SWN,63765,0.005316448977873398,301.4,0.87,9642758.4
2015-02-28,FITB,34746,0.00497353992245742,296.2,0.69,15782407.52
2015-02-28,MCHP,78987,0.004458094513597814,296.3,0.69,10328290.23
2015-02-28,SNDK,82618,0.003915765098879668,289.7,0.45,17026209.02
2015-02-28,BRCM,85963,0.0038853769458436775,285.3,0.29,24876500.0
2015-02-28,GLW,22293,0.0037425159094248276,281.2,0.14,31020720.4
2015-02-28,ALL,79323,0.0035657861248272484,281.1,0.14,29399746.2
2015-02-28,DNR,82196,0.0035229853497294873,295.1,0.65,2995742.4
2015-02-28,LM,65330,0.0032260081852482528,291.6,0.52,6451809.12
2015-02-28,CMA,25081,0.003048876138598329,289.7,0.45,8165275.02
2015-02-28,ROP,77338,0.002842839777337656,283.9,0.24,16816823.49
2015-02-28,CTAS,23660,0.0025851068737313384,286.4,0.33,9545520.6
2015-02-28,EFX,52476,0.002488676049721467,285.0,0.28,11156501.19
2015-02-28,PBCT,12073,0.002452231932087838,288.3,0.4,4663308.08
2015-02-28,NTRS,58246,0.002176668426372789,280.5,0.12,16313684.6
2015-02-28,NBL,61815,0.0021318289858440307,279.2,0.07,18266533.11
2015-02-28,KSU,12650,0.002104120811389738,282.0,0.17,12790010.24
2015-02-28,CFN,92988,0.0017813654583764573,280.5,0.12,12273082.32
2015-02-28,HBAN,42906,0.00166635023785668,281.7,0.16,8871749.24
2015-02-28,CINF,23473,0.0013917336472296803,280.3,0.11,8661398.16
2015-02-28,HRB,49373,0.0010826422280132012,278.2,0.03,9396987.2
2015-02-28,ZION,84129,0.0006947725810250605,278.2,0.03,5432364.86
2015-02-28,HCBK,87070,0.0005050519982582606,277.3,0.0,5162405.6
2015-03-31,AAPL,14593,0.084445697933515,349.7,2.5,724773393.64
2015-03-31,WFC,38703,0.036580854548490055,325.9,1.76,279919824.0
2015-03-31,GILD,77274,0.03426366836156836,397.3,3.97,144938010.0
2015-03-31,JNJ,22111,0.03097225020882948,289.9,0.64,279724336.0
2015-03-31,V,92611,0.02922699728896372,375.4,3.29,128455297.68
2015-03-31,JPM,47896,0.024925499549527767,285.4,0.5,225861201.54
2015-03-31,MRK,22752,0.02473724433625715,324.3,1.71,163139333.64
2015-03-31,BIIB,76841,0.02341568430773946,356.6,2.71,99323512.85
2015-03-31,MO,13901,0.022713415585480345,352.6,2.59,98505236.34
2015-03-31,GOOGL,90319,0.022316030504545774,310.8,1.29,159863433.48
2015-03-31,AMGN,14008,0.02211378777816603,334.0,2.01,121549947.6
2015-03-31,ORCL,10104,0.021675600972530427,288.4,0.59,188439070.5
2015-03-31,DIS,26403,0.021457428989866925,293.5,0.75,178267163.07
2015-03-31,MA,91233,0.020632838051309804,340.8,2.22,96001837.79
2015-03-31,GS,86868,0.019883110698571616,345.0,2.35,81883679.37
2015-03-31,EW,87657,0.019515020366612276,385.2,3.6,15317870.12
2015-03-31,CSCO,76076,0.01929189929440911,303.7,1.07,140507940.98
2015-03-31,UNP,48725,0.018606487921243885,328.1,1.83,95451870.04
2015-03-31,EA,75828,0.01756875283617248,370.8,3.15,18232650.0
2015-03-31,CELG,11552,0.01686251229929128,319.3,1.55,91647600.0
2015-03-31,MU,53613,0.01604655362993706,353.9,2.63,29327530.0
2015-03-31,QCOM,77178,0.01602475795945567,300.1,0.96,113232220.0
2015-03-31,SBUX,77702,0.01519219692476848,321.7,1.63,71072350.0
2015-03-31,BLK,87267,0.01482675416748037,326.1,1.76,60511765.2
2015-03-31,CMCSA,89525,0.014697656669917519,287.3,0.56,119881066.52
2015-03-31,CME,89626,0.01424423829355526,340.7,2.22,31815740.88
2015-03-31,FOXA,90441,0.013860873344468741,331.0,1.92,43122075.12
2015-03-31,ALXN,83111,0.013651262551842964,335.1,2.04,34600038.2
2015-03-31,VRSN,85753,0.013613814595176394,352.0,2.57,7797250.13
2015-03-31,MCO,48506,0.013058977344512614,340.0,2.2,20972997.6
2015-03-31,LRCX,48486,0.012702800622529112,344.0,2.32,11131193.98
2015-03-31,ICE,90993,0.012400532530103793,332.5,1.96,26068855.58
2015-03-31,TXN,15579,0.012078224595844053,308.9,1.23,59724814.59
2015-03-31,PCLN,86783,0.011875741527045597,307.2,1.18,60343716.29
2015-03-31,TWX,77418,0.011667414503274295,299.6,0.94,70129277.68
2015-03-31,GCI,47941,0.011613440172392325,338.7,2.15,8447083.56
2015-03-31,STI,68144,0.010881975638123693,325.6,1.75,21563949.82
2015-03-31,USB,66157,0.010757323383302706,288.8,0.61,77850727.35
2015-03-31,PNC,60442,0.01070465087489422,307.2,1.18,48549135.6
2015-03-31,WMB,38156,0.010634577874202902,313.6,1.38,37836058.64
2015-03-31,HRB,49373,0.009477606952667273,324.7,1.72,8827203.36
2015-03-31,ETFC,83862,0.00946965656842019,325.0,1.73,8278037.39
2015-03-31,AIG,66800,0.008809648518850816,278.6,0.29,74184016.3
2015-03-31,TRV,59459,0.008697942960117272,303.1,1.05,34749629.97
2015-03-31,DNB,88590,0.008454865699390132,320.8,1.6,4624939.16
2015-03-31,MNST,88031,0.008098170447097148,306.4,1.15,23549016.41
2015-03-31,RF,35044,0.008013559047937737,312.8,1.35,12689516.7
2015-03-31,NFX,79915,0.007242835606961118,312.3,1.34,5709037.73
2015-03-31,FISV,10696,0.007121581033825889,303.1,1.05,18873380.0
2015-03-31,EOG,75825,0.006933900830774681,281.8,0.39,50288847.54
2015-03-31,BBT,71563,0.006920460106904116,295.9,0.83,28106058.47
2015-03-31,LO,17279,0.006838621400116039,298.3,0.9,23529071.45
2015-03-31,AMP,90880,0.0067466498446621115,297.5,0.88,23853702.08
2015-03-31,TROW,10138,0.0066752005888829164,298.8,0.92,21101363.5
2015-03-31,CF,90829,0.006488366152070766,302.4,1.03,13590540.96
2015-03-31,PXD,75241,0.005911676972922593,291.8,0.7,24357102.15
2015-03-31,RRC,50017,0.005732260406012685,300.6,0.97,8790024.36
2015-03-31,WM,11955,0.005708743774727694,290.2,0.65,24815105.7
2015-03-31,BEN,37584,0.005450831062294206,284.0,0.46,31912161.64
2015-03-31,MCHP,78987,0.005328311891327911,297.3,0.87,9881712.0
2015-03-31,FITB,34746,0.005282912392220194,293.5,0.75,15366331.5
2015-03-31,SWN,63765,0.005201383771614384,297.1,0.86,8916091.2
2015-03-31,CB,59192,0.005139701859567623,287.5,0.57,23305875.3
2015-03-31,EFX,52476,0.004874666717580332,293.6,0.75,11098341.0
2015-03-31,ROP,77338,0.004446389615177569,286.9,0.55,17261404.0
2015-03-31,BRCM,85963,0.003959163685953538,279.6,0.32,23768955.0
2015-03-31,DFS,92121,0.0038313322879666815,277.9,0.27,25139707.25
2015-03-31,RAI,86946,0.003640093198505976,269.3,0.0,36661015.83
2015-03-31,CTAS,23660,0.0035354723306425234,286.1,0.52,9338063.85
2015-03-31,CMA,25081,0.003452791502744003,286.4,0.53,8036253.97
2015-03-31,NBL,61815,0.0025817614238955225,273.8,0.14,18965669.4
2015-03-31,SNDK,82618,0.002384462892968694,276.2,0.21,13225834.56
2015-03-31,WDC,66384,0.0021032311615338927,269.4,0.0,21026222.32
2015-03-31,HBAN,42906,0.0019583474621916864,276.2,0.21,8934234.4
2015-03-31,PBCT,12073,0.0018788702065974524,278.4,0.28,4693760.0
2015-03-31,ZION,84129,0.0017091444867484546,276.8,0.23,5486211.0
2015-03-31,LEN,52708,0.0016398100130945881,274.1,0.15,9009759.0
2015-03-31,MUR,28345,0.0014910409390758279,273.6,0.13,8293262.2
2015-03-31,KSU,12650,0.0013519627813398415,270.8,0.05,11270754.88
2015-03-31,SNI,92709,0.0012681654588173755,273.2,0.12,6674041.76
2015-03-31,HCBK,87070,0.0012490135695087173,273.8,0.14,5542966.32
2015-03-31,LM,65330,0.0011608433403730769,272.8,0.11,6218611.2
2015-04-30,AAPL,14593,0.08160127655485439,346.9,2.5,721149091.7
2015-04-30,WFC,38703,0.036216295738790344,326.2,1.79,284475790.0
2015-04-30,GILD,77274,0.03225308627308811,379.4,3.62,147710099.06
2015-04-30,V,92611,0.030855388733267125,381.3,3.69,129712160.4
2015-04-30,JNJ,22111,0.028466233051416743,285.9,0.41,275831552.0
2015-04-30,JPM,47896,0.02679589355132487,299.0,0.86,234904812.98
2015-04-30,BIIB,76841,0.024399651591936456,367.0,3.19,87959551.55
2015-04-30,MRK,22752,0.023986792874896398,319.7,1.57,168462660.68
2015-04-30,AMGN,14008,0.023953733054239177,346.5,2.49,120062762.84
2015-04-30,GOOG,14542,0.023922521471194003,310.6,1.26,184108814.48
2015-04-30,GOOGL,90319,0.02281393685746476,318.6,1.53,158191189.82
2015-04-30,GS,86868,0.02145188289205767,349.5,2.59,88565778.0
2015-04-30,DIS,26403,0.020929110311660393,292.8,0.65,184776489.36
2015-04-30,EW,87657,0.020834261528448864,387.7,3.91,13622220.7
2015-04-30,MO,13901,0.0207131578155689,339.7,2.26,98426227.9
2015-04-30,MA,91233,0.020001969456719785,334.3,2.07,100684553.73
2015-04-30,ORCL,10104,0.019803257562881694,275.0,0.03,204940282.2
2015-04-30,VRSN,85753,0.018897975692235412,379.9,3.64,7394723.34
2015-04-30,EA,75828,0.018643584762202202,372.5,3.38,18007900.0
2015-04-30,BAC,59408,0.016901723303421632,279.1,0.18,167298453.0
2015-04-30,SBUX,77702,0.01657329882210078,329.0,1.89,74394790.0
2015-04-30,CELG,11552,0.01616259170859872,320.3,1.59,85707140.64
2015-04-30,BLK,87267,0.01609069284453662,334.2,2.07,60032630.88
2015-04-30,CSCO,76076,0.015988887564470332,285.2,0.38,146831190.0
2015-04-30,MCO,48506,0.01553001717000323,352.3,2.69,21724631.04
2015-04-30,QCOM,77178,0.015015670391030904,299.6,0.88,110850948.0
2015-04-30,CME,89626,0.015014447840658692,344.3,2.41,30687125.05
2015-04-30,UNP,48725,0.014663971099847021,307.5,1.15,93014031.93
2015-04-30,ETFC,83862,0.01352712447585193,348.1,2.55,8346681.64
2015-04-30,FOXA,90441,0.013282000257341806,327.4,1.83,42904675.2
2015-04-30,GCI,47941,0.013150165251222382,346.2,2.48,7818336.24
2015-04-30,STI,68144,0.012810392648447317,336.5,2.15,21664286.5
2015-04-30,PNC,60442,0.012281332930737549,318.9,1.54,47699600.0
2015-04-30,TXN,15579,0.011946587924805099,312.1,1.31,56398078.23
2015-04-30,USB,66157,0.011620932960748134,299.1,0.86,76308600.0
2015-04-30,ALXN,83111,0.011497060776553221,322.1,1.65,33774415.71
2015-04-30,ICE,90993,0.01145547944719304,326.7,1.81,25092125.62
2015-04-30,PCLN,86783,0.011247726969706745,303.7,1.02,64164360.08
2015-04-30,TWX,77418,0.010995929590194879,299.2,0.87,69604654.82
2015-04-30,WMB,38156,0.010783530978919702,315.4,1.42,38339313.59
2015-04-30,MU,53613,0.00985352374665122,314.4,1.39,30423720.2
2015-04-30,HRB,49373,0.009711781192259105,325.9,1.78,8323499.52
2015-04-30,LRCX,48486,0.009356495176176345,321.8,1.64,11966203.5
2015-04-30,BBT,71563,0.009230933184097304,312.3,1.32,27689758.11
2015-04-30,RF,35044,0.008976733414578237,318.9,1.54,13201690.0
2015-04-30,MNST,88031,0.00773140948308881,306.0,1.1,23332145.81
2015-04-30,NFX,79915,0.007138520372075688,312.0,1.31,6384230.28
2015-04-30,EOG,75825,0.006830403394858295,283.5,0.33,54270710.7
2015-04-30,TRV,59459,0.006418924333005815,293.4,0.67,32223554.78
2015-04-30,TROW,10138,0.006234572773258964,298.5,0.84,21154290.3
2015-04-30,PXD,75241,0.006130848448822465,295.3,0.73,25809358.06
2015-04-30,RRC,50017,0.005838737858957763,302.0,0.96,10746216.32
2015-04-30,CF,90829,0.005767726388355976,299.9,0.89,13770387.94
2015-04-30,FISV,10696,0.0056935046738458275,296.9,0.79,18374826.4
2015-04-30,FITB,34746,0.005656811070404563,297.9,0.82,16198680.0
2015-04-30,AMP,90880,0.005451361081649866,293.0,0.65,22840047.36
2015-04-30,SWN,63765,0.00513766024045036,297.9,0.82,10779076.65
2015-04-30,HBAN,42906,0.005135163429504391,299.0,0.86,8780614.08
2015-04-30,BEN,37584,0.004912767060397726,284.8,0.37,31920796.0
2015-04-30,MCHP,78987,0.0042890226152194925,293.6,0.67,9630122.4
2015-04-30,CB,59192,0.0042500978382238475,286.1,0.42,22671937.05
2015-04-30,CTSH,86158,0.004162132270388809,278.3,0.15,35739723.72
2015-04-30,DNB,88590,0.004030479085316179,294.9,0.72,4600077.77
2015-04-30,ROP,77338,0.003954057854276046,287.6,0.47,16891835.65
2015-04-30,CMA,25081,0.0038314378519098305,291.6,0.6,8439406.69
2015-04-30,ALTR,75577,0.003692675363572969,288.5,0.5,12549389.52
2015-04-30,WM,11955,0.003374492087647543,281.0,0.24,22675923.66
2015-04-30,NTRS,58246,0.0033700467337218765,284.1,0.35,17070942.35
2015-04-30,AKAM,87299,0.003255288384005558,285.6,0.4,13183305.52
2015-04-30,EFX,52476,0.0030287142484331595,285.2,0.38,11535251.58
2015-04-30,BRCM,85963,0.0029602358229010414,277.7,0.13,24268545.0
2015-04-30,PBCT,12073,0.0029379594460412417,288.5,0.5,4670636.99
2015-04-30,LEN,52708,0.002600802067761548,284.7,0.37,7964665.8
2015-04-30,HCBK,87070,0.002481356173961847,285.7,0.4,4924638.3
2015-04-30,CERN,10909,0.00246892879060394,274.6,0.02,24698187.78
2015-04-30,CTAS,23660,0.0024391324814488583,283.1,0.31,9145880.25
2015-04-30,NBL,61815,0.002038949241978758,274.9,0.03,19671549.12
2015-04-30,ZION,84129,0.0018569526279936656,281.6,0.26,5757927.02
2015-04-30,PAYX,61621,0.0017691912549385885,274.5,0.02,17572683.33
2015-04-30,LLTC,10299,0.0011784029471545606,274.7,0.02,11046612.71
2015-04-30,MAS,34032,0.000882026287999064,274.0,0.0,9207791.55
2015-04-30,LM,65330,0.0008601664714257761,275.7,0.06,5931338.4
2015-05-31,AAPL,14593,0.07527760234736923,352.7,2.39,750709577.84
2015-05-31,WFC,38703,0.03267694754569781,330.0,1.67,288149511.8
2015-05-31,GILD,77274,0.03116797022609586,386.2,3.45,164992665.62
2015-05-31,JPM,47896,0.03089029089610306,342.2,2.06,244115302.86
2015-05-31,FB,13407,0.02969755173389721,369.9,2.94,178090153.43
2015-05-31,JNJ,22111,0.024496165350791386,283.8,0.21,277692726.3
2015-05-31,AMGN,14008,0.023322989841236576,361.2,2.66,118808220.64
2015-05-31,MRK,22752,0.02299329354041296,330.7,1.7,172027767.58
2015-05-31,PFE,21936,0.02152359905491564,299.0,0.7,213979032.5
2015-05-31,GS,86868,0.021305100823329315,364.3,2.76,89077379.04
2015-05-31,EW,87657,0.021297103475259354,404.3,4.02,14059981.76
2015-05-31,BAC,59408,0.020429394203140824,313.8,1.16,173284650.0
2015-05-31,MA,91233,0.020012553593372135,348.7,2.27,102972585.38
2015-05-31,BIIB,76841,0.019835735931503545,352.7,2.39,93383955.35
2015-05-31,GOOG,14542,0.019816760137830503,305.1,0.89,182316845.87
2015-05-31,DIS,26403,0.019729114233085068,301.9,0.79,187271511.57
2015-05-31,GOOGL,90319,0.018819687598976,312.2,1.11,157196672.68
2015-05-31,EA,75828,0.017941994600695326,380.1,3.26,19609556.89
2015-05-31,NAVI,14601,0.016983511307375927,380.5,3.27,7496434.67
2015-05-31,MO,13901,0.016596991078327728,328.3,1.62,100687769.6
2015-05-31,ORCL,10104,0.01650880003795067,280.1,0.1,189923874.3
2015-05-31,CELG,11552,0.01590244601004479,329.2,1.65,90767399.36
2015-05-31,SBUX,77702,0.015691621230814856,334.7,1.82,77965980.0
2015-05-31,VRSN,85753,0.015581540623685181,371.7,2.99,7357464.46
2015-05-31,CSCO,76076,0.01544831903643918,295.2,0.58,149067406.59
2015-05-31,BLK,87267,0.015284355359868426,341.6,2.04,60213240.48
2015-05-31,V,92611,0.01492519229756928,299.7,0.72,134436361.08
2015-05-31,ICE,90993,0.014529850666913806,354.9,2.46,26355981.8
2015-05-31,ETFC,83862,0.013832959525922076,360.0,2.62,8540925.36
2015-05-31,MCO,48506,0.013755497824453152,352.4,2.38,21857820.0
2015-05-31,CMCSA,89525,0.013737888491857465,297.7,0.65,124105669.36
2015-05-31,TXN,15579,0.013722368521721045,332.8,1.76,58177098.96
2015-05-31,CME,89626,0.013456394722748358,345.2,2.15,31797681.0
2015-05-31,GCI,47941,0.013086464329323158,355.5,2.48,8119176.24
2015-05-31,BK,49656,0.01245886738607302,329.9,1.67,48628760.32
2015-05-31,MNST,88031,0.012348509909848041,343.6,2.1,21659364.88
2015-05-31,STI,68144,0.012253572509581385,342.8,2.08,22032226.92
2015-05-31,UNP,48725,0.01180822351372523,304.4,0.87,88677790.71
2015-05-31,PNC,60442,0.011052353564365963,320.5,1.37,49559764.8
2015-05-31,FOXA,90441,0.01047166057259894,320.7,1.38,42300384.0
2015-05-31,LRCX,48486,0.010150773598093282,334.3,1.81,13022231.25
2015-05-31,AIG,66800,0.00981440479595963,297.4,0.64,78150280.95
2015-05-31,PCLN,86783,0.009010738199512716,301.6,0.78,60755039.55
2015-05-31,WMB,38156,0.008757657722562026,312.0,1.11,38274615.4
2015-05-31,RF,35044,0.008676474832187076,324.7,1.51,13524181.95
2015-05-31,MU,53613,0.008045636124081204,311.8,1.1,30207412.2
2015-05-31,RAI,86946,0.00794647042755229,305.5,0.9,40831997.75
2015-05-31,NEE,24205,0.007704181661598329,301.5,0.77,45451650.16
2015-05-31,USB,66157,0.007694989626965377,284.9,0.25,76435538.85
2015-05-31,ORLY,79103,0.007588928065153844,313.2,1.14,22170334.7
2015-05-31,NTRS,58246,0.0072969666524046435,313.9,1.17,17397658.95
2015-05-31,TROW,10138,0.007160696490948018,311.1,1.08,21026603.65
2015-05-31,TWX,77418,0.006981525412343388,284.0,0.22,69662376.96
2015-05-31,FISV,10696,0.006814180515665318,310.0,1.04,18978638.35
2015-05-31,HRB,49373,0.0066451931128699805,314.4,1.18,8733619.04
2015-05-31,MS,69032,0.006489540076211641,277.9,0.03,75255031.4
2015-05-31,STT,72726,0.005265284771060154,293.2,0.51,32082222.4
2015-05-31,RRC,50017,0.005118894550354275,304.4,0.87,9368279.52
2015-05-31,CSX,62148,0.005083272591193193,291.2,0.45,33670392.48
2015-05-31,ALXN,83111,0.004985516926228625,291.1,0.45,32698695.68
2015-05-31,AMP,90880,0.004212580550099405,291.6,0.46,22598134.2
2015-05-31,SCHW,75186,0.004169975682248667,281.2,0.13,41572876.35
2015-05-31,AKAM,87299,0.003913363677016399,294.5,0.55,13618694.93
2015-05-31,HBAN,42906,0.003887070938756311,296.8,0.63,8998916.64
2015-05-31,EFX,52476,0.0038693547715508095,295.1,0.57,11973081.21
2015-05-31,BEN,37584,0.0038432767844458976,284.5,0.24,31518381.0
2015-05-31,CMA,25081,0.003768211281924724,296.2,0.61,8713540.55
2015-05-31,GLW,22293,0.0037215402625909834,286.5,0.3,26328928.76
2015-05-31,ALTR,75577,0.0032943344117109053,290.0,0.41,14708197.65
2015-05-31,SWN,63765,0.003284588050225269,292.5,0.49,9909982.35
2015-05-31,PBCT,12073,0.0032809635790748957,295.2,0.58,4809736.04
2015-05-31,CMG,91068,0.00322325484163766,287.2,0.32,19110050.06
2015-05-31,MCHP,78987,0.0031923451755607748,291.9,0.47,9940178.12
2015-05-31,LO,17279,0.0031348908893961388,282.9,0.19,26116573.44
2015-05-31,BBT,71563,0.0028656054728774245,279.9,0.09,28543085.73
2015-05-31,ROP,77338,0.002826235994555066,285.5,0.27,17587155.17
2015-05-31,MAS,34032,0.002673628001045568,288.9,0.38,9409396.65
2015-05-31,ZION,84129,0.002596163353405344,290.3,0.42,5868675.92
2015-05-31,PAYX,61621,0.0025637742194973717,283.7,0.21,17846892.0
2015-05-31,CB,59192,0.0023791433279610383,280.1,0.1,22400917.5
2015-05-31,CTAS,23660,0.0019959723522463505,284.5,0.24,9616511.27
2015-05-31,STJ,68591,0.0017424748716441832,277.0,0.0,20658997.5
2015-05-31,WAT,82651,0.001658681702664507,281.6,0.15,11049438.66
2015-06-30,AAPL,14593,0.07397568976962177,352.1,2.36,715599795.0
2015-06-30,GILD,77274,0.03350054249602121,394.9,3.7,172458840.0
2015-06-30,WFC,38703,0.032951551424294685,326.5,1.56,289591289.2
2015-06-30,JPM,47896,0.03172454872640356,339.8,1.98,251463255.12
2015-06-30,FB,13407,0.029937304018096224,361.0,2.64,192628190.0
2015-06-30,JNJ,22111,0.024576893754417652,283.8,0.22,270260965.7
2015-06-30,MRK,22752,0.023443839193457675,337.2,1.89,160839888.46
2015-06-30,AMGN,14008,0.022636862755474215,356.6,2.5,116537032.0
2015-06-30,BAC,59408,0.022459294956777672,321.0,1.39,178745742.0
2015-06-30,PFE,21936,0.02218633066978738,303.9,0.85,206466675.1
2015-06-30,BIIB,76841,0.021847207597296327,363.5,2.72,94994165.86
2015-06-30,MA,91233,0.021576728288624742,356.6,2.5,104334243.24
2015-06-30,GS,86868,0.021540520384092345,364.2,2.74,90200616.32
2015-06-30,EW,87657,0.02110322998076218,402.9,3.95,15319484.86
2015-06-30,DIS,26403,0.020227740350161935,298.5,0.68,193668300.54
2015-06-30,GOOG,14542,0.019910540211132647,304.6,0.87,179007556.52
2015-06-30,GOOGL,90319,0.019148742099591935,312.2,1.11,156521947.56
2015-06-30,EA,75828,0.018072449454556074,380.6,3.26,20681500.0
2015-06-30,ORCL,10104,0.017611504124845315,292.3,0.49,174743903.1
2015-06-30,ICE,90993,0.016901443151101002,370.8,2.95,24890029.1
2015-06-30,MO,13901,0.0163372097869169,327.7,1.6,96184351.78
2015-06-30,V,92611,0.016060409139037606,306.4,0.93,131441491.65
2015-06-30,VRSN,85753,0.0158365825706858,373.9,3.05,7037808.16
2015-06-30,CSCO,76076,0.015802121820371766,300.2,0.73,139658511.94
2015-06-30,SBUX,77702,0.015646298682481213,332.3,1.74,79929242.0
2015-06-30,CELG,11552,0.014899407835980464,321.1,1.39,91546385.0
2015-06-30,TXN,15579,0.014317775985879442,338.6,1.94,53266594.02
2015-06-30,BLK,87267,0.01410499523264699,335.2,1.83,56953845.33
2015-06-30,CMCSA,89525,0.014028394201848673,295.8,0.6,127183169.9
2015-06-30,CME,89626,0.013709564798008904,346.9,2.2,31285469.16
2015-06-30,NAVI,14601,0.013582699183281768,359.5,2.59,7084072.41
2015-06-30,ETFC,83862,0.013330445133840544,357.0,2.52,8692598.15
2015-06-30,MCO,48506,0.013044863992389263,347.9,2.23,21829512.0
2015-06-30,MNST,88031,0.012568809793635827,341.7,2.04,27539903.82
2015-06-30,STI,68144,0.012434848139969897,343.8,2.1,22207741.38
2015-06-30,AIG,66800,0.011880907749383201,306.9,0.94,82430478.9
2015-06-30,PNC,60442,0.01156355883873193,323.1,1.45,49539048.0
2015-06-30,TGNA,47941,0.011168928575435434,344.0,2.11,7275271.92
2015-06-30,BK,49656,0.01105112682208407,321.2,1.39,47069858.64
2015-06-30,FOXA,90441,0.010702952544529657,322.7,1.44,40354888.74
2015-06-30,UNP,48725,0.010338631359790953,296.3,0.61,83809343.97
2015-06-30,LRCX,48486,0.00997953329644644,333.3,1.77,12896496.85
2015-06-30,QCOM,77178,0.009866129155066721,285.2,0.26,98404381.26
2015-06-30,PCLN,86783,0.009567760817401507,305.2,0.89,58873002.21
2015-06-30,RF,35044,0.008748394651168324,324.9,1.51,13886077.8
2015-06-30,RAI,86946,0.00874049966144959,306.2,0.92,47545877.12
2015-06-30,AMG,85593,0.008706734659940927,325.7,1.53,11962666.95
2015-06-30,NVDA,86580,0.008419234065321987,324.5,1.5,10819180.0
2015-06-30,ORLY,79103,0.007505900469623474,312.2,1.11,22505800.16
2015-06-30,USB,66157,0.007233911042974249,280.3,0.11,76949719.0
2015-06-30,FISV,10696,0.00716477081185571,311.7,1.09,19481616.0
2015-06-30,NEE,24205,0.007059474377945405,297.7,0.66,43537475.72
2015-06-30,ALXN,83111,0.006513014768823468,295.7,0.59,40857093.09
2015-06-30,TROW,10138,0.006341775409495471,306.0,0.92,20296080.3
2015-06-30,MU,53613,0.0058964102523165205,303.1,0.82,20403720.0
2015-06-30,NTRS,58246,0.005874389169346612,304.4,0.87,17803940.38
2015-06-30,ALTR,75577,0.005218325291593152,301.5,0.77,15486310.4
2015-06-30,RRC,50017,0.005162717543270002,305.1,0.89,8348775.36
2015-06-30,STT,72726,0.004760951149397637,289.6,0.4,31699360.0
2015-06-30,CTSH,86158,0.004112860308993146,282.4,0.18,37234355.0
2015-06-30,EFX,52476,0.0039073650949653345,295.3,0.58,11586429.33
2015-06-30,MCHP,78987,0.0038758406110622687,296.2,0.61,9599199.4
2015-06-30,HBAN,42906,0.0037839273141505084,295.9,0.6,9082676.46
2015-06-30,GLW,22293,0.0037095579683760274,286.7,0.31,24831250.69
2015-06-30,CMA,25081,0.0034121925369449625,293.5,0.52,9135421.88
2015-06-30,BEN,37584,0.0033583620709324337,281.4,0.14,30354473.0
2015-06-30,ROP,77338,0.003324942657040197,288.4,0.36,17335852.67
2015-06-30,SWN,63765,0.0032368020302507793,292.6,0.5,8740935.15
2015-06-30,PAYX,61621,0.0031645345291910643,287.6,0.34,16933337.28
2015-06-30,ADI,60871,0.0030968307266094615,285.4,0.27,20124693.27
2015-06-30,BBT,71563,0.0029989933914125314,279.6,0.09,29466650.31
2015-06-30,GT,16432,0.002916506214204455,290.9,0.44,8122379.85
2015-06-30,PBCT,12073,0.0028663806707347763,292.3,0.49,5018616.0
2015-06-30,AKAM,87299,0.0028092752008115228,287.8,0.34,12483117.8
2015-06-30,CB,59192,0.002808438412725563,282.6,0.18,21858700.42
2015-06-30,CTAS,23660,0.0026711172229262553,288.6,0.37,9448956.77
2015-06-30,CF,90829,0.0024432156115958698,284.0,0.23,15127976.6
2015-06-30,AMP,90880,0.0024389987346418837,279.8,0.09,22659803.4
2015-06-30,ZION,84129,0.0024119443804174,288.6,0.37,6465720.64
2015-06-30,WAT,82651,0.002192361266294186,284.9,0.25,10616127.34
2015-06-30,MAS,34032,0.002138165233521109,285.3,0.27,9270358.65
2015-06-30,CINF,23473,0.0010755883754266977,279.1,0.07,8229520.0
2015-06-30,FFIV,86964,0.0007423772498875894,276.8,0.0,8545211.05
2015-07-31,AAPL,14593,0.0699925548898916,344.6,2.17,691740178.6
2015-07-31,WFC,38703,0.03391262503889294,329.2,1.69,297752724.0
2015-07-31,JPM,47896,0.032536329299677084,344.2,2.16,254320792.11
2015-07-31,GILD,77274,0.03246718735981453,388.4,3.54,172972043.16
2015-07-31,FB,13407,0.031012063785689263,357.4,2.57,212437875.37
2015-07-31,JNJ,22111,0.02448541125972743,279.8,0.15,277492112.26
2015-07-31,BAC,59408,0.023618652177908074,323.8,1.52,187177584.6
2015-07-31,PFE,21936,0.022814149500763006,299.5,0.77,222045580.2
2015-07-31,GOOG,14542,0.022506372539221307,301.3,0.82,215165418.25
2015-07-31,MA,91233,0.022022068604443622,357.0,2.56,108005301.6
2015-07-31,GOOGL,90319,0.021808295207260936,310.3,1.1,190600045.0
2015-07-31,MRK,22752,0.021592581085147895,322.1,1.47,166575089.12
2015-07-31,AMGN,14008,0.021291580471075437,338.1,1.97,133899367.5
2015-07-31,DIS,26403,0.021004590142472922,298.0,0.72,203611320.0
2015-07-31,EW,87657,0.020839008834938083,399.7,3.89,16359634.56
2015-07-31,GS,86868,0.020798767456097406,359.8,2.65,88593525.44
2015-07-31,BIIB,76841,0.019633883893037902,359.8,2.65,74967173.82
2015-07-31,EA,75828,0.018009196027724255,378.3,3.22,22252050.0
2015-07-31,MO,13901,0.0167945117052841,324.2,1.54,106622594.1
2015-07-31,V,92611,0.01643133622719007,299.7,0.77,147017496.58
2015-07-31,SBUX,77702,0.01605790299240973,330.8,1.74,85979706.0
2015-07-31,CELG,11552,0.016004451291991996,320.7,1.43,103758375.0
2015-07-31,ICE,90993,0.015239292095291422,358.8,2.61,25383131.29
2015-07-31,AIG,66800,0.015097601825401662,324.9,1.56,85497287.4
2015-07-31,CMCSA,89525,0.014850167754111824,297.8,0.71,131983731.85
2015-07-31,NAVI,14601,0.014744196276421706,366.2,2.84,6107629.7
2015-07-31,BLK,87267,0.014270164502471532,335.8,1.9,55956586.94
2015-07-31,STI,68144,0.013895866743230033,351.5,2.39,22970115.3
2015-07-31,PNC,60442,0.013583788014928568,334.3,1.85,50660880.0
2015-07-31,ETFC,83862,0.013431966888203268,356.6,2.55,8250524.94
2015-07-31,MCO,48506,0.01332464457500526,348.3,2.29,22119129.0
2015-07-31,CME,89626,0.013022912675095432,340.7,2.05,32438086.24
2015-07-31,CSCO,76076,0.012789402084990645,277.7,0.09,144503337.3
2015-07-31,TGNA,47941,0.012606177430432224,352.2,2.41,6608315.28
2015-07-31,VRSN,85753,0.012573752617845147,351.2,2.38,8051193.42
2015-07-31,MNST,88031,0.012293106556120998,336.5,1.92,31554217.9
2015-07-31,TXN,15579,0.012174054183684332,324.9,1.56,51298772.28
2015-07-31,FOXA,90441,0.011974290531580764,328.3,1.66,42766634.28
2015-07-31,RAI,86946,0.010162926275520004,306.5,0.98,61301330.29
2015-07-31,RF,35044,0.01009242764693671,332.1,1.78,13829090.0
2015-07-31,QCOM,77178,0.009832624992627539,282.5,0.24,101169696.78
2015-07-31,PCLN,86783,0.009035204461584722,298.3,0.73,63051483.6
2015-07-31,UNP,48725,0.008905691515674163,285.6,0.33,84678062.28
2015-07-31,LRCX,48486,0.008830422447030063,324.9,1.56,12186277.97
2015-07-31,ALXN,83111,0.00844365073641428,304.6,0.93,44652043.2
2015-07-31,AMG,85593,0.008356239766946383,322.3,1.48,11377119.05
2015-07-31,USB,66157,0.008355840133307297,284.7,0.31,79886070.0
2015-07-31,NEE,24205,0.00834020172496767,302.8,0.87,46721844.8
2015-07-31,BK,49656,0.008338015484376923,301.7,0.83,48700659.0
2015-07-31,TROW,10138,0.007686638669961027,313.4,1.2,19761708.69
2015-07-31,ORLY,79103,0.007435713729230838,309.5,1.08,23932953.52
2015-07-31,FISV,10696,0.007334095839013937,310.8,1.12,20375445.08
2015-07-31,NVDA,86580,0.007274788186492588,315.7,1.27,10753050.0
2015-07-31,WMB,38156,0.00633875708476366,294.0,0.6,39344833.28
2015-07-31,BBT,71563,0.0056872608004297645,295.2,0.63,29537279.87
2015-07-31,NTRS,58246,0.005681750258325942,301.6,0.83,17810925.97
2015-07-31,ZION,84129,0.005669320015433813,307.8,1.02,6368062.3
2015-07-31,ALTR,75577,0.00530303008337816,300.7,0.8,15020759.52
2015-07-31,RRC,50017,0.0051025707737143745,304.0,0.91,6662701.08
2015-07-31,MCHP,78987,0.005087341383968444,302.8,0.87,8671158.72
2015-07-31,PBCT,12073,0.005010888467827427,304.3,0.92,5043586.11
2015-07-31,GLW,22293,0.00487065904131595,293.6,0.58,22900465.8
2015-07-31,CMA,25081,0.004537881431102665,299.4,0.76,8439172.47
2015-07-31,GT,16432,0.004105329339538365,296.8,0.68,8116991.87
2015-07-31,MU,53613,0.004035418656530979,289.8,0.46,20054400.36
2015-07-31,BEN,37584,0.003683097201124707,283.2,0.26,27959409.9
2015-07-31,ADI,60871,0.003542453475887081,287.6,0.4,18296662.75
2015-07-31,ROP,77338,0.0035247579395482195,288.3,0.42,16814147.67
2015-07-31,CTSH,86158,0.0033658474778415315,275.4,0.02,38461279.9
2015-07-31,HBAN,42906,0.0033246923464188114,291.1,0.5,9371780.22
2015-07-31,STJ,68591,0.003278761161727025,284.6,0.3,20678606.04
2015-07-31,SWN,63765,0.003010265666450087,290.3,0.48,7151476.8
2015-07-31,MAS,34032,0.00297235548391807,289.0,0.44,9076840.5
2015-07-31,EFX,52476,0.002870490742635161,286.7,0.37,12076259.72
2015-07-31,CB,59192,0.0028488719825012655,277.7,0.09,28222910.0
2015-07-31,PAYX,61621,0.0026477969370454347,282.7,0.24,16759958.4
2015-07-31,CF,90829,0.0021879957945214073,281.3,0.2,13932424.0
2015-07-31,AMP,90880,0.0021067412647026644,276.1,0.04,22457229.0
2015-07-31,HIG,82775,0.0020757497084985745,277.4,0.08,19725879.75
2015-07-31,CINF,23473,0.0019427780189153377,282.4,0.23,9059574.53
2015-07-31,XLNX,76201,0.0018578154051685737,280.9,0.19,10798971.5
2015-07-31,PEG,23712,0.0018020188993814168,274.9,0.0,21079311.21
2015-07-31,WAT,82651,0.0015979170018263985,279.1,0.13,11038689.4
2015-08-31,AAPL,14593,0.06917280496695347,329.8,1.67,643038932.72
2015-08-31,WFC,38703,0.034540698904508886,331.5,1.73,273762035.47
2015-08-31,JPM,47896,0.03424992418433895,350.5,2.37,237046094.7
2015-08-31,V,92611,0.031102534063581863,387.0,3.59,139133893.1
2015-08-31,GOOG,14542,0.029095620367064343,333.5,1.8,212634104.25
2015-08-31,GOOGL,90319,0.02840428070240501,343.4,2.13,187793951.42
2015-08-31,GILD,77274,0.028358607920458676,362.1,2.76,154201362.42
2015-08-31,JNJ,22111,0.027385940376787495,296.4,0.56,260240581.88
2015-08-31,FB,13407,0.026742410499325835,325.4,1.53,202088279.91
2015-08-31,RAI,86946,0.02390664798347976,388.8,3.65,59843646.25
2015-08-31,MA,91233,0.022341501766266925,355.4,2.53,102427615.08
2015-08-31,AMGN,14008,0.021780666529895867,344.9,2.18,115087185.0
2015-08-31,PFE,21936,0.021300282095178584,294.8,0.5,198711952.56
2015-08-31,DIS,26403,0.01995931601943096,301.9,0.74,171958973.04
2015-08-31,MRK,22752,0.01926358022202644,309.2,0.98,151675794.75
2015-08-31,GS,86868,0.018785456883919666,345.9,2.21,81639474.93
2015-08-31,EA,75828,0.018523928805409567,378.8,3.31,20621997.9
2015-08-31,ICE,90993,0.017436805872773655,369.7,3.01,25236792.49
2015-08-31,ETFC,83862,0.01635816416954661,373.2,3.13,7632171.03
2015-08-31,PNC,60442,0.016194303542048604,350.1,2.35,46799232.0
2015-08-31,STI,68144,0.015740407042451762,362.1,2.76,20752077.39
2015-08-31,SBUX,77702,0.015680273222412916,327.6,1.6,81200582.0
2015-08-31,CMCSA,89525,0.015532926282047499,305.3,0.85,119125839.05
2015-08-31,CSCO,76076,0.015104149456349256,295.7,0.53,131588542.2
2015-08-31,MNST,88031,0.014995339177936223,353.3,2.46,28453255.13
2015-08-31,EW,87657,0.014942546073941113,360.5,2.7,15146854.08
2015-08-31,MO,13901,0.014537206196804785,307.3,0.92,105054038.1
2015-08-31,BIIB,76841,0.013324151980922306,319.9,1.34,69915741.35
2015-08-31,CME,89626,0.013194860438161378,340.6,2.04,31897676.64
2015-08-31,VRSN,85753,0.012843877111225789,352.1,2.42,7824207.42
2015-08-31,AIG,66800,0.012036271325272633,307.6,0.93,78073141.58
2015-08-31,FOXA,90441,0.011917817113176962,332.1,1.75,33441546.6
2015-08-31,MCO,48506,0.01184860731549431,339.0,1.98,20492693.0
2015-08-31,NAVI,14601,0.011419367353770212,345.2,2.19,4975578.59
2015-08-31,TXN,15579,0.011322669748464858,319.7,1.34,49102306.24
2015-08-31,BLK,87267,0.010824072575674169,316.5,1.23,49494980.92
2015-08-31,EBAY,86356,0.010723380921598821,325.2,1.52,33026161.08
2015-08-31,NEE,24205,0.010250528542424638,315.9,1.21,44491554.64
2015-08-31,TGNA,47941,0.009315436733736727,332.4,1.76,5387768.88
2015-08-31,BK,49656,0.009303738900742826,310.5,1.03,44039416.4
2015-08-31,RF,35044,0.009203804017793488,327.6,1.6,12705858.13
2015-08-31,PCLN,86783,0.00899955399908009,297.8,0.6,63308545.79
2015-08-31,ALXN,83111,0.008955652894113205,311.3,1.05,38941629.45
2015-08-31,ORLY,79103,0.008718610789207418,318.4,1.29,23863679.2
2015-08-31,USB,66157,0.008625413943638796,289.2,0.31,74578519.4
2015-08-31,BCR,46877,0.007687864447182217,317.6,1.27,14379023.47
2015-08-31,MTB,35554,0.0076839485794654196,316.8,1.24,15754061.12
2015-08-31,GLW,22293,0.007670288342573968,313.7,1.14,21098341.35
2015-08-31,UNP,48725,0.007603660932933382,283.2,0.11,74395912.08
2015-08-31,TWX,77418,0.007173881415324383,289.9,0.34,57987809.1
2015-08-31,CB,59192,0.0071631960315708,307.1,0.91,27421091.37
2015-08-31,NTRS,58246,0.00714606867684794,313.3,1.12,16262453.52
2015-08-31,ABT,20482,0.00710249194751311,284.1,0.14,67502072.89
2015-08-31,TROW,10138,0.006964698301565957,311.0,1.04,18416590.44
2015-08-31,AMG,85593,0.006849945017591602,315.0,1.18,10120708.96
2015-08-31,HBAN,42906,0.006738162717969497,315.1,1.18,8761450.06
2015-08-31,CINF,23473,0.006286388886713884,312.5,1.09,8586986.69
2015-08-31,WMB,38156,0.006262865720487624,296.8,0.57,36136070.2
2015-08-31,FISV,10696,0.00614364580974234,305.2,0.85,20002466.06
2015-08-31,PEG,23712,0.005541370465781759,301.4,0.72,20360985.75
2015-08-31,SCHW,75186,0.005185488931493654,288.2,0.28,39968657.12
2015-08-31,HIG,82775,0.004564744183366759,296.3,0.55,19062127.75
2015-08-31,NVDA,86580,0.004343303737022572,298.9,0.64,12116720.0
2015-08-31,STJ,68591,0.00431390176679154,294.3,0.49,19950363.45
2015-08-31,EXPE,90808,0.004311818919942872,298.0,0.61,13377246.66
2015-08-31,CTSH,86158,0.00423014922803572,283.4,0.12,38363755.26
2015-08-31,MCHP,78987,0.0041128629808741095,299.3,0.65,8971367.5
2015-08-31,TRV,59459,0.004000796734442358,286.2,0.21,30980557.3
2015-08-31,MU,53613,0.003957934525915431,293.4,0.46,17779184.76
2015-08-31,GT,16432,0.0037215618792055985,297.5,0.59,8020008.23
2015-08-31,BRCM,85963,0.0031161145808668075,282.1,0.08,28883530.0
2015-08-31,ALTR,75577,0.003062675568696176,289.8,0.33,14685015.6
2015-08-31,CMG,91068,0.0028775500309891587,284.5,0.16,22111131.73
2015-08-31,MAS,34032,0.002778316783518413,291.3,0.39,9021808.5
2015-08-31,LRCX,48486,0.0024612381407314527,288.0,0.27,11511267.99
2015-08-31,WAT,82651,0.0024174598240098164,288.6,0.29,9985932.6
2015-08-31,BEN,37584,0.0023552274162442475,279.8,0.0,24908734.44
2015-08-31,AKAM,87299,0.0021417272911028926,285.4,0.19,12735609.45
2015-08-31,AMP,90880,0.001999113720668136,280.4,0.02,20080160.07
2015-08-31,TSS,76639,0.0018685855730310194,286.2,0.21,8430428.5
2015-08-31,SNI,92709,0.001594555165628904,286.5,0.22,5001131.09
2015-08-31,EFX,52476,0.0012452416183226245,280.7,0.03,11576087.6
2015-08-31,PBCT,12073,0.0010570150739924642,283.4,0.12,4804891.5
2015-09-30,AAPL,14593,0.07226360811313685,325.5,1.56,629010236.6
2015-09-30,WFC,38703,0.0347939635129104,325.3,1.56,263597984.65
2015-09-30,JPM,47896,0.03381933293410978,344.2,2.14,225471144.99
2015-09-30,GOOG,14542,0.031262221235194225,337.8,1.95,210202410.47
2015-09-30,V,92611,0.030927876400827357,384.7,3.4,135933618.42
2015-09-30,GOOGL,90319,0.030184083946437325,346.9,2.23,185902281.18
2015-09-30,JNJ,22111,0.0291213981974814,292.1,0.53,258496045.1
2015-09-30,FB,13407,0.026856666236119445,314.1,1.21,203084100.0
2015-09-30,GILD,77274,0.02649002919375503,351.9,2.38,142277310.0
2015-09-30,RAI,86946,0.023885985799236086,387.3,3.48,63266301.27
2015-09-30,MA,91233,0.022663450637824097,355.2,2.48,99932626.08
2015-09-30,PFE,21936,0.021429558045928252,285.3,0.32,193716400.68
2015-09-30,DIS,26403,0.01973657900248246,288.4,0.41,172499087.6
2015-09-30,AMGN,14008,0.01946224951639978,331.6,1.75,104417775.55
2015-09-30,MRK,22752,0.018875450213081943,304.9,0.92,139113602.65
2015-09-30,EA,75828,0.01813568907316756,378.1,3.2,21070250.0
2015-09-30,ICE,90993,0.017178975294540814,368.7,2.9,25963811.21
2015-09-30,GS,86868,0.016889134558023437,334.3,1.84,75215660.63
2015-09-30,SBUX,77702,0.016807700623667963,327.7,1.63,84413084.0
2015-09-30,CMCSA,89525,0.015498245031763946,296.1,0.65,119474051.04
2015-09-30,PNC,60442,0.015102086538464373,342.2,2.08,45813120.0
2015-09-30,ETFC,83862,0.014805940157140958,365.5,2.8,7646995.57
2015-09-30,MO,13901,0.01468192612261528,299.3,0.75,106661808.0
2015-09-30,MNST,88031,0.014642318871137065,351.4,2.37,27397067.34
2015-09-30,STI,68144,0.014252620699473301,354.0,2.45,19657157.28
2015-09-30,EW,87657,0.014052909094118233,355.6,2.5,15285549.72
2015-09-30,BIIB,76841,0.013815108273323513,321.2,1.43,65045324.43
2015-09-30,VRSN,85753,0.013233660749838875,355.2,2.48,7895028.96
2015-09-30,PCLN,86783,0.013183951871869926,319.1,1.37,62064397.44
2015-09-30,AIG,66800,0.012728792945317313,308.6,1.04,73518659.34
2015-09-30,CME,89626,0.012677153296133916,336.2,1.9,31228896.64
2015-09-30,TXN,15579,0.012137904195941154,320.0,1.39,50492077.6
2015-09-30,NEE,24205,0.011985616775833412,322.7,1.48,44917970.55
2015-09-30,MCO,48506,0.010732754424497127,331.3,1.74,19669460.0
2015-09-30,BLK,87267,0.010540365469193983,310.9,1.11,48676800.92
2015-09-30,EBAY,86356,0.010132148496998979,321.0,1.42,29401320.0
2015-09-30,FOXA,90441,0.009987022433162955,318.5,1.35,31769786.38
2015-09-30,NAVI,14601,0.00977071408307627,335.4,1.87,4072353.16
2015-09-30,ORLY,79103,0.009338036545167298,319.0,1.36,24678500.0
2015-09-30,USB,66157,0.009198577909540097,286.7,0.36,72218774.04
2015-09-30,BK,49656,0.00915392344159103,305.5,0.94,43320179.7
2015-09-30,RF,35044,0.008808216182403485,324.0,1.52,11937412.07
2015-09-30,GLW,22293,0.008804808266410974,318.0,1.33,20988007.2
2015-09-30,BCR,46877,0.008660255176674191,321.8,1.45,13824015.69
2015-09-30,TGNA,47941,0.00844593679095087,326.2,1.59,5070708.08
2015-09-30,NVDA,86580,0.008263913607560727,319.6,1.38,13286350.0
2015-09-30,CB,59192,0.007785799953566959,306.9,0.99,27847314.55
2015-09-30,ALXN,83111,0.007762563048976321,301.8,0.83,35341794.15
2015-09-30,STJ,68591,0.007544952519421794,312.0,1.14,17775292.05
2015-09-30,TROW,10138,0.0074540276131578615,311.6,1.13,17493428.0
2015-09-30,GT,16432,0.0071988441108671065,316.3,1.28,7887071.64
2015-09-30,AMG,85593,0.007062556610469735,314.5,1.22,9282021.7
2015-09-30,NTRS,58246,0.006981703329687691,309.7,1.07,15759955.2
2015-09-30,WMB,38156,0.006972231443601937,301.8,0.83,27627919.0
2015-09-30,FISV,10696,0.006783055260618018,305.7,0.95,19876995.0
2015-09-30,MTB,35554,0.006457816550949076,306.0,0.96,16248374.1
2015-09-30,ABT,20482,0.006327909576223967,276.3,0.04,59945537.02
2015-09-30,CINF,23473,0.006269889781424735,309.7,1.07,8812440.0
2015-09-30,HBAN,42906,0.006263224070396659,309.9,1.08,8444585.4
2015-09-30,PEG,23712,0.0057992908806786545,298.4,0.72,21327184.08
2015-09-30,CTSH,86158,0.005792586138790268,287.3,0.38,38066880.0
2015-09-30,MCHP,78987,0.005596444724503413,305.4,0.94,8749510.68
2015-09-30,HIG,82775,0.005187719338463142,296.0,0.65,18991604.1
2015-09-30,BRCM,85963,0.004708887231628245,286.4,0.35,28852230.0
2015-09-30,EXPE,90808,0.00445107013168599,294.7,0.61,13769854.48
2015-09-30,TRV,59459,0.00441442724462335,283.1,0.25,30974333.18
2015-09-30,CMG,91068,0.0043766378398920405,288.5,0.42,22430025.5
2015-09-30,MU,53613,0.004130050704760908,291.0,0.49,16238320.0
2015-09-30,ALTR,75577,0.0037100643239757706,289.0,0.43,15167078.56
2015-09-30,MAS,34032,0.0035863488147768506,292.5,0.54,8660661.0
2015-09-30,ROP,77338,0.003400006363969646,286.6,0.36,15774362.2
2015-09-30,HRB,49373,0.0033827509424934924,290.3,0.47,10004232.0
2015-09-30,TSS,76639,0.0028416891529347028,287.9,0.4,8356848.5
2015-09-30,WAT,82651,0.0028112509902479357,286.8,0.36,9725136.7
2015-09-30,SNA,60206,0.002621396131085607,286.2,0.34,8780481.68
2015-09-30,EFX,52476,0.0025733566486327037,284.1,0.28,11490951.92
2015-09-30,PBCT,12073,0.002422556835730195,287.5,0.38,4871581.0
2015-09-30,AKAM,87299,0.002346922635351856,282.1,0.22,12308840.04
2015-09-30,KEY,64995,0.0022686824399928995,282.5,0.23,10939601.61
2015-09-30,AMP,90880,0.0019926901571761975,275.1,0.0,19449257.73
2015-09-30,SNI,92709,0.0018087496494575363,283.7,0.27,4633747.19
2015-09-30,LRCX,48486,0.0017562603484348141,279.6,0.14,10328738.33
2015-09-30,IFF,40272,0.0017367264768283139,280.8,0.18,8321310.36
2015-10-31,AAPL,14593,0.06851261595225945,319.7,1.39,666252054.5
2015-10-31,GOOG,14542,0.03437089815131454,350.7,2.33,245587698.24
2015-10-31,GOOGL,90319,0.0326887557625587,358.3,2.57,214822356.83
2015-10-31,WFC,38703,0.03257451851282074,320.2,1.4,276574190.0
2015-10-31,JPM,47896,0.03227288170123849,341.8,2.06,237600804.75
2015-10-31,V,92611,0.02942361443216599,375.3,3.09,151388603.46
2015-10-31,FB,13407,0.02921920322667917,326.2,1.59,230350230.0
2015-10-31,JNJ,22111,0.029029198037193817,295.2,0.64,279544352.32
2015-10-31,GILD,77274,0.02502155532223921,343.8,2.12,155834793.4
2015-10-31,RAI,86946,0.023769917924264528,388.1,3.48,69054160.32
2015-10-31,PFE,21936,0.02120237854629872,286.9,0.39,208579709.36
2015-10-31,MA,91233,0.02066963049548918,343.7,2.12,108912163.66
2015-10-31,DIS,26403,0.020156871214420953,290.1,0.48,191976968.92
2015-10-31,MRK,22752,0.018858544444801777,304.6,0.93,153957269.1
2015-10-31,EA,75828,0.01779391298553304,377.2,3.14,22413770.0
2015-10-31,ICE,90993,0.017503147876827545,372.1,2.99,27699132.1
2015-10-31,SBUX,77702,0.016961087167450702,329.1,1.67,92922707.0
2015-10-31,ETFC,83862,0.016219327737795965,375.4,3.09,8352517.68
2015-10-31,CMCSA,89525,0.016098283516043928,300.1,0.79,131530679.96
2015-10-31,GS,86868,0.01526309764496339,325.1,1.55,81163312.5
2015-10-31,PNC,60442,0.01504157773882907,344.9,2.16,46032600.0
2015-10-31,MO,13901,0.014960843786314605,300.5,0.8,118562259.13
2015-10-31,CSCO,76076,0.014635228929827339,281.4,0.22,146615700.0
2015-10-31,BIIB,76841,0.01452591747078347,330.2,1.71,64755552.76
2015-10-31,AMGN,14008,0.014465503407262893,296.8,0.69,119319595.5
2015-10-31,MNST,88031,0.01401354502334608,349.3,2.29,27635065.07
2015-10-31,TXN,15579,0.013400432489998223,327.2,1.62,57537448.64
2015-10-31,AIG,66800,0.013010869124642072,310.1,1.09,81592514.22
2015-10-31,PCLN,86783,0.012962865385244111,315.0,1.24,72972308.46
2015-10-31,STI,68144,0.012820874011380172,345.3,2.17,21343231.44
2015-10-31,VRSN,85753,0.012809607858247609,352.7,2.4,8987464.2
2015-10-31,EW,87657,0.012689819485974625,347.1,2.22,16949412.17
2015-10-31,CME,89626,0.012395733501794055,336.1,1.89,31952871.51
2015-10-31,NEE,24205,0.01113827952748391,318.6,1.35,47278625.76
2015-10-31,EBAY,86356,0.010811997369552809,324.8,1.54,33498246.6
2015-10-31,FOXA,90441,0.01062423668755402,322.1,1.46,35930378.88
2015-10-31,BLK,87267,0.010459199388844102,307.4,1.01,58447082.29
2015-10-31,BK,49656,0.009661862875984523,310.0,1.09,45521492.45
2015-10-31,MCHP,78987,0.009661579620750557,331.6,1.75,9808761.38
2015-10-31,MCO,48506,0.009511439280552186,324.9,1.55,19260848.0
2015-10-31,NVDA,86580,0.009355869215476922,326.3,1.59,15263060.0
2015-10-31,RF,35044,0.009224868205402869,327.3,1.62,12192400.0
2015-10-31,NAVI,14601,0.009181430421433646,331.5,1.75,4778855.71
2015-10-31,ORLY,79103,0.009014098443739372,316.8,1.3,27270730.63
2015-10-31,MTB,35554,0.008947991200705439,323.2,1.49,15974806.5
2015-10-31,USB,66157,0.008839252873239807,287.4,0.4,73983720.0
2015-10-31,GLW,22293,0.00848145699863433,316.5,1.29,22003502.4
2015-10-31,NTRS,58246,0.008364616430547627,319.2,1.37,16275575.8
2015-10-31,UNP,48725,0.007419892590137199,276.7,0.07,76315711.35
2015-10-31,CB,59192,0.0072070242783915444,303.7,0.9,29375387.27
2015-10-31,TROW,10138,0.007163749750827364,309.7,1.08,18987803.9
2015-10-31,FISV,10696,0.0071570369167145275,307.8,1.02,22056298.89
2015-10-31,TGNA,47941,0.0069679982729468236,316.2,1.28,6123802.88
2015-10-31,GT,16432,0.006790374442930605,313.4,1.19,8830938.72
2015-10-31,BCR,46877,0.006773065775924302,310.3,1.1,13768656.84
2015-10-31,CINF,23473,0.006748781622302986,312.5,1.17,9868805.96
2015-10-31,CMG,91068,0.006734797358791965,306.3,0.98,19967492.62
2015-10-31,AMG,85593,0.006511868151294631,311.0,1.12,9785233.3
2015-10-31,HBAN,42906,0.00644576490721622,311.2,1.13,8739349.23
2015-10-31,PEG,23712,0.00611731675453834,301.7,0.84,20891170.98
2015-10-31,CTSH,86158,0.00563063543790838,286.1,0.36,41415579.59
2015-10-31,HRB,49373,0.00535211713497873,303.1,0.88,10297173.6
2015-10-31,EXPE,90808,0.005233050529079934,298.9,0.75,15952415.7
2015-10-31,BRCM,85963,0.005124970350219329,290.4,0.49,28835400.0
2015-10-31,HIG,82775,0.005021019854127793,295.7,0.65,18948558.6
2015-10-31,WMB,38156,0.005009578907036655,289.2,0.46,29570731.6
2015-10-31,MAS,34032,0.004599409168466242,298.5,0.74,9757688.0
2015-10-31,HCBK,87070,0.004376213444853615,299.7,0.78,5358833.48
2015-10-31,ALTR,75577,0.0043739639149091,293.3,0.58,15915135.35
2015-10-31,STJ,68591,0.0043354404656351046,291.8,0.53,17978148.45
2015-10-31,TRV,59459,0.004029688372235648,279.9,0.17,34343282.91
2015-10-31,PBCT,12073,0.0038034880191499627,296.2,0.67,4948216.35
2015-10-31,PAYX,61621,0.0032466554857216406,284.3,0.31,18596653.2
2015-10-31,KEY,64995,0.0031284610426288383,288.5,0.43,10374239.7
2015-10-31,AKAM,87299,0.0030340111486208904,287.6,0.41,10840191.88
2015-10-31,EFX,52476,0.002710118714845817,284.4,0.31,12625987.32
2015-10-31,TSS,76639,0.002098761246711865,282.2,0.24,9648177.5
2015-10-31,LLTC,10299,0.0020971631203533236,281.6,0.22,10622820.9
2015-10-31,AMP,90880,0.0018657990880710888,274.3,0.0,20188000.0
2015-10-31,TMK,62308,0.0012208407526256623,277.9,0.11,7257921.15
2015-10-31,XLNX,76201,0.0012073685107930597,274.8,0.02,12237149.5
2015-10-31,CMA,25081,0.0009533670922168986,275.9,0.05,7670299.0
2015-10-31,SNI,92709,0.0008897699708875593,276.7,0.07,5659596.08
2015-11-30,AAPL,14593,0.069502260633801,317.0,1.33,659561657.3
2015-11-30,GOOG,14542,0.03845427737259577,362.2,2.8,256571263.49
2015-11-30,GOOGL,90319,0.0365161085186323,370.4,3.07,222239558.97
2015-11-30,WFC,38703,0.03263225917309466,311.8,1.16,281440496.3
2015-11-30,FB,13407,0.0324952594619134,337.2,1.99,236672437.68
2015-11-30,JPM,47896,0.031333175322586684,324.9,1.59,245457748.4
2015-11-30,V,92611,0.030417109613493788,373.0,3.15,153788382.42
2015-11-30,GILD,77274,0.030184101852356773,372.2,3.13,152707432.8
2015-11-30,JNJ,22111,0.029792755174652154,295.1,0.62,280125410.56
2015-11-30,BAC,59408,0.026441414996780266,332.3,1.83,181489526.4
2015-11-30,C,70519,0.022129132000917293,317.7,1.36,161133569.1
2015-11-30,MA,91233,0.021966252039764756,348.0,2.34,107734913.28
2015-11-30,MRK,22752,0.02143861352876627,321.1,1.47,148085714.43
2015-11-30,DIS,26403,0.020829953833189516,294.2,0.59,187586107.66
2015-11-30,MO,13901,0.020023777630548183,333.0,1.85,112935110.4
2015-11-30,SBUX,77702,0.019021098577498473,339.6,2.07,91151872.0
2015-11-30,MDLZ,89006,0.018946198722757174,351.9,2.47,69383031.22
2015-11-30,EA,75828,0.018227635234984253,375.8,3.24,21069674.32
2015-11-30,ICE,90993,0.01760472958106315,367.6,2.98,28520038.4
2015-11-30,PCLN,86783,0.017251579752517947,345.7,2.27,62172747.4
2015-11-30,AMGN,14008,0.01648616228254883,306.2,0.98,121522248.34
2015-11-30,BIIB,76841,0.014917212281476598,330.3,1.77,63941952.35
2015-11-30,MNST,88031,0.014850654146669636,349.0,2.37,31342848.42
2015-11-30,GS,86868,0.01459685651663487,318.3,1.37,81050370.72
2015-11-30,PNC,60442,0.01456749938381023,337.2,1.99,48500551.06
2015-11-30,CMCSA,89525,0.014324522087423542,289.2,0.43,127833873.88
2015-11-30,ETFC,83862,0.013884079082962516,356.2,2.61,8915016.24
2015-11-30,VRSN,85753,0.013676091938683237,354.3,2.55,9973186.08
2015-11-30,TXN,15579,0.013645953530891625,325.4,1.61,58957625.44
2015-11-30,EW,87657,0.01339318181434592,348.1,2.34,17580365.0
2015-11-30,EBAY,86356,0.012990191622693109,335.1,1.92,35527351.86
2015-11-30,CME,89626,0.012427057924024694,333.1,1.86,33028452.45
2015-11-30,BRCM,85963,0.011907660280444196,331.3,1.8,30647430.0
2015-11-30,BLK,87267,0.011647582507869438,312.7,1.19,59647533.96
2015-11-30,NVDA,86580,0.010402365481458753,330.0,1.76,17065360.0
2015-11-30,NEE,24205,0.009988739772299167,310.5,1.12,45989124.96
2015-11-30,TGNA,47941,0.009925766279624415,333.4,1.87,6262827.25
2015-11-30,ORLY,79103,0.00992355240624462,321.8,1.49,26028136.8
2015-11-30,FOXA,90441,0.009890209309729938,316.6,1.32,34548891.52
2015-11-30,REGN,76614,0.009573694819275202,302.3,0.85,55621219.5
2015-11-30,FSLR,91611,0.009173559843106601,329.1,1.73,5702989.2
2015-11-30,NAVI,14601,0.008521242636447015,325.9,1.62,4315100.19
2015-11-30,MCHP,78987,0.008394337928624086,321.9,1.49,9806730.16
2015-11-30,CINF,23473,0.008072681510644334,319.8,1.42,10012995.72
2015-11-30,FISV,10696,0.007718953884979104,310.6,1.12,21994593.36
2015-11-30,AMG,85593,0.0072185024603858665,314.8,1.26,9576977.51
2015-11-30,MCO,48506,0.007110698999590938,307.8,1.03,20386824.0
2015-11-30,RF,35044,0.006624588108623124,309.0,1.07,13237455.66
2015-11-30,GT,16432,0.0065658314186870055,310.9,1.13,9379511.04
2015-11-30,NTRS,58246,0.006494183871146584,305.8,0.97,17327626.8
2015-11-30,TROW,10138,0.0061774505701599255,302.8,0.87,19120884.25
2015-11-30,IFF,40272,0.0057446291155557935,305.7,0.97,9630802.5
2015-11-30,HIG,82775,0.005730518018924307,300.3,0.79,18694600.4
2015-11-30,BK,49656,0.005572698028529812,282.2,0.2,47915059.52
2015-11-30,TSS,76639,0.005482951757894136,303.7,0.9,10296024.44
2015-11-30,CTSH,86158,0.0054315844393772236,286.4,0.34,39269096.02
2015-11-30,TRV,59459,0.005303528653916601,288.2,0.4,34854370.83
2015-11-30,SCHW,75186,0.005268405781772187,282.4,0.21,44379990.33
2015-11-30,LRCX,48486,0.005162006487485488,300.5,0.8,12386254.4
2015-11-30,CB,59192,0.0050015446159420085,289.4,0.44,29637619.68
2015-11-30,ROP,77338,0.004865044403891016,294.5,0.6,19504760.46
2015-11-30,STI,68144,0.004562317697924682,291.1,0.49,22127396.46
2015-11-30,HRB,49373,0.004444129226545179,297.4,0.7,10139648.4
2015-11-30,PAYX,61621,0.0043197445921786355,291.1,0.49,19581320.5
2015-11-30,HBAN,42906,0.004202838697650055,296.4,0.66,9312943.71
2015-11-30,ALTR,75577,0.003880151936903625,290.5,0.47,15990849.6
2015-11-30,EFX,52476,0.0038427568991906023,291.9,0.52,13210074.0
2015-11-30,FIS,89003,0.003369342711395289,286.2,0.33,17964745.18
2015-11-30,EXPE,90808,0.0030157805837322535,286.1,0.33,14424306.26
2015-11-30,SNA,60206,0.002919128847463524,288.1,0.39,9998019.84
2015-11-30,WM,11955,0.002774908162673652,279.0,0.1,24008036.15
2015-11-30,PBCT,12073,0.002705454297897675,289.6,0.44,5196402.75
2015-11-30,AMP,90880,0.0026862785036519017,281.0,0.16,19665950.4
2015-11-30,MTB,35554,0.0024529596780954416,281.3,0.17,16705235.7
2015-11-30,NDAQ,90601,0.0021849663342920866,283.8,0.25,9627572.94
2015-11-30,PKI,42200,0.0019484002964824422,284.5,0.28,5950411.44
2015-11-30,SNI,92709,0.0016334574458858344,282.9,0.22,5374188.8
2015-11-30,DHI,77661,0.0012871540578693358,276.8,0.03,12145393.62
2015-11-30,KEY,64995,0.0011084121731870327,276.4,0.01,10951661.37
2015-11-30,TMK,62308,0.0010373437974788835,278.0,0.07,7476264.6
2015-11-30,WAT,82651,0.0010333928427619739,276.0,0.0,10846613.3
2015-11-30,ZION,84129,0.00072941219003254,276.9,0.03,6120678.2
2015-12-31,AAPL,14593,0.06574007778629001,330.7,1.7,583612701.62
2015-12-31,GOOG,14542,0.040098152862062884,365.8,2.89,261628433.28
2015-12-31,GOOGL,90319,0.03781163923309364,372.0,3.1,227630946.74
2015-12-31,WFC,38703,0.03336528133723465,316.6,1.23,277660714.68
2015-12-31,FB,13407,0.0329324208189412,335.8,1.88,240188420.4
2015-12-31,JNJ,22111,0.03196598503674126,304.5,0.82,284220487.68
2015-12-31,JPM,47896,0.03129018974348469,324.4,1.49,243065013.9
2015-12-31,GILD,77274,0.031087471240445468,380.8,3.4,143892180.0
2015-12-31,V,92611,0.030515623426559862,373.8,3.16,150111286.05
2015-12-31,BAC,59408,0.026075730211151064,332.9,1.78,175242038.4
2015-12-31,C,70519,0.022118678155705236,321.7,1.4,154162732.5
2015-12-31,MRK,22752,0.021994125682756063,324.8,1.51,147554941.26
2015-12-31,MA,91233,0.021878351352450042,347.6,2.28,107118782.24
2015-12-31,DIS,26403,0.019545722600829818,295.1,0.5,173715944.24
2015-12-31,MDLZ,89006,0.019487191257583643,354.5,2.51,70848679.72
2015-12-31,MO,13901,0.019173076165249114,327.5,1.6,114131124.59
2015-12-31,ICE,90993,0.018917323363419246,374.6,3.19,30429338.63
2015-12-31,SBUX,77702,0.018735624881244816,339.4,2.0,89180568.0
2015-12-31,AMGN,14008,0.018126697270612044,316.5,1.23,122396820.0
2015-12-31,EA,75828,0.017853824869908337,373.6,3.15,21303200.0
2015-12-31,MNST,88031,0.016432806501714765,360.0,2.69,30223986.03
2015-12-31,PNC,60442,0.014923168302351048,340.5,2.04,48398989.86
2015-12-31,TXN,15579,0.014515078995292797,334.0,1.82,55427599.08
2015-12-31,EW,87657,0.014245358264500282,354.7,2.52,17036775.8
2015-12-31,VRSN,85753,0.01417612668911825,358.6,2.65,9615889.92
2015-12-31,GS,86868,0.014153305981585014,319.4,1.32,76874583.28
2015-12-31,PCLN,86783,0.013999414500935559,326.4,1.56,63252816.92
2015-12-31,CMCSA,89525,0.013746691813398871,281.9,0.06,137291594.22
2015-12-31,ETFC,83862,0.013725512895666129,356.5,2.58,8635169.4
2015-12-31,EBAY,86356,0.013148598193073742,339.2,1.99,32536320.0
2015-12-31,BIIB,76841,0.01309989474185953,318.9,1.31,66990475.74
2015-12-31,NVDA,86580,0.01308137116800129,347.4,2.27,17732480.0
2015-12-31,BRCM,85963,0.013020707631097842,338.5,1.97,32437020.0
2015-12-31,BLK,87267,0.012445875292864911,321.5,1.39,55842894.72
2015-12-31,TGNA,47941,0.011424957339793755,344.6,2.17,5657605.36
2015-12-31,CME,89626,0.011027322821878708,327.8,1.61,30526582.8
2015-12-31,MCO,48506,0.010181914956110191,329.0,1.65,19837218.0
2015-12-31,FSLR,91611,0.009992660529212398,335.5,1.87,6715604.33
2015-12-31,REGN,76614,0.0091136691319441,301.8,0.73,55771749.45
2015-12-31,ORLY,79103,0.008859277136023769,318.3,1.29,24768510.54
2015-12-31,NEE,24205,0.008826058762356552,304.7,0.83,47845085.04
2015-12-31,FOXA,90441,0.008653765691475338,313.6,1.13,30764349.28
2015-12-31,MCHP,78987,0.008220376733548541,323.4,1.46,9470843.46
2015-12-31,NTRS,58246,0.008220367357518882,319.3,1.32,16529804.46
2015-12-31,NAVI,14601,0.00786931375247715,324.5,1.5,3996050.0
2015-12-31,CINF,23473,0.007432434366929577,318.6,1.3,9697963.0
2015-12-31,RF,35044,0.007338980278769339,316.4,1.22,12532502.4
2015-12-31,FISV,10696,0.006999564584007897,309.7,1.0,20605938.0
2015-12-31,LRCX,48486,0.006804818367047704,313.2,1.11,12593470.56
2015-12-31,GT,16432,0.006459114503587514,313.4,1.12,8722890.0
2015-12-31,BK,49656,0.006324110790081017,291.5,0.38,45051522.66
2015-12-31,AMG,85593,0.006078951434206177,311.2,1.05,8632950.58
2015-12-31,TSS,76639,0.005978968009362479,310.3,1.02,9162652.2
2015-12-31,SCHW,75186,0.005786256065523756,289.3,0.31,43353102.39
2015-12-31,TROW,10138,0.005705231745451229,303.6,0.79,17906028.81
2015-12-31,PAYX,61621,0.005464776550383013,301.5,0.72,19068960.6
2015-12-31,IFF,40272,0.005346779516963637,306.3,0.88,9601110.0
2015-12-31,ROP,77338,0.005099589588475014,299.3,0.64,19131779.94
2015-12-31,CB,59192,0.004556108660506426,289.7,0.32,30116707.84
2015-12-31,HIG,82775,0.004462806463294591,296.3,0.54,17801650.6
2015-12-31,HBAN,42906,0.004389721914613661,301.1,0.71,8791914.74
2015-12-31,TRV,59459,0.004159368699899044,284.9,0.16,34334156.34
2015-12-31,CTSH,86158,0.004106748946490469,283.3,0.1,36552180.0
2015-12-31,STI,68144,0.0036088431859886425,288.9,0.29,21831820.92
2015-12-31,EFX,52476,0.0034878894585869784,293.2,0.44,13194672.12
2015-12-31,MTB,35554,0.003440240013918822,291.2,0.37,16152082.2
2015-12-31,XLNX,76201,0.003269756607704586,292.6,0.42,12002713.8
2015-12-31,SNA,60206,0.0027816454168575525,290.9,0.36,9950825.2
2015-12-31,PBCT,12073,0.0027359368156604177,293.5,0.45,5008115.0
2015-12-31,PKI,42200,0.002697781791948443,292.7,0.42,5996304.38
2015-12-31,EXPE,90808,0.0024673324153930477,285.0,0.16,16902935.5
2015-12-31,DHI,77661,0.0023758196128084584,287.4,0.24,11837359.13
2015-12-31,STJ,68591,0.0021168323861692298,282.6,0.08,17459908.2
2015-12-31,WAT,82651,0.0021071071612760077,286.3,0.21,10990341.12
2015-12-31,AMP,90880,0.0018671772464873208,280.5,0.01,18528999.04
2015-12-31,LLTC,10299,0.0016553116297352885,284.1,0.13,10169738.79
2015-12-31,ZION,84129,0.001559868041658555,286.2,0.2,5580584.1
2015-12-31,TMK,62308,0.0014506910790622219,284.7,0.15,7049542.8
2015-12-31,KEY,64995,0.001080226750075368,280.2,0.0,11018490.73
2015-12-31,HRB,49373,0.0010405957800310895,281.8,0.05,7859494.5
2015-12-31,CMA,25081,0.0009779652653417862,281.7,0.05,7392825.05
2015-12-31,SNI,92709,0.000967866376141046,282.9,0.09,5223749.36
2016-01-31,AAPL,14593,0.060066835551313175,301.6,0.8,539709709.22
2016-01-31,GOOG,14542,0.040856251266834356,363.4,2.85,256136473.65
2016-01-31,GOOGL,90319,0.038383695275870586,369.4,3.05,222756538.5
2016-01-31,FB,13407,0.03561312859809883,330.9,1.77,257515217.4
2016-01-31,JNJ,22111,0.03427375179635127,303.1,0.85,288979631.36
2016-01-31,WFC,38703,0.0331288173209122,317.0,1.31,255776183.0
2016-01-31,JPM,47896,0.03282548630001328,338.2,2.02,219027235.0
2016-01-31,V,92611,0.030062198927698354,369.2,3.04,142956068.19
2016-01-31,BAC,59408,0.027127814429395183,349.1,2.38,146776947.1
2016-01-31,GILD,77274,0.02455597533673514,351.6,2.46,118026000.0
2016-01-31,C,70519,0.022209445932546642,332.6,1.83,125751514.0
2016-01-31,MA,91233,0.0211950670465719,343.9,2.2,97953833.02
2016-01-31,MRK,22752,0.020999600311391458,315.4,1.26,141548823.81
2016-01-31,MDLZ,89006,0.02014937551732667,356.3,2.62,68099422.3
2016-01-31,ICE,90993,0.019313018240321715,374.3,3.21,31324666.01
2016-01-31,SBUX,77702,0.0190082514152171,335.8,1.94,89824137.0
2016-01-31,AMGN,14008,0.01892153487304074,319.4,1.39,115158420.0
2016-01-31,MO,13901,0.01840706723243855,313.4,1.19,119779205.49
2016-01-31,DIS,26403,0.018194098074352547,288.6,0.37,157301657.34
2016-01-31,PCLN,86783,0.016790647055193425,345.6,2.26,52835290.15
2016-01-31,PNC,60442,0.01612062102215766,347.3,2.32,43671600.0
2016-01-31,EA,75828,0.015834040061376765,360.4,2.75,20008950.0
2016-01-31,MNST,88031,0.014745239150290877,349.2,2.38,27397587.0
2016-01-31,GS,86868,0.014499321883983052,321.7,1.47,68911156.16
2016-01-31,VRSN,85753,0.014139509829291524,357.5,2.66,8321443.2
2016-01-31,ETFC,83862,0.013557213588256307,354.9,2.57,6863852.6
2016-01-31,EW,87657,0.013436425548429595,347.9,2.34,16870679.1
2016-01-31,CSCO,76076,0.01294709363803501,280.2,0.09,120187080.0
2016-01-31,NVDA,86580,0.012825222485516747,344.9,2.24,15773045.77
2016-01-31,TXN,15579,0.011790998731274763,315.0,1.25,53526415.24
2016-01-31,BIIB,76841,0.011670963238800234,310.4,1.09,59710849.38
2016-01-31,FSLR,91611,0.011415508081312531,341.9,2.14,6987322.22
2016-01-31,EBAY,86356,0.011374179641336926,328.7,1.7,27652419.3
2016-01-31,BLK,87267,0.011205729501216878,312.4,1.16,52040200.62
2016-01-31,RF,35044,0.011037834378977363,337.4,1.99,10531640.0
2016-01-31,MCO,48506,0.010498220607357727,329.7,1.73,17622978.0
2016-01-31,CME,89626,0.010337162447504227,320.8,1.44,30273879.3
2016-01-31,REGN,76614,0.009603682725027277,308.3,1.02,43157946.15
2016-01-31,NEE,24205,0.009420439703274682,302.0,0.82,51446476.56
2016-01-31,FOXA,90441,0.009305059982642487,314.4,1.23,30549134.76
2016-01-31,TGNA,47941,0.009038380798322086,328.6,1.7,5322848.93
2016-01-31,ORLY,79103,0.009012622450603297,315.8,1.27,25499582.32
2016-01-31,SCHW,75186,0.00892697959150158,310.2,1.09,33610832.19
2016-01-31,USB,66157,0.007890326737280245,281.2,0.13,69904700.0
2016-01-31,NAVI,14601,0.007848101341559399,322.7,1.5,3277330.52
2016-01-31,NTRS,58246,0.007741161252493585,315.2,1.25,14215326.72
2016-01-31,AIG,66800,0.007687478911725643,280.0,0.09,69866494.24
2016-01-31,GT,16432,0.007665897831001466,318.9,1.38,7586663.22
2016-01-31,LRCX,48486,0.007532345381306572,315.7,1.27,11407000.26
2016-01-31,CINF,23473,0.007312049873032675,315.6,1.27,9445557.0
2016-01-31,BK,49656,0.007132475600128771,295.8,0.61,39311123.46
2016-01-31,TSS,76639,0.006634396143157478,312.8,1.17,7388998.24
2016-01-31,MCHP,78987,0.006167708713539491,308.9,1.04,9118879.81
2016-01-31,STI,68144,0.006009794371960854,302.0,0.82,18608684.96
2016-01-31,TROW,10138,0.0058730463240636264,301.7,0.81,17770775.55
2016-01-31,FISV,10696,0.00580915142300206,299.1,0.72,21304368.0
2016-01-31,PAYX,61621,0.005537776105261141,300.0,0.75,17255444.4
2016-01-31,MTB,35554,0.00535376014525655,300.5,0.77,14685892.2
2016-01-31,HBAN,42906,0.0052992901819850545,305.1,0.92,6821314.5
2016-01-31,AMG,85593,0.005294222248633276,304.8,0.91,7251225.03
2016-01-31,FITB,34746,0.0048320019879005485,298.8,0.71,12375049.8
2016-01-31,ROP,77338,0.004689864712286542,294.6,0.57,17708414.35
2016-01-31,HIG,82775,0.00464287240192427,295.1,0.59,16458129.8
2016-01-31,TRV,59459,0.004499531389645522,284.7,0.24,31673136.0
2016-01-31,IFF,40272,0.004156940526632609,296.6,0.64,9386040.0
2016-01-31,ZION,84129,0.004077936163519269,299.1,0.72,4636177.56
2016-01-31,KEY,64995,0.003869060310265883,294.9,0.58,9326981.16
2016-01-31,XLNX,76201,0.003820224611728186,292.4,0.5,12845995.8
2016-01-31,PBCT,12073,0.00341287769009889,295.2,0.59,4456137.0
2016-01-31,EFX,52476,0.0033404194797907894,289.7,0.41,12534760.8
2016-01-31,SNA,60206,0.0029959650392645015,289.6,0.4,9377911.76
2016-01-31,EXPE,90808,0.002722057297438496,285.1,0.26,13921291.2
2016-01-31,DHI,77661,0.002630998411532738,286.9,0.31,10172345.19
2016-01-31,CMA,25081,0.0024666394052902216,288.5,0.37,6036800.0
2016-01-31,AMAT,14702,0.002321432592534234,278.9,0.05,19957296.25
2016-01-31,TMK,62308,0.0016904651248856148,283.4,0.2,6701752.2
2016-01-31,PKI,42200,0.0016887456295372814,284.2,0.23,5408650.88
2016-01-31,AMP,90880,0.0016724492174066648,277.6,0.01,15783252.8
2016-01-31,AME,85257,0.001212200346196319,277.7,0.01,11192395.15
2016-01-31,WAT,82651,0.0010446646823818438,277.5,0.0,9898493.44
2016-01-31,SNI,92709,0.000599160806238959,277.4,0.0,5768737.52
2016-02-29,AAPL,14593,0.054118188756788956,300.0,0.79,536105730.27
2016-02-29,FB,13407,0.04098798363309511,378.6,3.61,245374984.8
2016-02-29,GOOG,14542,0.03865533484576392,367.8,3.22,241110243.79
2016-02-29,GOOGL,90319,0.03612417441147123,370.0,3.3,209848522.14
2016-02-29,JNJ,22111,0.03255249272905543,308.0,1.08,290312160.39
2016-02-29,WFC,38703,0.028714907890750745,313.8,1.29,238199327.04
2016-02-29,VZ,65875,0.027930808273672014,325.9,1.72,206665953.93
2016-02-29,JPM,47896,0.027587825469524006,324.0,1.65,206635919.5
2016-02-29,V,92611,0.025871632690768295,349.8,2.57,138925893.09
2016-02-29,BAC,59408,0.02367973676488778,342.6,2.32,129276900.12
2016-02-29,GILD,77274,0.02367714447554162,348.1,2.51,118725001.25
2016-02-29,AMGN,14008,0.022007859353177398,344.9,2.4,107007507.48
2016-02-29,T,66093,0.02153498335658583,279.4,0.05,227287172.55
2016-02-29,ABBV,13721,0.020174722158019708,344.6,2.39,87989707.18
2016-02-29,C,70519,0.019059749427870358,324.5,1.67,114534462.0
2016-02-29,ICE,90993,0.01896298917300651,369.0,3.26,28350033.67
2016-02-29,MO,13901,0.01870949451216863,319.4,1.49,120549873.24
2016-02-29,MDLZ,89006,0.017980858666600992,345.1,2.41,63585814.74
2016-02-29,RAI,86946,0.017423560677343644,337.6,2.14,71980806.63
2016-02-29,SBUX,77702,0.01669801101985936,326.2,1.73,86040201.0
2016-02-29,MA,91233,0.016326416301575768,319.6,1.49,94697775.44
2016-02-29,EBAY,86356,0.01632125575320953,354.4,2.74,28053179.0
2016-02-29,DIS,26403,0.015620506052864568,283.7,0.21,155847566.4
2016-02-29,EA,75828,0.015537682876031517,354.3,2.74,19870010.16
2016-02-29,MRK,22752,0.015526701579018712,291.8,0.5,139345754.39
2016-02-29,PNC,60442,0.01534240626885464,342.3,2.31,40744847.55
2016-02-29,NVDA,86580,0.014614107854848454,350.7,2.61,16887767.68
2016-02-29,PM,92602,0.01405570291000639,282.7,0.17,141037057.41
2016-02-29,VRSN,85753,0.014024706510966534,351.4,2.63,9249035.81
2016-02-29,TXN,15579,0.013652420238510909,326.3,1.73,53298779.16
2016-02-29,LVLT,85991,0.013580749726094719,344.7,2.39,17324582.0
2016-02-29,EW,87657,0.01188044827128446,334.5,2.03,18670026.0
2016-02-29,BIIB,76841,0.011806931745070293,314.2,1.3,56728151.85
2016-02-29,BK,49656,0.010974494879624253,319.3,1.48,38072597.39
2016-02-29,PCLN,86783,0.010779359403152054,305.3,0.98,62775922.59
2016-02-29,GS,86868,0.010599888449240313,304.1,0.94,63153995.5
2016-02-29,BLK,87267,0.010335479352377908,308.9,1.11,51143344.68
2016-02-29,FSLR,91611,0.009475126262014442,327.0,1.76,7314066.16
2016-02-29,HON,10145,0.009175350638451592,288.4,0.38,77970886.05
2016-02-29,MCO,48506,0.008709276647191809,317.5,1.42,17307120.0
2016-02-29,NAVI,14601,0.008685488148141256,324.5,1.67,3658449.81
2016-02-29,CME,89626,0.008535065307503996,309.4,1.13,30944484.72
2016-02-29,JNPR,86979,0.008421742440183521,320.0,1.51,9450343.5
2016-02-29,SYK,73139,0.008355506997120347,305.1,0.97,37253442.16
2016-02-29,FITB,34746,0.008101624210871664,316.9,1.4,11960864.3
2016-02-29,TROW,10138,0.007992827450033596,313.6,1.28,17112603.54
2016-02-29,NTRS,58246,0.007948952906385216,315.2,1.34,13582106.16
2016-02-29,MCHP,78987,0.007884265174203875,317.2,1.41,9063769.74
2016-02-29,SWKS,45911,0.007780298438414785,314.7,1.32,12736338.6
2016-02-29,LRCX,48486,0.007767885598545105,315.2,1.34,11646930.2
2016-02-29,USB,66157,0.007658088801371119,285.7,0.28,66921412.32
2016-02-29,CINF,23473,0.006646478087127169,309.6,1.14,10377311.56
2016-02-29,DAL,91926,0.006378520393275792,293.9,0.57,37555274.16
2016-02-29,TWX,77418,0.006040130214126637,284.3,0.23,52308194.8
2016-02-29,EFX,52476,0.005963123798936326,304.7,0.96,12449990.16
2016-02-29,ROP,77338,0.005795391015518747,301.4,0.84,16971844.44
2016-02-29,MS,69032,0.005475328380296001,283.2,0.19,48376654.3
2016-02-29,MTB,35554,0.005322162606117084,299.1,0.76,16315192.25
2016-02-29,HIG,82775,0.00521568497559904,298.3,0.73,16707993.12
2016-02-29,XLNX,76201,0.005175290808982995,300.5,0.81,12066598.8
2016-02-29,SNA,60206,0.005154879534536743,302.3,0.87,8404169.64
2016-02-29,AMG,85593,0.005033363344372174,302.1,0.87,7488150.48
2016-02-29,PKI,42200,0.004594940886259264,300.8,0.82,5290000.84
2016-02-29,PAYX,61621,0.004345554118961856,292.5,0.52,18506618.19
2016-02-29,TSS,76639,0.0042023310701218754,297.2,0.69,7982505.02
2016-02-29,TRV,59459,0.0039522529567565115,283.4,0.2,31715927.04
2016-02-29,ETFC,83862,0.003807445006875891,295.7,0.64,6632353.14
2016-02-29,STI,68144,0.0035909135559107656,289.2,0.4,16755833.64
2016-02-29,SCHW,75186,0.00347107024914951,280.0,0.08,33079101.15
2016-02-29,CTSH,86158,0.003247468061285939,277.9,0.0,34707657.6
2016-02-29,TGNA,47941,0.0032100357378305436,293.0,0.54,5413900.8
2016-02-29,ORLY,79103,0.003025819252287976,281.6,0.13,25258850.57
2016-02-29,BCR,46877,0.002849076148221432,286.4,0.3,14185139.3
2016-02-29,KLAC,46886,0.0027770153291678855,287.9,0.36,10544747.1
2016-02-29,HRB,49373,0.0026057921088309174,288.4,0.38,7758036.0
2016-02-29,DHI,77661,0.0024104737359378933,286.2,0.3,9880227.68
2016-02-29,FISV,10696,0.00238866813034383,280.1,0.08,21319465.31
2016-02-29,AMAT,14702,0.002247057707072777,279.3,0.05,21336780.75
2016-02-29,LLTC,10299,0.0018899528132982966,283.0,0.18,10440272.52
2016-02-29,IFF,40272,0.0013843032976933733,281.3,0.12,8289022.5
2016-02-29,KEY,64995,0.0013261543479359962,280.7,0.1,8815643.3
2016-02-29,PBCT,12073,0.0005501068480539019,278.6,0.03,4539882.18
2016-03-31,AAPL,14593,0.05644587278395853,298.6,0.92,597095829.54
2016-03-31,FB,13407,0.04007639452847254,373.7,3.44,263691147.3
2016-03-31,GOOG,14542,0.037769744737639485,363.9,3.11,256026654.29
2016-03-31,GOOGL,90319,0.03538821079044423,366.3,3.19,223966847.57
2016-03-31,JNJ,22111,0.032158611110347624,308.4,1.25,298452820.8
2016-03-31,VZ,65875,0.028166646600734865,324.9,1.8,220646400.0
2016-03-31,WFC,38703,0.026508986340286218,302.6,1.06,244568416.56
2016-03-31,JPM,47896,0.025904566353102378,313.1,1.41,217353093.3
2016-03-31,V,92611,0.025454171374718428,347.0,2.54,146775138.88
2016-03-31,GILD,77274,0.02540447432096949,358.6,2.93,123827280.0
2016-03-31,T,66093,0.02267733070773821,281.6,0.35,240942856.53
2016-03-31,BAC,59408,0.02099641530204309,324.1,1.78,139603126.0
2016-03-31,MO,13901,0.019711699772173213,325.2,1.81,122684019.12
2016-03-31,AMGN,14008,0.019610241301677225,329.8,1.97,112642401.49
2016-03-31,ABBV,13721,0.019109241622752002,337.3,2.22,92405023.2
2016-03-31,RAI,86946,0.017659709050871303,339.3,2.28,71851534.56
2016-03-31,C,70519,0.01752756703549642,312.1,1.37,122796102.0
2016-03-31,MA,91233,0.01716154583467218,320.2,1.64,102956049.0
2016-03-31,PCLN,86783,0.016708463091998246,337.7,2.23,63981394.49
2016-03-31,ICE,90993,0.016296648191642654,353.9,2.77,27989654.76
2016-03-31,MDLZ,89006,0.016183391159155125,335.4,2.15,62370150.8
2016-03-31,EBAY,86356,0.016150603717167124,353.4,2.76,27271980.0
2016-03-31,SBUX,77702,0.015897351046277933,320.7,1.66,87430650.0
2016-03-31,PM,92602,0.015859546064283813,286.9,0.53,152192646.95
2016-03-31,MRK,22752,0.015679433166853232,288.6,0.59,146838953.69
2016-03-31,DIS,26403,0.015574940567168186,280.1,0.3,162031216.7
2016-03-31,VRSN,85753,0.014670032171423555,353.7,2.77,9640146.66
2016-03-31,EA,75828,0.014204213966772631,345.6,2.5,19899110.0
2016-03-31,TXN,15579,0.013960948713998498,324.5,1.79,57797364.24
2016-03-31,CSCO,76076,0.013392942153948456,276.8,0.19,143264484.87
2016-03-31,LVLT,85991,0.01300860463053988,339.0,2.27,18858994.0
2016-03-31,PNC,60442,0.012940457756969476,326.4,1.85,42378449.85
2016-03-31,EW,87657,0.012512330913125239,336.0,2.17,18929689.58
2016-03-31,LRCX,48486,0.012430055478507812,338.5,2.26,13159749.4
2016-03-31,BIIB,76841,0.011013255760022066,307.3,1.21,57023358.51
2016-03-31,BLK,87267,0.010657198022550333,305.8,1.16,55815678.37
2016-03-31,JNPR,86979,0.010292732207043683,327.5,1.89,9760253.55
2016-03-31,BK,49656,0.009771020635454292,308.9,1.27,39629080.0
2016-03-31,CME,89626,0.009678387432196971,312.1,1.37,32389596.8
2016-03-31,FSLR,91611,0.009567327349580587,324.6,1.79,6998934.93
2016-03-31,GS,86868,0.009122430898380144,291.2,0.67,66300503.0
2016-03-31,NAVI,14601,0.009051952958133987,323.1,1.74,3956252.58
2016-03-31,MCHP,78987,0.009043344971759557,320.0,1.64,9836752.4
2016-03-31,HON,10145,0.008829986070821357,279.6,0.28,85307586.75
2016-03-31,SYK,73139,0.008801853956752086,302.9,1.07,40039769.68
2016-03-31,DAL,91926,0.007912511459503155,298.7,0.92,37897818.12
2016-03-31,HRB,49373,0.007900194836564046,315.2,1.48,5928806.52
2016-03-31,TROW,10138,0.007829190913626074,308.4,1.25,18227629.8
2016-03-31,FITB,34746,0.007798518661423609,311.0,1.34,12859160.99
2016-03-31,CINF,23473,0.007782451674182785,312.0,1.37,10745184.0
2016-03-31,USB,66157,0.007423747062281941,278.9,0.26,70460830.44
2016-03-31,MCO,48506,0.00705983338115263,303.5,1.09,18817902.48
2016-03-31,NTRS,58246,0.006750518865922031,303.7,1.09,14869447.88
2016-03-31,PAYX,61621,0.006448710923241792,299.5,0.95,19494693.46
2016-03-31,SWKS,45911,0.006125773867801143,300.0,0.97,14810659.6
2016-03-31,HIG,82775,0.006108689761673901,298.1,0.9,18278830.08
2016-03-31,TSS,76639,0.005630052668733693,300.2,0.97,8715181.02
2016-03-31,KLAC,46886,0.005589737307088683,298.6,0.92,11337099.48
2016-03-31,EFX,52476,0.005585115464826498,297.4,0.88,13598567.07
2016-03-31,AMG,85593,0.005216185615324848,297.7,0.89,8770573.86
2016-03-31,MS,69032,0.005090174111618154,276.1,0.17,48983810.69
2016-03-31,NEE,24205,0.004966843896696778,272.5,0.05,54507404.0
2016-03-31,BCR,46877,0.004755054478761527,291.8,0.69,14839902.74
2016-03-31,AMAT,14702,0.004474082461865819,285.4,0.48,23948755.5
2016-03-31,XLNX,76201,0.004468691517717221,291.5,0.68,12120262.2
2016-03-31,ROP,77338,0.00424976069454309,286.9,0.53,18471650.05
2016-03-31,TRV,59459,0.0042114996910633095,278.4,0.24,34426765.67
2016-03-31,LLTC,10299,0.004007425584548607,289.5,0.62,10665257.76
2016-03-31,HRL,32870,0.0034798731473465357,280.0,0.3,22913654.32
2016-03-31,MTB,35554,0.003325297832639866,281.8,0.36,17661210.0
2016-03-31,ORLY,79103,0.0033030009572656257,277.1,0.2,26470310.82
2016-03-31,TGNA,47941,0.0031750529794264877,287.4,0.55,5128754.82
2016-03-31,SNA,60206,0.0029860817319804743,284.2,0.44,9124730.35
2016-03-31,DFS,92121,0.002869485792050642,277.3,0.21,21091318.6
2016-03-31,FISV,10696,0.002840158665576243,276.2,0.17,22875340.0
2016-03-31,NVDA,86580,0.0026814626540749443,277.1,0.2,19311460.0
2016-03-31,ETFC,83862,0.0020345894918852936,279.7,0.29,6845616.23
2016-03-31,PKI,42200,0.001812933915505717,279.1,0.27,5449947.94
2016-03-31,DPS,92618,0.0016206791760794194,272.1,0.03,16737993.28
2016-03-31,PBCT,12073,0.0014175155760493994,277.0,0.2,4946265.0
2016-03-31,FFIV,86964,0.00106772571778214,273.8,0.09,7089938.85
2016-03-31,DHI,77661,0.0009704948415515288,271.1,0.0,11178116.87
2016-04-30,AAPL,14593,0.05058190600853836,301.0,1.14,513453819.5
2016-04-30,FB,13407,0.042770949153069115,372.1,3.8,271829086.7
2016-04-30,GOOG,14542,0.03777515775614411,361.2,3.39,238007357.83
2016-04-30,GOOGL,90319,0.035554445005803556,363.4,3.48,207886659.0
2016-04-30,JNJ,22111,0.03287669320641502,301.8,1.17,309155195.52
2016-04-30,VZ,65875,0.026625236192893545,315.8,1.7,207646110.72
2016-04-30,V,92611,0.026370259299974795,342.7,2.7,147126056.84
2016-04-30,WFC,38703,0.025908166800318506,290.9,0.76,252761155.08
2016-04-30,JPM,47896,0.025287735589984414,297.7,1.02,231100848.8
2016-04-30,GILD,77274,0.024995761169548457,349.2,2.95,117480018.62
2016-04-30,BAC,59408,0.02191864577589305,317.5,1.76,150152329.6
2016-04-30,T,66093,0.02088559526475972,270.5,0.0,238975920.0
2016-04-30,AMGN,14008,0.02040530646887715,324.0,2.0,118917651.1
2016-04-30,MO,13901,0.020285617125070793,321.6,1.91,122687411.75
2016-04-30,C,70519,0.01877690314860627,307.4,1.38,135831800.0
2016-04-30,RAI,86946,0.01835185309492101,335.5,2.43,70796113.6
2016-04-30,ABBV,13721,0.01682144878661375,314.3,1.64,98681835.0
2016-04-30,VRSN,85753,0.01650200455393317,354.3,3.14,9372326.4
2016-04-30,MA,91233,0.01640467209947414,309.3,1.45,104619815.34
2016-04-30,ICE,90993,0.016158775186627478,343.5,2.73,28571731.02
2016-04-30,TXN,15579,0.01612267066028657,329.9,2.22,57281108.08
2016-04-30,EBAY,86356,0.015047990399641907,337.8,2.52,28067724.72
2016-04-30,HD,66181,0.015018615933952376,272.5,0.07,167562397.77
2016-04-30,SBUX,77702,0.014871960894331248,311.5,1.53,82371327.0
2016-04-30,PM,92602,0.014837186180836563,278.7,0.31,152210023.68
2016-04-30,MRK,22752,0.014771871099322986,278.5,0.3,151890951.24
2016-04-30,PCLN,86783,0.014718619870206348,318.0,1.78,66697940.23
2016-04-30,EA,75828,0.014502739688167107,339.3,2.58,18616850.0
2016-04-30,MDLZ,89006,0.013930733225670148,313.8,1.62,66676540.56
2016-04-30,PNC,60442,0.01316677238795634,320.4,1.87,43802220.0
2016-04-30,EW,87657,0.013026032662767027,329.6,2.21,22491348.23
2016-04-30,LVLT,85991,0.01291550828808771,330.8,2.26,18657081.3
2016-04-30,LRCX,48486,0.012388026382819854,331.0,2.26,12193287.2
2016-04-30,CSCO,76076,0.01220658609105551,271.1,0.02,138384660.0
2016-04-30,BIIB,76841,0.011908182248133718,306.0,1.33,60236832.3
2016-04-30,BLK,87267,0.01143196316941841,304.1,1.26,58856449.77
2016-04-30,CME,89626,0.010767466235483502,313.5,1.61,31124402.4
2016-04-30,HON,10145,0.010661557572276468,286.8,0.61,87086881.05
2016-04-30,MCHP,78987,0.0104111359321913,321.5,1.91,9916344.38
2016-04-30,ADBE,75510,0.010407096944015107,304.1,1.26,47129786.2
2016-04-30,NAVI,14601,0.009976781364390754,321.7,1.92,4518126.38
2016-04-30,SYK,73139,0.009682639763680178,303.2,1.22,40767668.81
2016-04-30,CINF,23473,0.008865197260278014,312.8,1.58,10857324.8
2016-04-30,AMAT,14702,0.008835480378195721,307.3,1.38,22294777.68
2016-04-30,GS,86868,0.008813278161100118,285.5,0.56,68722375.38
2016-04-30,SWKS,45911,0.008054099789566347,307.6,1.39,12711703.16
2016-04-30,FSLR,91611,0.007853844315886791,309.8,1.47,5709360.8
2016-04-30,BK,49656,0.007549561692549795,290.6,0.75,43341819.92
2016-04-30,PAYX,61621,0.007389547668992635,301.2,1.15,18812505.52
2016-04-30,TROW,10138,0.007266308720458764,300.6,1.13,18687203.87
2016-04-30,USB,66157,0.0071170107496573145,274.0,0.13,73939080.0
2016-04-30,FITB,34746,0.0071049298407097825,301.9,1.18,14056916.58
2016-04-30,HIG,82775,0.007027915456896693,299.9,1.1,17458426.3
2016-04-30,MCO,48506,0.0069265602040753235,298.8,1.06,18654200.76
2016-04-30,DAL,91926,0.006328303587681175,289.3,0.7,32151780.27
2016-04-30,JNPR,86979,0.006101159063164575,298.9,1.06,8995708.8
2016-04-30,KLAC,46886,0.006004726524619505,297.5,1.01,10890217.52
2016-04-30,AMG,85593,0.005969147577558865,298.1,1.03,9198302.46
2016-04-30,TRV,59459,0.005877615830787698,286.9,0.61,32134210.5
2016-04-30,NTRS,58246,0.005609470555800731,292.9,0.84,16217897.12
2016-04-30,TSS,76639,0.005497332485343536,295.5,0.94,9367262.66
2016-04-30,EFX,52476,0.0054054234643326395,292.7,0.83,14311433.5
2016-04-30,NEE,24205,0.0053594260695516045,273.8,0.12,54256820.68
2016-04-30,ROP,77338,0.0053562915794947204,290.8,0.76,17817842.74
2016-04-30,DHI,77661,0.005054267860990327,292.3,0.82,11150005.5
2016-04-30,MTB,35554,0.004956662170047279,288.2,0.66,18812761.68
2016-04-30,BCR,46877,0.004728185555060705,288.5,0.67,15556092.23
2016-04-30,HRL,32870,0.004255697111527213,283.7,0.49,20428338.9
2016-04-30,XLNX,76201,0.003519204082520262,284.2,0.51,10930602.24
2016-04-30,FISV,10696,0.003377237629122385,278.4,0.3,21726087.6
2016-04-30,CTSH,86158,0.0033153117337773163,271.7,0.04,35364631.9
2016-04-30,LLTC,10299,0.0032500856793419497,282.9,0.46,10635079.04
2016-04-30,ORLY,79103,0.0032311776243051215,275.9,0.2,25408247.39
2016-04-30,NVDA,86580,0.002706192341651336,276.1,0.21,18973020.0
2016-04-30,SNA,60206,0.0026060286682243116,280.1,0.36,9261494.88
2016-04-30,HRB,49373,0.002492995437612663,281.7,0.42,4541977.44
2016-04-30,PGR,64390,0.002259904965004931,273.7,0.12,19005800.0
2016-04-30,TGNA,47941,0.0021680734192150125,279.7,0.34,5106893.12
2016-04-30,PBCT,12073,0.001618844514719634,276.9,0.24,4818345.5
2016-04-30,NDAQ,90601,0.001149271309438446,271.9,0.05,10152220.65
2016-04-30,ETFC,83862,0.0009689602385812303,272.4,0.07,7018396.22
2016-05-31,AAPL,14593,0.05017832519382971,273.5,0.09,546975660.5
2016-05-31,FB,13407,0.04442691370460356,373.8,3.89,274672680.65
2016-05-31,GOOG,14542,0.03939590642708764,357.8,3.29,252675666.5
2016-05-31,GOOGL,90319,0.036247557108432235,356.9,3.25,219918517.88
2016-05-31,JNJ,22111,0.03556716666905535,310.1,1.48,309970072.36
2016-05-31,V,92611,0.02810581809454258,347.3,2.89,150364201.54
2016-05-31,VZ,65875,0.026686189021964866,312.4,1.56,207483059.2
2016-05-31,JPM,47896,0.025921583681900503,293.4,0.84,238670132.93
2016-05-31,RAI,86946,0.025811461517457515,373.3,3.87,70938847.7
2016-05-31,WFC,38703,0.02397750663488887,274.1,0.11,257507874.56
2016-05-31,T,66093,0.02293385151053678,276.5,0.2,241025487.3
2016-05-31,AMGN,14008,0.021737184724974254,328.9,2.19,118654725.15
2016-05-31,GILD,77274,0.0212259224489447,327.5,2.14,115948423.32
2016-05-31,BAC,59408,0.02083957068132027,308.2,1.41,151921637.64
2016-05-31,MO,13901,0.0206398407452213,320.3,1.86,124506887.0
2016-05-31,BAX,27887,0.01868760024242588,358.3,3.3,23835671.08
2016-05-31,C,70519,0.018108819304172394,301.1,1.14,136679643.53
2016-05-31,ABBV,13721,0.018005480696431406,317.3,1.75,101780401.87
2016-05-31,MNST,88031,0.017754857788601534,350.2,3.0,30456450.0
2016-05-31,ICE,90993,0.017238193362746967,346.6,2.86,32275751.52
2016-05-31,MA,91233,0.01714952864414337,312.0,1.55,103410408.5
2016-05-31,PCLN,86783,0.017091754169001248,331.2,2.28,62760074.88
2016-05-31,VRSN,85753,0.01668146848049278,354.7,3.17,9270358.96
2016-05-31,EW,87657,0.01631398061884187,347.2,2.88,20858655.5
2016-05-31,PM,92602,0.015431514846645674,279.1,0.3,153078731.52
2016-05-31,MDLZ,89006,0.01504912989019444,317.4,1.75,69051193.89
2016-05-31,TXN,15579,0.014512552348693319,318.5,1.8,60856156.2
2016-05-31,NEE,24205,0.014379150276302202,320.4,1.87,55428893.52
2016-05-31,EA,75828,0.013925820054300262,333.5,2.36,23140355.25
2016-05-31,NDAQ,90601,0.013737769965001112,338.4,2.55,10859635.15
2016-05-31,BK,49656,0.013534343666437078,320.8,1.88,45302110.98
2016-05-31,EBAY,86356,0.013353807038938608,328.1,2.16,28102191.84
2016-05-31,LVLT,85991,0.01325558061654666,331.8,2.3,19310485.35
2016-05-31,SBUX,77702,0.011818752955761288,294.9,0.9,80408361.0
2016-05-31,BIIB,76841,0.011377410276626948,300.7,1.12,63465648.42
2016-05-31,PNC,60442,0.010761344415846905,306.4,1.34,44809335.76
2016-05-31,BLK,87267,0.010518959226190176,298.1,1.02,59441084.58
2016-05-31,NAVI,14601,0.01032060972994236,323.4,1.98,4531346.94
2016-05-31,CME,89626,0.00994768326553699,307.7,1.39,33149469.6
2016-05-31,ORLY,79103,0.009006533556917991,306.4,1.34,25505859.12
2016-05-31,ADBE,75510,0.008804894766907004,293.7,0.86,49755888.7
2016-05-31,HON,10145,0.008738840315678035,275.6,0.17,86751550.45
2016-05-31,USB,66157,0.008539023920762789,280.7,0.36,73924576.46
2016-05-31,ISRG,88352,0.008088193484831165,302.2,1.18,24157063.36
2016-05-31,CINF,23473,0.007967385737718768,307.7,1.39,11365568.0
2016-05-31,SNI,92709,0.00779357748548974,309.3,1.45,6119055.7
2016-05-31,NTRS,58246,0.007277544691336867,301.4,1.15,16906952.4
2016-05-31,MCHP,78987,0.006920443701615641,302.3,1.18,11103034.56
2016-05-31,MTB,35554,0.006766854291576293,297.7,1.01,19000380.5
2016-05-31,TSS,76639,0.0066937654688546434,301.7,1.16,9859964.4
2016-05-31,AMAT,14702,0.006585917492762411,293.1,0.83,26596896.48
2016-05-31,LRCX,48486,0.006525232704471511,299.2,1.06,13216310.38
2016-05-31,MS,69032,0.006259413587311522,278.7,0.29,53016346.88
2016-05-31,TROW,10138,0.0061152166305800506,294.2,0.88,19126523.18
2016-05-31,FITB,34746,0.005750276862006865,294.5,0.89,14486838.66
2016-05-31,SYK,73139,0.00563583247785635,280.9,0.37,41571727.96
2016-05-31,EFX,52476,0.0053768115375695405,292.3,0.8,14963630.22
2016-05-31,PAYX,61621,0.005376105109470975,290.1,0.72,19540888.0
2016-05-31,KLAC,46886,0.005276185257944133,293.5,0.85,11355784.44
2016-05-31,DFS,92121,0.005084446326998816,286.7,0.59,23418502.25
2016-05-31,LUV,58683,0.004379953001614332,281.2,0.38,27131423.76
2016-05-31,SWKS,45911,0.004356387504790682,288.0,0.64,12700288.88
2016-05-31,FAST,11618,0.004259091444374901,287.2,0.61,13297284.49
2016-05-31,HIG,82775,0.003983566825073026,283.6,0.47,17769200.45
2016-05-31,BCR,46877,0.003922899899654198,284.1,0.49,16059793.03
2016-05-31,FISV,10696,0.003833976105671149,280.1,0.34,23418018.9
2016-05-31,WM,11955,0.003693024728762524,277.6,0.25,27077768.9
2016-05-31,SCHW,75186,0.0036741949210188653,271.1,0.0,40417310.78
2016-05-31,AMG,85593,0.0036338756922616212,285.8,0.56,9337458.24
2016-05-31,MCO,48506,0.0031632297545615713,278.6,0.28,19165752.0
2016-05-31,BSX,77605,0.0030096371174208663,272.2,0.04,30814449.57
2016-05-31,SPGI,17478,0.0027084069462827843,271.2,0.0,29584926.0
2016-05-31,DHI,77661,0.0023377311854765265,278.0,0.26,11335468.0
2016-05-31,SNA,60206,0.002295240691449058,278.7,0.29,9409186.3
2016-05-31,HRL,32870,0.002093386616985627,273.4,0.09,18234478.38
2016-05-31,ETFC,83862,0.00201394815085948,278.0,0.26,7773751.81
2016-05-31,DPS,92618,0.0019796388476912637,273.4,0.09,16983216.8
2016-05-31,CTXS,82686,0.0019551869874325036,275.1,0.15,13171261.84
2016-05-31,ROP,77338,0.0019149314700453019,272.9,0.07,17313467.08
2016-05-31,PBCT,12073,0.0018886420990639312,278.7,0.29,4936472.68
2016-05-31,JNPR,86979,0.0016696445562671316,275.6,0.17,8988152.45
2016-06-30,AAPL,14593,0.048008756309536126,278.5,0.22,515586574.0
2016-06-30,FB,13407,0.04260371329118986,372.5,3.71,264672480.0
2016-06-30,GOOG,14542,0.03794645021402344,360.7,3.27,237508642.24
2016-06-30,JNJ,22111,0.03675979692493007,307.1,1.28,333653117.2
2016-06-30,GOOGL,90319,0.03492263479267173,359.2,3.21,207320450.42
2016-06-30,VZ,65875,0.028633131635200114,315.3,1.59,227603840.0
2016-06-30,V,92611,0.027303477214702516,350.5,2.89,141278348.47
2016-06-30,RAI,86946,0.02530881270547494,371.3,3.66,76976500.13
2016-06-30,JPM,47896,0.023780984105552173,289.3,0.62,227224790.26
2016-06-30,WFC,38703,0.02263526701285148,276.7,0.16,240296681.84
2016-06-30,MO,13901,0.020609948049027254,317.5,1.67,134915068.0
2016-06-30,AMGN,14008,0.02003667743977595,324.7,1.93,113945127.51
2016-06-30,ICE,90993,0.020004032179091472,365.5,3.45,30471015.35
2016-06-30,GILD,77274,0.01951229253662289,323.3,1.88,111032020.0
2016-06-30,BAC,59408,0.01879107926738093,307.0,1.28,136308325.32
2016-06-30,ABBV,13721,0.017594141478977917,316.4,1.63,104000070.69
2016-06-30,EA,75828,0.016971913189974368,352.9,2.98,22803760.0
2016-06-30,TXN,15579,0.01681679925616148,332.4,2.22,62859752.2
2016-06-30,C,70519,0.016152496616138483,298.6,0.97,124411640.31
2016-06-30,MNST,88031,0.01612401526321903,343.5,2.63,32631042.56
2016-06-30,VRSN,85753,0.015870316411296104,353.6,3.01,9266782.8
2016-06-30,BAX,27887,0.015612776391081728,344.5,2.67,24973332.86
2016-06-30,NVDA,86580,0.015531954151969557,344.0,2.65,25103340.0
2016-06-30,PM,92602,0.015390411232658049,278.1,0.21,157794574.08
2016-06-30,EW,87657,0.01524367379738545,344.4,2.66,21119123.99
2016-06-30,NEE,24205,0.014793543792835815,322.8,1.86,60172553.79
2016-06-30,MRK,22752,0.01476419543298873,273.9,0.05,159465920.25
2016-06-30,MDLZ,89006,0.014738407847424305,317.3,1.66,70770644.07
2016-06-30,BK,49656,0.014423532139705226,329.8,2.12,41844674.55
2016-06-30,NDAQ,90601,0.014277945779675743,344.3,2.66,10705601.14
2016-06-30,PCLN,86783,0.014271676868858607,319.2,1.73,61768831.46
2016-06-30,LVLT,85991,0.014128185922441135,339.7,2.49,18429970.17
2016-06-30,INTC,59328,0.01408779950977126,272.5,0.0,154881600.0
2016-06-30,MA,91233,0.01408476704073418,301.9,1.09,94956418.9
2016-06-30,EBAY,86356,0.012453399858606372,326.7,2.01,26500120.0
2016-06-30,BLK,87267,0.011186070402494993,305.4,1.22,55958098.51
2016-06-30,AMAT,14702,0.010861144478389734,318.3,1.7,26106781.68
2016-06-30,PNC,60442,0.010719232152891117,310.4,1.4,40639980.36
2016-06-30,BIIB,76841,0.010471192359343894,303.0,1.13,52987842.41
2016-06-30,NAVI,14601,0.010146705298939301,325.4,1.96,3788544.35
2016-06-30,CME,89626,0.010141959521608164,311.1,1.43,32867435.2
2016-06-30,SBUX,77702,0.009323468529801152,281.7,0.34,83760768.0
2016-06-30,MCHP,78987,0.00860843380152202,313.6,1.52,10914973.56
2016-06-30,HON,10145,0.008471049619834477,274.7,0.08,88649216.8
2016-06-30,ADBE,75510,0.008380998221132878,294.3,0.81,47731294.89
2016-06-30,SNI,92709,0.00828437781560605,314.3,1.55,5926298.17
2016-06-30,LRCX,48486,0.007969630034255857,308.9,1.35,13466496.06
2016-06-30,ISRG,88352,0.007282099030012163,299.3,0.99,25464283.85
2016-06-30,CINF,23473,0.0072723483741986995,305.7,1.23,12319405.0
2016-06-30,ORLY,79103,0.007268528002796481,299.1,0.99,25722511.15
2016-06-30,NTRS,58246,0.006961552443059141,302.7,1.12,15013919.66
2016-06-30,PAYX,61621,0.006768880207794551,298.5,0.96,21451654.0
2016-06-30,TROW,10138,0.006702447196941989,299.7,1.01,18276722.93
2016-06-30,USB,66157,0.0064812979943119926,273.3,0.03,69625832.99
2016-06-30,KLAC,46886,0.0060235182887700845,299.4,1.0,11423703.75
2016-06-30,TSS,76639,0.006019665246109354,300.2,1.03,9751633.32
2016-06-30,MS,69032,0.00555944889029196,277.8,0.2,50323883.52
2016-06-30,SCHW,75186,0.005451578858397585,285.5,0.48,33451999.21
2016-06-30,EFX,52476,0.00533675632194616,293.8,0.79,15281396.41
2016-06-30,FITB,34746,0.0049876113772302074,292.8,0.75,13480026.14
2016-06-30,SYK,73139,0.004928584632162935,277.1,0.17,44814143.23
2016-06-30,DFS,92121,0.004622036320126986,286.6,0.52,22091137.75
2016-06-30,MTB,35554,0.004619010494005054,288.2,0.58,18798451.77
2016-06-30,LUV,58683,0.004260522821391542,283.2,0.4,25042917.27
2016-06-30,SWKS,45911,0.004226467571351022,289.4,0.63,12038260.64
2016-06-30,WM,11955,0.0039749964895359115,279.5,0.26,29441242.74
2016-06-30,MCO,48506,0.003916758046396585,284.7,0.45,18207853.0
2016-06-30,AMG,85593,0.0038575655152954095,289.6,0.63,7575115.24
2016-06-30,LLTC,10299,0.0038284181772451917,287.7,0.56,11125229.94
2016-06-30,SPGI,17478,0.003509919288895802,277.5,0.19,28402448.0
2016-06-30,FISV,10696,0.003478781004792883,279.5,0.26,23985838.0
2016-06-30,BSX,77605,0.003458707152800005,275.6,0.11,31709981.79
2016-06-30,TRV,59459,0.003388319618501076,273.7,0.04,34806700.8
2016-06-30,DAL,91926,0.0032979414894832777,276.5,0.15,28109096.56
2016-06-30,BCR,46877,0.0032915223793091655,281.8,0.34,17241696.04
2016-06-30,ETFC,83862,0.0031603449829950745,286.4,0.52,6428696.22
2016-06-30,HIG,82775,0.002996234358397096,280.1,0.28,17458426.3
2016-06-30,FAST,11618,0.002519315733707826,279.8,0.27,12826312.94
2016-06-30,JNPR,86979,0.0025086631351559897,281.8,0.34,8634923.05
2016-06-30,STI,68144,0.00203926813633019,273.4,0.03,20586338.24
2016-06-30,IFF,40272,0.0012476225245066654,274.3,0.07,10049543.98
2016-07-31,AAPL,14593,0.0498451155145614,280.2,0.45,561529645.03
2016-07-31,FB,13407,0.04182351495762351,359.5,3.48,287907538.46
2016-07-31,JNJ,22111,0.037394081926843487,311.3,1.64,344463148.12
2016-07-31,GOOG,14542,0.03483446292287403,333.5,2.49,264159312.29
2016-07-31,GOOGL,90319,0.030976163451067094,327.0,2.24,233321859.81
2016-07-31,VZ,65875,0.029655279460526478,323.4,2.1,225867893.82
2016-07-31,RAI,86946,0.025328956237241754,369.2,3.85,71452690.46
2016-07-31,T,66093,0.024970573415995963,281.0,0.48,266320080.0
2016-07-31,V,92611,0.02293153068556247,323.1,2.09,147236173.7
2016-07-31,JPM,47896,0.022548754695518754,282.7,0.54,233916476.23
2016-07-31,MO,13901,0.020706352692242958,318.1,1.9,132275983.5
2016-07-31,WFC,38703,0.020627228131626638,269.0,0.02,242176545.0
2016-07-31,TXN,15579,0.01936671157253105,338.7,2.69,69973897.5
2016-07-31,ICE,90993,0.01929677837586112,355.4,3.33,31451954.39
2016-07-31,GILD,77274,0.019186933752949213,322.3,2.06,104873221.26
2016-07-31,BAC,59408,0.017909257139761926,296.5,1.07,148041156.69
2016-07-31,ABBV,13721,0.017565636961942518,311.0,1.63,111257061.57
2016-07-31,AMGN,14008,0.017363791487689753,302.2,1.29,128740542.83
2016-07-31,INTC,59328,0.01700570854531785,284.3,0.6,164922660.0
2016-07-31,BAX,27887,0.016964893934249037,345.4,2.94,26519669.26
2016-07-31,NVDA,86580,0.016483551603517572,341.1,2.78,30548500.0
2016-07-31,NEE,24205,0.015607491259033384,323.8,2.12,59266511.55
2016-07-31,EW,87657,0.015520340218938718,338.8,2.69,24378903.08
2016-07-31,EA,75828,0.0154202284755315,338.9,2.69,22972320.0
2016-07-31,LVLT,85991,0.01493157507457123,338.5,2.68,18111409.8
2016-07-31,VRSN,85753,0.014888144596215961,342.2,2.82,9247089.87
2016-07-31,MNST,88031,0.014820809419192565,332.4,2.45,30574474.83
2016-07-31,C,70519,0.01475259252633348,289.2,0.79,127285574.0
2016-07-31,MRK,22752,0.014416470848784356,271.9,0.13,162372346.5
2016-07-31,NDAQ,90601,0.014388658637949952,338.5,2.68,11707525.04
2016-07-31,PM,92602,0.014257914854762029,274.1,0.21,155536045.02
2016-07-31,MDLZ,89006,0.013110398400528637,306.7,1.46,68412429.3
2016-07-31,BK,49656,0.012975054805336351,317.5,1.88,42437070.2
2016-07-31,AMAT,14702,0.012838969854062592,323.0,2.09,28416703.26
2016-07-31,BIIB,76841,0.012485938339439992,305.6,1.42,63529749.34
2016-07-31,PCLN,86783,0.012320188939340431,303.3,1.33,66766488.84
2016-07-31,MA,91233,0.011953081935681363,285.5,0.65,102616433.24
2016-07-31,NAVI,14601,0.011806627648166496,328.2,2.28,4501868.6
2016-07-31,MCHP,78987,0.011253989224268563,322.0,2.05,11978624.32
2016-07-31,LRCX,48486,0.010940974602870588,319.3,1.94,14381243.77
2016-07-31,BLK,87267,0.010886102807388928,298.7,1.16,60234573.75
2016-07-31,EBAY,86356,0.010828842359877305,309.5,1.57,35180232.04
2016-07-31,ADBE,75510,0.010085766625355921,299.6,1.19,48762757.26
2016-07-31,CME,89626,0.009960496879525972,305.2,1.4,34644228.48
2016-07-31,PAYX,61621,0.009907004391022883,310.8,1.62,21372336.96
2016-07-31,SNI,92709,0.009719051976738488,316.5,1.84,6288713.82
2016-07-31,PNC,60442,0.009233914627977577,298.7,1.16,40746450.0
2016-07-31,SBUX,77702,0.008519111564263056,275.3,0.26,85136130.0
2016-07-31,HON,10145,0.008422619328024013,273.3,0.18,88512588.75
2016-07-31,CINF,23473,0.00783599951608057,304.0,1.36,12293827.2
2016-07-31,KLAC,46886,0.007469679410588978,302.3,1.29,11810381.45
2016-07-31,ISRG,88352,0.006997458950003655,293.2,0.95,26781890.06
2016-07-31,ORLY,79103,0.006892509691893977,292.3,0.91,27575555.66
2016-07-31,TROW,10138,0.006541827867475923,294.9,1.01,17570140.88
2016-07-31,MS,69032,0.0059730224938773085,275.3,0.26,55104140.0
2016-07-31,NTRS,58246,0.005967917155986159,292.9,0.93,15315285.69
2016-07-31,SYK,73139,0.005928980508462938,280.2,0.45,43523836.56
2016-07-31,EFX,52476,0.005512044528353172,290.3,0.83,15807115.29
2016-07-31,LLTC,10299,0.005391127935400466,290.3,0.83,14380862.79
2016-07-31,SWKS,45911,0.004934308596793729,288.8,0.78,12378485.92
2016-07-31,BSX,77605,0.004859856417150953,279.3,0.41,32944730.76
2016-07-31,TSS,76639,0.004677515447775894,288.8,0.78,9349523.04
2016-07-31,DFS,92121,0.0045830814538460355,282.2,0.52,23133880.0
2016-07-31,FITB,34746,0.0045822058546803775,286.0,0.67,14545778.52
2016-07-31,WM,11955,0.00445043745302632,278.8,0.39,29244148.68
2016-07-31,MTB,35554,0.004270371287595117,282.8,0.55,18090971.52
2016-07-31,FISV,10696,0.0037598599366198784,277.4,0.34,24258783.4
2016-07-31,AMG,85593,0.003310577067601066,282.3,0.53,7898525.36
2016-07-31,ATVI,79678,0.003175165786998285,271.9,0.13,29777314.72
2016-07-31,MCO,48506,0.0031061709017571578,275.7,0.28,20385723.0
2016-07-31,TRV,59459,0.0030126805434044657,269.4,0.03,33504017.82
2016-07-31,BCR,46877,0.0027520169553314007,275.6,0.27,16434087.15
2016-07-31,VIAB,91063,0.002123150647645825,272.6,0.16,15788320.75
2016-07-31,XLNX,76201,0.002035436939459709,273.4,0.19,12947860.56
2016-07-31,FAST,11618,0.0020233048364778315,273.6,0.2,12353296.5
2016-07-31,ETFC,83862,0.0019597963950422465,275.7,0.28,6863844.24
2016-07-31,ROP,77338,0.0015956060768363932,269.2,0.03,17240602.36
2016-07-31,CA,25778,0.001575175992937761,270.3,0.07,14516582.85
2016-07-31,SJM,42585,0.0015216373518811756,268.5,0.0,17948232.16
2016-07-31,URI,85663,0.0010986693939219344,271.2,0.1,6864446.87
2016-07-31,JNPR,86979,0.0010447689184062204,270.1,0.06,8711712.05
2016-08-31,AAPL,14593,0.05336909352112318,284.1,0.54,571713802.3
2016-08-31,FB,13407,0.04422795156063644,372.3,3.65,292971589.08
2016-08-31,GOOG,14542,0.03637730188478744,342.6,2.6,263561444.76
2016-08-31,GOOGL,90319,0.03275708193609915,337.5,2.42,232882527.5
2016-08-31,JNJ,22111,0.032476859742627644,288.9,0.71,326499561.18
2016-08-31,T,66093,0.026144944744806217,290.7,0.77,251493760.0
2016-08-31,VZ,65875,0.025284532998281657,305.0,1.27,213312883.66
2016-08-31,V,92611,0.024175398226131593,329.2,2.13,152612510.6
2016-08-31,JPM,47896,0.02378648673251518,281.2,0.43,243808785.0
2016-08-31,AMGN,14008,0.022175468249721338,330.6,2.18,127266271.66
2016-08-31,BAX,27887,0.021125517074962907,375.8,3.77,25415886.24
2016-08-31,MO,13901,0.020610619071639875,320.8,1.83,129130276.95
2016-08-31,BAC,59408,0.019527571294523677,296.8,0.99,164705455.86
2016-08-31,TXN,15579,0.019072412892395835,341.9,2.58,69763223.4
2016-08-31,ABBV,13721,0.018787949315025927,322.9,1.91,104389542.2
2016-08-31,GILD,77274,0.01827960659087805,320.5,1.82,103434794.04
2016-08-31,RAI,86946,0.01818921157782493,336.4,2.38,70753293.37
2016-08-31,NAVI,14601,0.017528672229919592,365.9,3.42,4558934.54
2016-08-31,ICE,90993,0.017331968048462612,350.2,2.87,33603809.89
2016-08-31,KLAC,46886,0.016316939558442822,355.9,3.07,10804213.7
2016-08-31,EBAY,86356,0.01603591225124846,341.5,2.56,36309251.04
2016-08-31,LVLT,85991,0.01589939474333082,350.0,2.86,17843225.75
2016-08-31,ISRG,88352,0.015794932070771695,345.1,2.69,26422364.29
2016-08-31,NVDA,86580,0.015567408463890708,340.6,2.53,32816900.0
2016-08-31,NEE,24205,0.015263534905178306,327.3,2.06,55873796.24
2016-08-31,CSCO,76076,0.014898910318953663,273.9,0.18,158097108.96
2016-08-31,BIIB,76841,0.014711363421329931,318.6,1.75,66969951.23
2016-08-31,PM,92602,0.014555854815170825,273.5,0.16,155024107.11
2016-08-31,VRSN,85753,0.014174800347425857,345.2,2.69,7948803.15
2016-08-31,C,70519,0.013762059198718944,277.2,0.29,138702554.76
2016-08-31,EA,75828,0.013570520867097726,333.5,2.28,24431140.95
2016-08-31,MNST,88031,0.013542978250804714,330.9,2.19,29297885.98
2016-08-31,NDAQ,90601,0.012961070529275505,336.4,2.38,11781979.34
2016-08-31,AMAT,14702,0.012851721090761041,325.5,2.0,32253876.96
2016-08-31,GLW,22293,0.012801829824116248,329.6,2.14,23526739.13
2016-08-31,MA,91233,0.012761127968259641,288.9,0.71,104114090.13
2016-08-31,MDLZ,89006,0.012511093676623914,304.6,1.26,70030185.7
2016-08-31,SNI,92709,0.012469012606801323,336.5,2.39,6032633.89
2016-08-31,LRCX,48486,0.011477005803395106,326.4,2.03,14955463.2
2016-08-31,PCLN,86783,0.011221857671637674,297.3,1.0,70024712.72
2016-08-31,BLK,87267,0.011164232097172818,301.7,1.16,60612941.04
2016-08-31,BK,49656,0.01058223765866029,306.5,1.33,44489975.58
2016-08-31,PAYX,61621,0.009995505339186526,314.5,1.61,21941366.17
2016-08-31,CME,89626,0.009151434766763944,302.3,1.18,36714614.2
2016-08-31,LLTC,10299,0.00875840817869389,311.5,1.5,13961351.04
2016-08-31,UNP,48725,0.008590086745505859,277.6,0.31,79568274.42
2016-08-31,ADBE,75510,0.008509510511604524,291.5,0.8,50980152.21
2016-08-31,GS,86868,0.008192335120225835,280.8,0.42,68709594.57
2016-08-31,HON,10145,0.007872775631433028,268.9,0.0,88801721.25
2016-08-31,EW,87657,0.00759322151882227,299.6,1.08,24515145.64
2016-08-31,PPL,22517,0.007351792790688619,298.7,1.05,23584109.32
2016-08-31,MS,69032,0.007305272662628396,279.5,0.37,61292596.54
2016-08-31,TWX,77418,0.006236905072383955,273.6,0.17,60990591.22
2016-08-31,EFX,52476,0.005932574418991448,294.6,0.91,15740285.31
2016-08-31,DFS,92121,0.005907356861076109,290.2,0.75,24217620.0
2016-08-31,SPGI,17478,0.005892665978648395,285.9,0.6,32614560.0
2016-08-31,ORLY,79103,0.005727969684077441,288.0,0.67,26575094.55
2016-08-31,WM,11955,0.005596649617633187,286.4,0.62,28279958.66
2016-08-31,VIAB,91063,0.005355214975592881,292.2,0.82,14007056.5
2016-08-31,SWKS,45911,0.005322468356747072,292.0,0.82,14035950.56
2016-08-31,KMB,17750,0.005159936763433883,275.0,0.22,46054986.16
2016-08-31,NTRS,58246,0.005072455499075852,289.6,0.73,15995058.69
2016-08-31,BCR,46877,0.004827745788614718,288.1,0.68,16221802.2
2016-08-31,SCHW,75186,0.004766901349487922,275.0,0.22,41621705.84
2016-08-31,DPS,92618,0.004223592282404403,284.1,0.54,17372448.5
2016-08-31,URI,85663,0.0042125246207334495,289.2,0.72,7091911.91
2016-08-31,ITW,56573,0.004022582103191585,270.5,0.06,42186996.0
2016-08-31,MCO,48506,0.0036537200508204343,279.1,0.36,20901087.0
2016-08-31,DGX,84373,0.0035982286506142224,283.5,0.52,11513387.94
2016-08-31,MTB,35554,0.0034982874109898495,279.4,0.37,18550475.77
2016-08-31,KSU,12650,0.003026770361924287,280.8,0.42,10444115.76
2016-08-31,CINF,23473,0.002819876321644679,278.5,0.34,12690455.36
2016-08-31,SHW,36468,0.0026903501792025475,271.0,0.07,26164302.7
2016-08-31,CA,25778,0.0025658969883158994,276.3,0.26,14206560.59
2016-08-31,AMG,85593,0.0023026181185017117,278.1,0.32,7652517.6
2016-08-31,VMC,15202,0.0017494359597486071,271.2,0.08,15152908.64
2016-08-31,MAS,34032,0.0016212782442724945,272.2,0.12,11716028.2
2016-08-31,XLNX,76201,0.0016066311215040391,271.1,0.08,13741259.22
2016-08-31,TGNA,47941,0.001408898194723471,274.7,0.2,4342183.98
2016-08-31,CTXS,82686,0.001203890237903898,268.9,0.0,13579394.4
2016-08-31,PKI,42200,0.0005517856907575088,269.1,0.01,5825656.5
2016-09-30,AAPL,14593,0.05427928787469155,280.3,0.42,609163481.15
2016-09-30,FB,13407,0.042735391414254545,369.9,3.42,298997370.0
2016-09-30,GOOG,14542,0.03566928419941654,343.5,2.54,268193025.54
2016-09-30,GOOGL,90319,0.031858436724659996,336.2,2.29,237997739.7
2016-09-30,JNJ,22111,0.029949449238773667,281.3,0.45,323189150.01
2016-09-30,JPM,47896,0.02429334520701622,289.8,0.74,240521881.38
2016-09-30,V,92611,0.024281510306156988,332.9,2.18,156008091.8
2016-09-30,T,66093,0.024218899220418966,284.6,0.56,249832720.0
2016-09-30,VZ,65875,0.023651481770652665,300.6,1.1,211886177.96
2016-09-30,AMGN,14008,0.023421633550886015,344.0,2.56,124240088.0
2016-09-30,BAX,27887,0.022442465295062167,388.4,4.04,25889068.8
2016-09-30,NAVI,14601,0.020584157096351204,388.2,4.04,4587467.51
2016-09-30,ABBV,13721,0.020420340550612485,337.1,2.32,102712143.94
2016-09-30,BAC,59408,0.020388918422292793,307.8,1.34,159705104.35
2016-09-30,EBAY,86356,0.01928088979968891,364.0,3.23,36749300.0
2016-09-30,MRK,22752,0.017785349289318183,285.7,0.6,172576631.28
2016-09-30,NVDA,86580,0.017696698137756987,354.6,2.91,36658200.0
2016-09-30,TXN,15579,0.017673811285752794,337.3,2.33,70258741.96
2016-09-30,MO,13901,0.01757617615218397,309.5,1.4,123542251.65
2016-09-30,GILD,77274,0.017345147070071554,317.8,1.68,104596640.0
2016-09-30,ICE,90993,0.01693688444186644,352.4,2.84,32095320.25
2016-09-30,ISRG,88352,0.015517142174492474,346.0,2.62,28050921.77
2016-09-30,CSCO,76076,0.015503471053592262,279.0,0.38,159055308.88
2016-09-30,KLAC,46886,0.014735251709817763,350.1,2.76,10896997.49
2016-09-30,C,70519,0.014605718299173313,284.8,0.57,137220814.02
2016-09-30,BIIB,76841,0.014504427291213255,319.5,1.73,68107189.22
2016-09-30,RAI,86946,0.014351355604899578,319.0,1.72,67299128.15
2016-09-30,LVLT,85991,0.014307840905082067,344.6,2.58,16674769.5
2016-09-30,AMAT,14702,0.013977326097157784,334.5,2.24,32588954.1
2016-09-30,LRCX,48486,0.013419949631648966,340.0,2.42,15315175.26
2016-09-30,EA,75828,0.013296491238900851,334.0,2.22,25620000.0
2016-09-30,PM,92602,0.013053918714963995,268.6,0.03,150820010.94
2016-09-30,SNI,92709,0.012978252024419221,342.1,2.49,6047866.93
2016-09-30,NEE,24205,0.012840284811679328,315.5,1.6,56511350.72
2016-09-30,MA,91233,0.012680117648029425,287.4,0.66,109652188.27
2016-09-30,GLW,22293,0.012481331352265392,329.7,2.08,24522141.05
2016-09-30,BLK,87267,0.011662594987338742,307.3,1.32,58816382.58
2016-09-30,PCLN,86783,0.01152043307093832,299.4,1.06,72622445.48
2016-09-30,NDAQ,90601,0.011386784195031408,330.0,2.09,11157540.46
2016-09-30,MNST,88031,0.011350068254330653,321.2,1.79,27956441.06
2016-09-30,MDLZ,89006,0.011312992630267511,300.6,1.1,67851664.4
2016-09-30,BK,49656,0.010791504017272474,310.4,1.43,42578839.12
2016-09-30,CME,89626,0.010555866687676769,312.7,1.51,35325460.56
2016-09-30,MS,69032,0.009476594195143634,293.0,0.85,61292596.54
2016-09-30,HON,10145,0.00907500494509889,276.6,0.3,88710416.25
2016-09-30,GS,86868,0.008972219665393045,287.9,0.67,65388856.74
2016-09-30,URI,85663,0.008813432949437356,316.9,1.65,6762776.89
2016-09-30,PAYX,61621,0.008484090536663708,307.7,1.34,20928743.37
2016-09-30,LLTC,10299,0.008228881034565797,309.6,1.4,14229955.74
2016-09-30,SPGI,17478,0.007876427078442393,297.7,1.0,33411840.0
2016-09-30,ADBE,75510,0.007792716277895347,286.7,0.63,53969018.58
2016-09-30,SCHW,75186,0.007518893646572131,291.3,0.79,41767236.28
2016-09-30,DFS,92121,0.007455863685070812,300.6,1.1,22825106.85
2016-09-30,UNP,48725,0.007411583315099037,270.5,0.09,81234102.42
2016-09-30,EW,87657,0.007112159407075517,297.1,0.98,25664692.24
2016-09-30,VRSN,85753,0.007110550243617283,306.0,1.28,8222632.8
2016-09-30,TWX,77418,0.006797159119922883,276.7,0.3,61924001.62
2016-09-30,SWKS,45911,0.005783574329381092,295.1,0.92,14070672.0
2016-09-30,NTRS,58246,0.005561622895248398,293.1,0.85,15395043.69
2016-09-30,EFX,52476,0.005367043029518845,291.6,0.8,16060104.3
2016-09-30,SHW,36468,0.004935921860041833,284.2,0.55,25514138.52
2016-09-30,INTU,78975,0.004661185544478612,281.1,0.45,28375759.38
2016-09-30,BCR,46877,0.004647886805570694,287.1,0.65,16474487.4
2016-09-30,DGX,84373,0.004546318230066627,288.9,0.71,11765008.71
2016-09-30,WM,11955,0.004226907034788638,278.6,0.36,28200346.64
2016-09-30,MCO,48506,0.004114746071235047,281.7,0.47,20822244.0
2016-09-30,ITW,56573,0.003979387049764797,269.8,0.07,42538406.4
2016-09-30,XLNX,76201,0.0032549163408168796,280.2,0.42,13721447.74
2016-09-30,MMC,45751,0.003237044651824477,269.3,0.05,34851438.25
2016-09-30,ZION,84129,0.0025037860020927726,279.5,0.39,6323427.0
2016-09-30,CINF,23473,0.002489540071259733,276.3,0.29,12421674.0
2016-09-30,MTB,35554,0.0024647341562715253,273.2,0.18,18200880.9
2016-09-30,STI,68144,0.0023631438616364274,270.8,0.1,21713368.2
2016-09-30,ORLY,79103,0.0023065555692334283,268.0,0.01,26534259.13
2016-09-30,IFF,40272,0.0022996235349881386,275.7,0.26,11379268.24
2016-09-30,KSU,12650,0.0020706739426359206,275.0,0.24,10076973.56
2016-09-30,AMG,85593,0.0018584460479042627,274.9,0.24,7795278.4
2016-09-30,FITB,34746,0.0017435406700127324,270.3,0.08,15459207.72
2016-09-30,CA,25778,0.0017074047725291243,271.0,0.11,13667002.0
2016-09-30,MAS,34032,0.0012556302549963899,269.5,0.06,11329676.65
2016-09-30,VRSK,93089,0.0011721117256294825,267.8,0.0,13682756.48
2016-10-31,AAPL,14593,0.05692431266862208,285.4,0.62,605430818.02
2016-10-31,FB,13407,0.04479864175754768,366.2,3.51,306624690.16
2016-10-31,GOOG,14542,0.03458783370396134,326.9,2.1,270737686.24
2016-10-31,GOOGL,90319,0.03112331428144273,322.9,1.96,239800867.22
2016-10-31,JNJ,22111,0.029904532537195046,277.5,0.34,317334373.23
2016-10-31,JPM,47896,0.025488262825559944,286.2,0.65,250165873.32
2016-10-31,V,92611,0.024119582963559816,326.2,2.08,154376210.0
2016-10-31,BAX,27887,0.02366705689548281,387.6,4.27,25883629.92
2016-10-31,T,66093,0.023389948027838274,286.4,0.66,226157768.98
2016-10-31,VZ,65875,0.02218183558829112,294.6,0.95,196086095.4
2016-10-31,BAC,59408,0.021083056053236196,302.9,1.25,167043442.5
2016-10-31,AMGN,14008,0.01991032297121243,327.2,2.12,105012029.52
2016-10-31,NAVI,14601,0.018832350287068762,371.4,3.69,4051681.74
2016-10-31,NVDA,86580,0.018790931883204055,354.1,3.08,38355240.0
2016-10-31,ABBV,13721,0.01872205818158379,327.6,2.13,90840072.76
2016-10-31,EBAY,86356,0.018143193449327258,353.7,3.06,31872070.26
2016-10-31,BIIB,76841,0.017745343877120266,337.0,2.47,60959881.14
2016-10-31,TXN,15579,0.017710119909769288,331.9,2.28,70813583.1
2016-10-31,GILD,77274,0.017662153861663567,318.6,1.81,97004285.28
2016-10-31,ISRG,88352,0.016410079525851003,346.9,2.82,26041084.53
2016-10-31,ICE,90993,0.016173089670526657,342.5,2.66,32218051.25
2016-10-31,MRK,22752,0.016130249648842597,277.5,0.34,162373013.76
2016-10-31,EA,75828,0.01599267129657391,345.8,2.78,23556000.0
2016-10-31,MO,13901,0.015732029690566557,291.9,0.85,128951918.52
2016-10-31,C,70519,0.015183413620187991,283.3,0.55,140064229.5
2016-10-31,NEE,24205,0.014760538032545416,321.2,1.9,59135488.0
2016-10-31,CSCO,76076,0.01473710472053971,273.8,0.21,154136320.0
2016-10-31,AMAT,14702,0.014684454315832323,334.6,2.38,31348240.0
2016-10-31,MA,91233,0.013961280085692095,289.2,0.76,114457354.9
2016-10-31,GLW,22293,0.013710965283014099,334.0,2.36,21602319.75
2016-10-31,RAI,86946,0.013286901669242809,303.3,1.26,78532403.04
2016-10-31,LRCX,48486,0.013228421061149466,334.2,2.37,15771713.8
2016-10-31,ADBE,75510,0.0130231034724823,314.3,1.65,53456874.77
2016-10-31,MNST,88031,0.012178216940333976,322.5,1.95,27471510.5
2016-10-31,ILMN,88446,0.011853424849138906,324.4,2.02,19998966.0
2016-10-31,LVLT,85991,0.011548601745954342,322.6,1.95,20187328.75
2016-10-31,CME,89626,0.011272958234866157,314.2,1.65,33968634.7
2016-10-31,MDLZ,89006,0.010528395188555435,292.4,0.87,69405875.28
2016-10-31,MS,69032,0.010296401733729171,294.3,0.94,62977320.0
2016-10-31,NDAQ,90601,0.010050401712961843,319.0,1.82,10567780.03
2016-10-31,BK,49656,0.00996211903533642,301.0,1.18,45750971.99
2016-10-31,PCLN,86783,0.009646206307307621,285.8,0.64,72745878.36
2016-10-31,SWKS,45911,0.009481669843746406,314.0,1.64,14218512.0
2016-10-31,UNP,48725,0.009228588648162714,283.5,0.55,72670196.16
2016-10-31,GS,86868,0.009050057501224062,282.7,0.53,72269550.93
2016-10-31,KLAC,46886,0.00863619021957384,310.5,1.52,11741120.09
2016-10-31,LLTC,10299,0.00862561810787839,309.1,1.47,14435901.48
2016-10-31,SPGI,17478,0.008540406986972697,299.8,1.14,32168400.0
2016-10-31,EW,87657,0.008312500698586668,304.4,1.3,20359369.08
2016-10-31,SNI,92709,0.008280410385609574,311.3,1.55,6130740.52
2016-10-31,HON,10145,0.007930392584071034,270.8,0.1,83589870.0
2016-10-31,BCR,46877,0.007829600098870494,303.9,1.28,15931612.94
2016-10-31,SCHW,75186,0.007550982013712317,289.4,0.76,41939226.8
2016-10-31,MCO,48506,0.007371527127318452,299.7,1.13,19219424.0
2016-10-31,BLK,87267,0.007261372506448189,281.1,0.47,55362434.74
2016-10-31,KSU,12650,0.006770321493818996,301.2,1.19,9441133.04
2016-10-31,VRSN,85753,0.006587061437263264,300.5,1.16,8786307.48
2016-10-31,PAYX,61621,0.006133504159162726,292.4,0.87,19963135.2
2016-10-31,TWX,77418,0.006112755721898304,268.0,0.0,68768802.3
2016-10-31,EFX,52476,0.006107473412997951,294.8,0.96,14846771.17
2016-10-31,SYK,73139,0.0053221427338909204,276.3,0.3,43193038.2
2016-10-31,NTRS,58246,0.0051020244928956385,288.4,0.73,16398133.02
2016-10-31,DFS,92121,0.005065401249391289,285.3,0.62,22216495.67
2016-10-31,DGX,84373,0.004576585819839551,288.0,0.71,11290841.6
2016-10-31,FITB,34746,0.004534264467631735,285.2,0.61,16442160.64
2016-10-31,WM,11955,0.004259005808557623,277.4,0.34,29021916.98
2016-10-31,ITW,56573,0.00397217417622873,270.4,0.09,39863637.85
2016-10-31,VRSK,93089,0.0038220890736366422,282.6,0.52,13655629.05
2016-10-31,MTB,35554,0.0037452275481433053,279.5,0.41,19021309.05
2016-10-31,EMR,22103,0.003667236381407408,272.3,0.15,32614455.16
2016-10-31,ZION,84129,0.003602415785969404,284.9,0.6,6561756.78
2016-10-31,FFIV,86964,0.002874742091666723,279.6,0.41,9027325.01
2016-10-31,INTU,78975,0.002842047290649087,270.0,0.07,27953574.32
2016-10-31,CA,25778,0.0027495433295130108,277.0,0.32,12844309.38
2016-10-31,ZTS,13788,0.002603592139684563,270.8,0.1,23663103.2
2016-10-31,AMG,85593,0.0026003837607229074,279.0,0.39,7146659.52
2016-10-31,URI,85663,0.0023707767192631024,278.1,0.36,6372387.84
2016-10-31,CINF,23473,0.0020548165123494963,273.7,0.2,11660934.22
2016-10-31,IFF,40272,0.0020328616647133854,274.2,0.22,10409041.76
2016-10-31,XLNX,76201,0.0018563856082819958,272.0,0.14,12845234.57
2016-10-31,ETFC,83862,0.0013999708333302765,272.0,0.14,7710545.92
2016-11-30,AAPL,14593,0.05469075211933227,285.6,0.64,589327232.76
2016-11-30,FB,13407,0.04172749222220889,373.7,3.5,277200496.5
2016-11-30,JPM,47896,0.03293652501187481,314.4,1.57,286869424.88
2016-11-30,GOOG,14542,0.03246611101347098,325.1,1.92,261592774.74
2016-11-30,JNJ,22111,0.03073724157098968,292.3,0.85,302795211.6
2016-11-30,GOOGL,90319,0.029291211828587457,322.7,1.84,229727981.56
2016-11-30,BAC,59408,0.025948357043212977,310.9,1.46,213418592.64
2016-11-30,T,66093,0.023186762765908198,281.1,0.49,237226830.0
2016-11-30,VZ,65875,0.02117495354995116,286.9,0.68,203424036.6
2016-11-30,RAI,86946,0.021073573022822686,354.2,2.87,77135130.8
2016-11-30,BAX,27887,0.020877512792112404,381.5,3.75,24133730.4
2016-11-30,MRK,22752,0.02077339811376411,303.1,1.21,168709274.22
2016-11-30,TXN,15579,0.01997765123160336,349.2,2.7,73891999.98
2016-11-30,NVDA,86580,0.018415445724077013,352.6,2.81,49695800.0
2016-11-30,NAVI,14601,0.017961970830975702,373.6,3.5,5462478.59
2016-11-30,ISRG,88352,0.017925816059185116,362.9,3.15,24942993.39
2016-11-30,LVLT,85991,0.017201933544854837,361.2,3.09,19821124.82
2016-11-30,GILD,77274,0.01695204762302457,318.1,1.69,97096507.2
2016-11-30,CSCO,76076,0.016527403552517455,287.2,0.69,149689213.38
2016-11-30,MA,91233,0.016523850724703776,308.9,1.39,109302389.0
2016-11-30,NEE,24205,0.016478395192177895,338.7,2.36,53376023.64
2016-11-30,ABBV,13721,0.01638647287694001,313.7,1.55,98806019.2
2016-11-30,V,92611,0.015821513794147774,285.7,0.64,144401362.92
2016-11-30,ICE,90993,0.015298852371622618,342.4,2.48,33000450.4
2016-11-30,AMGN,14008,0.015184362392756997,301.8,1.16,107176849.98
2016-11-30,TWX,77418,0.015141732441149063,321.1,1.79,70805156.6
2016-11-30,EA,75828,0.014975706442267808,345.3,2.58,23911145.44
2016-11-30,BIIB,76841,0.014951643223805032,323.6,1.87,63981988.36
2016-11-30,C,70519,0.014791962589619798,270.6,0.15,160696274.7
2016-11-30,AMAT,14702,0.013709696341085778,331.7,2.14,34711600.0
2016-11-30,KLAC,46886,0.013440458761439759,342.0,2.47,12480508.96
2016-11-30,LRCX,48486,0.013240973488933825,338.2,2.35,17263236.6
2016-11-30,MO,13901,0.012456775603307739,275.6,0.31,124680825.03
2016-11-30,GLW,22293,0.01234872182169775,329.7,2.07,22857936.75
2016-11-30,ADBE,75510,0.011975073566074473,312.2,1.5,51119907.87
2016-11-30,BCR,46877,0.011492741158954477,328.4,2.03,15480899.3
2016-11-30,GS,86868,0.011326023813798857,288.8,0.74,87200445.23
2016-11-30,SYK,73139,0.011113229068845586,311.5,1.48,42560214.32
2016-11-30,SNI,92709,0.011041344546603656,330.4,2.09,6597499.82
2016-11-30,CME,89626,0.010986009637288274,313.0,1.53,38315669.77
2016-11-30,MS,69032,0.010702215041696533,290.2,0.79,77459876.56
2016-11-30,BK,49656,0.010540621269163886,303.9,1.23,50138920.54
2016-11-30,STI,68144,0.010515667577620923,317.0,1.66,25496956.1
2016-11-30,UNP,48725,0.010450762595097845,285.4,0.63,83507268.96
2016-11-30,EBAY,86356,0.009964470856097654,310.6,1.45,31089522.06
2016-11-30,SPGI,17478,0.009828069080217824,309.9,1.43,30830309.0
2016-11-30,SWKS,45911,0.009486565914760553,316.7,1.65,14279805.9
2016-11-30,QCOM,77178,0.009216471008789568,268.6,0.08,100620311.31
2016-11-30,NDAQ,90601,0.008107674844879967,310.2,1.44,10587860.27
2016-11-30,USB,66157,0.007923424838301819,269.4,0.11,84337923.12
2016-11-30,MNST,88031,0.007920467358312823,301.0,1.14,25551131.25
2016-11-30,LLTC,10299,0.007764639618192171,305.7,1.29,15029585.74
2016-11-30,FFIV,86964,0.007628296072656871,308.0,1.36,9193227.0
2016-11-30,VRSN,85753,0.00733423618945839,306.7,1.32,8245659.9
2016-11-30,WM,11955,0.007186697566062355,293.7,0.9,30728048.56
2016-11-30,PPL,22517,0.006976076399308328,296.7,1.0,22740319.42
2016-11-30,FITB,34746,0.006560711354944924,295.8,0.97,19661076.28
2016-11-30,EW,87657,0.006293086662689564,295.2,0.95,17714489.9
2016-11-30,DFS,92121,0.005845914117672776,287.6,0.7,26728420.23
2016-11-30,SCHW,75186,0.005502897314798618,272.3,0.2,51250479.52
2016-11-30,BBT,71563,0.00525642376451044,278.6,0.41,36716936.0
2016-11-30,NTRS,58246,0.00521687123050551,288.1,0.72,18601306.65
2016-11-30,MTB,35554,0.004664201954209421,282.7,0.54,22317753.06
2016-11-30,ETFC,83862,0.004173259008988527,286.6,0.67,9449252.12
2016-11-30,MCO,48506,0.004051839510912322,280.6,0.47,19215600.0
2016-11-30,ATVI,79678,0.0038892180821963316,275.3,0.3,27209027.93
2016-11-30,EFX,52476,0.0037653648873958684,281.8,0.51,13706646.45
2016-11-30,APD,28222,0.003703187451806605,271.9,0.19,31401994.67
2016-11-30,PAYX,61621,0.003668747052524323,277.2,0.36,21153794.85
2016-11-30,VRSK,93089,0.0034420559038664243,279.7,0.45,13911829.08
2016-11-30,BSX,77605,0.003393617600044281,271.9,0.19,27859911.42
2016-11-30,INTU,78975,0.0032650831044718593,270.4,0.14,29178131.92
2016-11-30,CTXS,82686,0.0027421833769618854,275.6,0.31,13526931.18
2016-11-30,AMG,85593,0.0024807348760598536,276.9,0.35,8118398.25
2016-11-30,KSU,12650,0.0022152806223343416,274.5,0.28,9543333.09
2016-11-30,CHD,23393,0.002208434361968456,273.5,0.24,11324269.16
2016-11-30,APH,84769,0.0021977984733245063,268.2,0.07,21056708.28
2016-11-30,VMC,15202,0.0021516862290736987,270.3,0.14,16624625.85
2016-11-30,HAS,52978,0.0018087568967098558,271.4,0.18,10655647.32
2016-11-30,URI,85663,0.0010042623936500396,267.6,0.05,8515888.64
2016-11-30,TGNA,47941,0.00042032806006751713,266.0,0.0,4809373.31
2016-12-31,AAPL,14593,0.06153396788518027,286.3,0.65,608960249.12
2016-12-31,JPM,47896,0.03987342773506895,326.0,2.06,308768400.56
2016-12-31,FB,13407,0.03838002501347013,338.0,2.49,270827700.0
2016-12-31,BAC,59408,0.0355076892374433,347.4,2.83,223321538.7
2016-12-31,GOOG,14542,0.030740549559774233,296.8,1.02,267716575.95
2016-12-31,GOOGL,90319,0.027036620535403823,293.4,0.9,235351313.37
2016-12-31,NAVI,14601,0.022678692858558815,392.8,4.44,4781130.0
2016-12-31,NVDA,86580,0.021544786785732777,358.1,3.21,57532860.0
2016-12-31,VZ,65875,0.02147160640474114,271.7,0.13,217610722.92
2016-12-31,TXN,15579,0.020891695194143047,346.3,2.79,72676952.48
2016-12-31,MRK,22752,0.020027411084338344,293.3,0.9,162312714.06
2016-12-31,RAI,86946,0.019480497515441616,334.5,2.37,79901159.52
2016-12-31,C,70519,0.01934764888280933,285.7,0.63,169359453.9
2016-12-31,GS,86868,0.019057686171324036,323.9,1.99,95217053.05
2016-12-31,GILD,77274,0.017568625124107565,316.3,1.72,93809100.0
2016-12-31,BAX,27887,0.017348301069065715,352.5,3.01,24117412.8
2016-12-31,ABBV,13721,0.017314337211497506,310.6,1.51,101763699.38
2016-12-31,MS,69032,0.01728583186018739,322.6,1.94,79126687.25
2016-12-31,CMCSA,89525,0.016941488833593508,275.4,0.26,163396950.85
2016-12-31,AMAT,14702,0.016350136275315102,341.2,2.61,34725747.0
2016-12-31,TWX,77418,0.01537573670180424,314.4,1.65,74437178.9
2016-12-31,AMGN,14008,0.015231861151949007,295.6,0.98,107932229.38
2016-12-31,UNP,48725,0.014807740394975425,305.3,1.33,85443932.16
2016-12-31,ICE,90993,0.014639383787374532,332.2,2.28,33608039.92
2016-12-31,CSCO,76076,0.014520728696276835,268.1,0.0,151697116.98
2016-12-31,ISRG,88352,0.014134847323713264,334.0,2.35,24986297.21
2016-12-31,BK,49656,0.013794237012457496,318.6,1.8,50096627.06
2016-12-31,CME,89626,0.013678015862735612,323.9,1.99,39015984.0
2016-12-31,MA,91233,0.013563811504074928,284.9,0.6,110425358.75
2016-12-31,BIIB,76841,0.013469529420980758,310.8,1.52,61224919.84
2016-12-31,STI,68144,0.013428991084491151,329.0,2.17,26920270.3
2016-12-31,LRCX,48486,0.012762588738125108,330.5,2.22,17166005.61
2016-12-31,EA,75828,0.012507297256905508,325.3,2.04,24179320.0
2016-12-31,LVLT,85991,0.012330582379338338,326.4,2.08,20285429.36
2016-12-31,GLW,22293,0.01217101000400303,324.0,1.99,23086230.75
2016-12-31,KLAC,46886,0.012068160227590703,329.2,2.18,12331437.72
2016-12-31,SNI,92709,0.011647052612206285,329.8,2.2,6815192.67
2016-12-31,DFS,92121,0.011221531617110668,315.8,1.7,28432223.91
2016-12-31,SCHW,75186,0.010978140431243583,301.6,1.19,52324273.84
2016-12-31,NEE,24205,0.010867252178862656,299.1,1.1,55819835.28
2016-12-31,USB,66157,0.010246577275924259,278.7,0.38,87312356.12
2016-12-31,FITB,34746,0.010098824565733307,313.9,1.63,20240418.63
2016-12-31,SWKS,45911,0.009820636988691522,315.8,1.7,13797168.0
2016-12-31,MTB,35554,0.009609881883897515,309.0,1.46,24254313.52
2016-12-31,EBAY,86356,0.00937955097319717,303.4,1.26,32273030.0
2016-12-31,SYK,73139,0.00937296278301264,296.6,1.02,44863094.12
2016-12-31,BBT,71563,0.009087067026394807,298.6,1.09,38153156.48
2016-12-31,ETFC,83862,0.009070044344216136,313.9,1.63,9492817.95
2016-12-31,URI,85663,0.009030387942305382,314.0,1.64,8892369.92
2016-12-31,NTRS,58246,0.00843496842155241,304.5,1.3,20357275.25
2016-12-31,ADI,60871,0.007755367712968489,299.6,1.12,22379378.02
2016-12-31,BCR,46877,0.0076576488333613,302.2,1.22,16518351.16
2016-12-31,LLTC,10299,0.007618401096114075,302.8,1.24,14991371.65
2016-12-31,KSU,12650,0.007003697011177622,302.5,1.23,9128078.15
2016-12-31,FFIV,86964,0.006938342002576438,302.0,1.21,9376119.36
2016-12-31,ADBE,75510,0.006937730861265449,279.7,0.41,50883449.3
2016-12-31,BLK,87267,0.0067766845167924914,273.0,0.17,61673738.88
2016-12-31,SPGI,17478,0.006640926240312999,290.4,0.79,27863614.0
2016-12-31,MNST,88031,0.006155514576111892,289.2,0.75,25026471.48
2016-12-31,COF,81055,0.006130298892161023,279.9,0.42,42075939.24
2016-12-31,PNC,60442,0.00596346345256774,271.0,0.1,56901273.92
2016-12-31,WM,11955,0.005958208323121744,284.7,0.59,31342432.73
2016-12-31,VRSN,85753,0.005829247830817032,296.6,1.02,7842132.37
2016-12-31,NDAQ,90601,0.005418226224806099,292.5,0.87,11180782.48
2016-12-31,STT,72726,0.005097125681238816,280.6,0.45,29979324.2
2016-12-31,APD,28222,0.004971327421682385,279.2,0.4,31271360.05
2016-12-31,VMC,15202,0.0040441115436912825,281.9,0.49,16558471.35
2016-12-31,PAYX,61621,0.003925136555156574,278.3,0.36,22017312.88
2016-12-31,RF,35044,0.003830407427172757,280.1,0.43,17676801.0
2016-12-31,ZION,84129,0.0034027050773476728,282.5,0.51,8740778.4
2016-12-31,AMG,85593,0.003114602395104315,281.3,0.47,7964910.1
2016-12-31,MCO,48506,0.0030439812002820746,275.5,0.26,18024424.0
2016-12-31,PPL,22517,0.003017009737299074,272.6,0.16,23141299.35
2016-12-31,PBCT,12073,0.0026346713473254383,279.6,0.41,6115824.0
2016-12-31,UNM,71175,0.002490740051708528,276.6,0.3,10196987.67
2016-12-31,PFG,89195,0.0023417344746864757,272.3,0.15,16645222.66
2016-12-31,CMA,25081,0.0021566249520018647,273.9,0.21,11732832.93
2016-12-31,HAS,52978,0.0018179351594791238,273.1,0.18,9683843.73
2016-12-31,MLM,80204,0.001577467851273866,269.4,0.05,14059622.98
2016-12-31,JNPR,86979,0.0011713683066869555,268.9,0.03,10747927.98
2016-12-31,TGNA,47941,0.0008488674153676709,270.4,0.08,4586379.63
2017-01-31,AAPL,14593,0.06766501128772846,298.9,1.06,636667629.0
2017-01-31,JPM,47896,0.04099918420357374,334.6,2.27,302828482.32
2017-01-31,BAC,59408,0.03749955477698639,357.5,3.04,227591452.64
2017-01-31,FB,13407,0.03700709700601338,308.6,1.39,306925517.31
2017-01-31,GOOG,14542,0.03143511276392072,293.3,0.87,276432738.13
2017-01-31,GOOGL,90319,0.027755268340358595,290.5,0.78,243693212.42
2017-01-31,C,70519,0.023252176529343218,315.4,1.62,154760760.0
2017-01-31,NAVI,14601,0.021297225112400228,391.0,4.17,4376775.36
2017-01-31,NVDA,86580,0.02114263823041267,355.6,2.98,63870300.0
2017-01-31,GS,86868,0.020337482462241086,335.0,2.28,91188872.66
2017-01-31,TXN,15579,0.019011587709047265,336.4,2.33,75236631.36
2017-01-31,MRK,22752,0.018937158597158197,280.5,0.44,170914984.62
2017-01-31,ABBV,13721,0.018446177809088544,319.1,1.74,99309799.89
2017-01-31,MS,69032,0.018217837713301648,329.7,2.1,78691480.0
2017-01-31,GILD,77274,0.017677233215723835,317.1,1.68,94909500.0
2017-01-31,CSCO,76076,0.017296079476607912,280.7,0.45,153815040.0
2017-01-31,BAX,27887,0.016205661139434613,348.3,2.73,26059207.2
2017-01-31,RAI,86946,0.01581609069419031,311.4,1.48,85741411.42
2017-01-31,AMAT,14702,0.01555216838981104,338.1,2.39,36984211.75
2017-01-31,AMGN,14008,0.01551917503377291,292.3,0.84,115661168.62
2017-01-31,MA,91233,0.015413474538309943,292.8,0.86,113719403.35
2017-01-31,UNP,48725,0.015074772119718399,305.8,1.29,87833856.96
2017-01-31,STI,68144,0.01489988203316557,339.5,2.43,27909302.16
2017-01-31,BK,49656,0.01482912997150117,328.1,2.05,46854138.24
2017-01-31,EBAY,86356,0.014828670211917713,335.2,2.29,34600578.69
2017-01-31,SCHW,75186,0.014344311228372807,320.7,1.8,54670713.28
2017-01-31,LVLT,85991,0.014314022113064435,339.8,2.44,21410297.34
2017-01-31,BIIB,76841,0.013231443812921915,311.1,1.47,59870530.32
2017-01-31,TWX,77418,0.013100636108394252,301.7,1.16,74751832.35
2017-01-31,CME,89626,0.012544586007644585,318.0,1.71,40954099.2
2017-01-31,ICE,90993,0.012310002476545573,320.2,1.78,34763651.36
2017-01-31,ETFC,83862,0.012224926217484394,333.9,2.24,10259914.35
2017-01-31,LRCX,48486,0.012207137803212552,328.9,2.08,18704261.84
2017-01-31,EA,75828,0.012089636096082096,324.2,1.92,25613010.0
2017-01-31,NTRS,58246,0.01174417211999278,326.0,1.98,18980584.32
2017-01-31,FITB,34746,0.011635628144156038,325.0,1.94,19597576.5
2017-01-31,ISRG,88352,0.011536591558877934,320.2,1.78,26867367.03
2017-01-31,USB,66157,0.011268945077067513,282.4,0.5,89347050.0
2017-01-31,MTB,35554,0.011103536485466348,318.6,1.73,25206317.48
2017-01-31,BBT,71563,0.010708472987451648,309.2,1.41,37389650.25
2017-01-31,SWKS,45911,0.010262474697153691,318.4,1.72,16964377.32
2017-01-31,KLAC,46886,0.010127071727814267,319.7,1.76,13339205.19
2017-01-31,ADBE,75510,0.01003421358983512,294.4,0.91,56038518.52
2017-01-31,AXP,59176,0.009753528502493095,284.7,0.58,69907176.9
2017-01-31,URI,85663,0.009713181157462798,318.8,1.73,10666184.61
2017-01-31,GLW,22293,0.00966642090120798,310.1,1.44,25197950.25
2017-01-31,BCR,46877,0.008755453046607556,309.2,1.41,17449925.58
2017-01-31,BLK,87267,0.008729417230123375,283.8,0.55,61003993.21
2017-01-31,NEE,24205,0.00814625505552406,282.2,0.5,57810396.96
2017-01-31,DFS,92121,0.007370969973706212,295.5,0.95,26949920.0
2017-01-31,PNC,60442,0.0073275917520814315,277.0,0.32,58423100.0
2017-01-31,COF,81055,0.007320824174378011,286.5,0.64,41964678.0
2017-01-31,SYK,73139,0.007059775328694833,282.5,0.51,46200220.0
2017-01-31,SNI,92709,0.0070323238702001785,304.9,1.26,7275640.96
2017-01-31,STT,72726,0.006765380995427394,290.5,0.78,29393007.0
2017-01-31,FFIV,86964,0.006494317759909276,300.9,1.13,8683535.64
2017-01-31,LLTC,10299,0.006116659258127101,294.9,0.93,15178914.07
2017-01-31,SPGI,17478,0.0061083764640021436,285.6,0.61,31138638.0
2017-01-31,MNST,88031,0.006055629511099835,289.4,0.74,24044377.2
2017-01-31,ADI,60871,0.005868795204448479,288.8,0.72,23171972.58
2017-01-31,PAYX,61621,0.0057348015151756125,288.8,0.72,21803938.79
2017-01-31,VRSN,85753,0.005710214208654808,296.5,0.98,8268929.11
2017-01-31,JNPR,86979,0.00528957731251319,292.9,0.86,10185049.94
2017-01-31,AMG,85593,0.0049917458422446765,292.2,0.83,8351918.12
2017-01-31,KSU,12650,0.0049437561206844855,291.4,0.81,9242111.89
2017-01-31,WM,11955,0.004563408496908219,276.7,0.31,30719208.5
2017-01-31,RF,35044,0.0044015749668538445,283.4,0.54,17508150.0
2017-01-31,HBAN,42906,0.004091953625814024,283.2,0.53,14692051.11
2017-01-31,APD,28222,0.003992436336693823,273.5,0.2,30410376.22
2017-01-31,PBCT,12073,0.0038582819958291295,286.9,0.66,5923125.0
2017-01-31,ZION,84129,0.0038469910948025245,285.3,0.6,8568156.15
2017-01-31,PFG,89195,0.00361956026119745,279.4,0.4,16424793.0
2017-01-31,VMC,15202,0.0034710924730333615,278.2,0.36,16979213.97
2017-01-31,UNM,71175,0.0033985228613850017,281.5,0.47,10545166.17
2017-01-31,LUV,58683,0.003272339498928135,268.2,0.02,32201931.38
2017-01-31,NDAQ,90601,0.0032124222023239067,279.7,0.41,11750482.66
2017-01-31,ZTS,13788,0.0026573960393000027,267.5,0.0,27131185.02
2017-01-31,MCO,48506,0.0026342618887576362,271.6,0.14,19821704.0
2017-01-31,BEN,37584,0.0024384865378183846,268.9,0.05,22480918.0
2017-01-31,CMA,25081,0.00240792595562802,274.9,0.25,11817750.0
2017-01-31,CTXS,82686,0.0022746929626946116,272.7,0.18,14252905.81
2017-02-28,AAPL,14593,0.07000184858346757,304.5,1.14,718723567.07
2017-02-28,JPM,47896,0.041130541411454176,349.3,2.42,324262283.68
2017-02-28,FB,13407,0.0393159194497989,339.8,2.15,319219447.17
2017-02-28,BAC,59408,0.03791337419649442,374.8,3.15,247420010.96
2017-02-28,GOOG,14542,0.032001913397932735,309.8,1.29,285598721.87
2017-02-28,GOOGL,90319,0.028837833398742095,309.3,1.27,251043908.77
2017-02-28,MO,13901,0.02563188094563664,352.9,2.53,145301346.4
2017-02-28,C,70519,0.02537792499834292,338.4,2.11,165716105.29
2017-02-28,RAI,86946,0.02027032722788731,351.4,2.48,87794756.38
2017-02-28,EBAY,86356,0.01911249162209714,375.1,3.16,36850757.7
2017-02-28,NVDA,86580,0.01882450057135075,358.8,2.7,59771720.0
2017-02-28,MRK,22752,0.018509261558195836,281.1,0.46,180850761.77
2017-02-28,TXN,15579,0.017861435896112353,341.6,2.2,76592416.8
2017-02-28,AMGN,14008,0.017604276453836082,306.5,1.19,130006048.09
2017-02-28,ABBV,13721,0.017072667254469865,322.4,1.65,98568012.8
2017-02-28,NAVI,14601,0.016773543579176386,379.0,3.27,4460332.04
2017-02-28,GLW,22293,0.01673017735529843,365.5,2.89,25624675.34
2017-02-28,ETFC,83862,0.016720396922855187,375.5,3.17,9479137.78
2017-02-28,MS,69032,0.01610845628697208,324.0,1.7,85227755.55
2017-02-28,V,92611,0.01594251748277062,274.1,0.26,163394366.74
2017-02-28,MA,91233,0.015903376068418674,302.8,1.09,116932956.0
2017-02-28,CSCO,76076,0.015691069758046853,267.5,0.07,171168518.08
2017-02-28,GILD,77274,0.015449053249465702,315.1,1.44,92131596.96
2017-02-28,BK,49656,0.014881455447998166,338.1,2.1,48905675.84
2017-02-28,BAX,27887,0.014745452016502795,350.5,2.46,27500975.44
2017-02-28,SWKS,45911,0.014169050758509057,352.7,2.52,17532075.58
2017-02-28,SCHW,75186,0.014026592319993595,329.0,1.84,53946097.29
2017-02-28,ICE,90993,0.013591651462371436,338.4,2.11,34011831.33
2017-02-28,AMAT,14702,0.013316124835295233,333.3,1.96,39111478.82
2017-02-28,CME,89626,0.013278213793125744,331.7,1.92,41253646.08
2017-02-28,STI,68144,0.013106691858876416,338.0,2.1,29234159.37
2017-02-28,EA,75828,0.012517997008468992,335.5,2.03,26664922.5
2017-02-28,ADBE,75510,0.01251087422761299,315.5,1.45,58657824.48
2017-02-28,GS,86868,0.012043845300999794,287.2,0.64,98821646.68
2017-02-28,LRCX,48486,0.012017082540594914,336.6,2.06,19303527.76
2017-02-28,BIIB,76841,0.011949183139558416,309.3,1.27,62323749.36
2017-02-28,BBT,71563,0.011725826706965904,322.3,1.65,38980758.68
2017-02-28,MTB,35554,0.011545656790751412,329.3,1.85,25742098.84
2017-02-28,USB,66157,0.011280110056933464,285.4,0.59,93173905.0
2017-02-28,KLAC,46886,0.010879108983139131,331.9,1.92,14124417.48
2017-02-28,NTRS,58246,0.010576637900107917,326.1,1.76,20045514.75
2017-02-28,FITB,34746,0.010539888708862383,325.5,1.74,20597040.24
2017-02-28,DFS,92121,0.008926704059786395,310.0,1.29,27426888.76
2017-02-28,TWX,77418,0.008828988258276719,279.0,0.4,76047342.14
2017-02-28,PNC,60442,0.00876545166286898,287.5,0.65,61706550.0
2017-02-28,ZION,84129,0.008620254241743478,319.3,1.56,9088792.7
2017-02-28,ZTS,13788,0.008417464329151724,307.2,1.21,26226600.84
2017-02-28,SNI,92709,0.008210387728094657,317.3,1.5,7716038.87
2017-02-28,SYK,73139,0.007633682433705196,288.2,0.67,47937195.68
2017-02-28,URI,85663,0.007452600608588432,310.1,1.3,10794337.33
2017-02-28,COF,81055,0.007352247301669173,288.0,0.66,45113058.12
2017-02-28,AXP,59176,0.006887777688557099,267.9,0.09,72155756.26
2017-02-28,ITW,56573,0.006806347742214113,283.8,0.54,45748194.04
2017-02-28,SPGI,17478,0.00673949408919635,291.0,0.75,33455048.0
2017-02-28,BLK,87267,0.006630449134285734,271.9,0.2,62865770.84
2017-02-28,CTXS,82686,0.0062884416678126625,301.0,1.04,12378570.5
2017-02-28,BCR,46877,0.006173106926603658,296.9,0.92,17664637.92
2017-02-28,ADI,60871,0.006041379738048172,291.2,0.75,25333329.51
2017-02-28,NEE,24205,0.0058834050644413875,267.7,0.08,61253242.0
2017-02-28,RF,35044,0.0056796146252820635,293.0,0.81,18404304.93
2017-02-28,FFIV,86964,0.005437307690534454,297.0,0.92,9282176.76
2017-02-28,HOLX,76095,0.005190383941382712,294.0,0.84,11333831.68
2017-02-28,WMB,38156,0.005179866355623644,286.4,0.62,23403852.16
2017-02-28,BSX,77605,0.004861190231316534,277.9,0.37,33473654.95
2017-02-28,WM,11955,0.004348877124208092,275.1,0.29,32239023.96
2017-02-28,LLTC,10299,0.00424539812409326,284.8,0.57,15527550.62
2017-02-28,PPL,22517,0.0038679165672317536,276.2,0.32,25100601.76
2017-02-28,HBAN,42906,0.0037761085789107854,281.6,0.48,15415131.06
2017-02-28,STT,72726,0.003628593353757188,271.2,0.18,30444437.4
2017-02-28,VMC,15202,0.0035955639887187366,280.0,0.43,15963457.16
2017-02-28,PAYX,61621,0.0034671021400340583,275.3,0.3,22065012.16
2017-02-28,PBCT,12073,0.003242501070439649,283.7,0.54,6084787.2
2017-02-28,ISRG,88352,0.0030174045111056773,268.1,0.09,28586019.0
2017-02-28,CMA,25081,0.0029586994924594876,277.7,0.37,12535229.52
2017-02-28,PFG,89195,0.002900513531032038,273.9,0.26,17978811.58
2017-02-28,SNA,60206,0.0026740709358234267,277.4,0.36,9835769.9
2017-02-28,UNM,71175,0.0025085344453865312,275.4,0.3,11193252.07
2017-02-28,JNPR,86979,0.0023922354931935476,274.9,0.29,10695496.0
2017-02-28,TGNA,47941,0.0015544484284413084,272.3,0.21,5503171.08
2017-02-28,MLM,80204,0.0014771151812277136,266.7,0.05,13619318.65
2017-02-28,AMG,85593,0.0008521399892629551,264.9,0.0,9522134.22
2017-03-31,AAPL,14593,0.07247379731494899,308.2,1.2,747867382.9
2017-03-31,JPM,47896,0.040385883086814164,352.4,2.5,313761229.92
2017-03-31,FB,13407,0.04021942300834383,337.9,2.07,335854497.0
2017-03-31,BAC,59408,0.03689905545221427,375.6,3.18,236181735.37
2017-03-31,GOOG,14542,0.03142535986853304,306.9,1.16,288142688.64
2017-03-31,GOOGL,90319,0.028196284999579817,306.6,1.15,252305277.02
2017-03-31,MO,13901,0.02619175242180111,361.8,2.78,138513376.4
2017-03-31,C,70519,0.025804446332298347,342.9,2.22,165394224.3
2017-03-31,RAI,86946,0.021309752770164097,358.0,2.66,89862360.68
2017-03-31,EBAY,86356,0.020667289556492406,386.1,3.49,36188460.0
2017-03-31,AMGN,14008,0.01950306956565378,327.0,1.75,120771934.36
2017-03-31,MRK,22752,0.018236590809182537,285.9,0.55,174453581.34
2017-03-31,TXN,15579,0.017528871352353717,338.0,2.08,80377128.8
2017-03-31,CSCO,76076,0.017114483377783398,281.4,0.41,169265532.8
2017-03-31,ABBV,13721,0.01688164092479185,319.4,1.53,103837477.32
2017-03-31,NVDA,86580,0.01686881782048824,344.8,2.28,61710914.67
2017-03-31,V,92611,0.01671688199506998,281.2,0.41,165122326.27
2017-03-31,NAVI,14601,0.016209022039908753,375.1,3.17,4205729.16
2017-03-31,GLW,22293,0.016135455473797262,362.0,2.78,25030242.0
2017-03-31,ETFC,83862,0.016041649986554198,370.7,3.04,9594994.23
2017-03-31,BAX,27887,0.015997494947756832,359.2,2.7,28105890.02
2017-03-31,BK,49656,0.015731422330540402,344.8,2.28,48913041.05
2017-03-31,MS,69032,0.015625038485642614,325.3,1.7,79946508.6
2017-03-31,BIIB,76841,0.015422303109412136,337.2,2.05,57996485.42
2017-03-31,MA,91233,0.014826634288310037,296.2,0.85,119060742.0
2017-03-31,AMAT,14702,0.014456490503077348,340.3,2.14,42005425.9
2017-03-31,GILD,77274,0.014455644749058015,312.0,1.31,88771440.0
2017-03-31,ICE,90993,0.013866313504057303,340.2,2.14,35530090.98
2017-03-31,SCHW,75186,0.013324284493639668,325.0,1.7,54554481.52
2017-03-31,EA,75828,0.013276577761524532,341.0,2.17,27572160.0
2017-03-31,STI,68144,0.012962193163376993,339.1,2.11,27175138.9
2017-03-31,CME,89626,0.012813689337974948,330.2,1.85,40214512.8
2017-03-31,SWKS,45911,0.012476802882297966,341.3,2.17,18077310.0
2017-03-31,BBT,71563,0.012422260091326612,330.0,1.84,36140754.6
2017-03-31,ADBE,75510,0.01214055060726011,311.0,1.28,64375050.74
2017-03-31,GS,86868,0.01191119685567384,293.1,0.76,91380318.8
2017-03-31,LRCX,48486,0.011565578707646046,333.3,1.94,21047060.84
2017-03-31,KLAC,46886,0.011225226001912728,334.7,1.98,14903458.41
2017-03-31,USB,66157,0.011025636902611656,289.6,0.66,87201036.0
2017-03-31,MTB,35554,0.011001575225952069,327.8,1.78,23791594.26
2017-03-31,NTRS,58246,0.01028648319604773,325.3,1.7,19877555.88
2017-03-31,FITB,34746,0.01005167838159152,324.2,1.67,19053683.0
2017-03-31,CELG,11552,0.009562175757257787,273.6,0.19,97179830.0
2017-03-31,PNC,60442,0.008544350477084618,290.1,0.67,58455397.44
2017-03-31,DFS,92121,0.008502949428701532,309.3,1.23,26254921.0
2017-03-31,ZION,84129,0.00833598995545406,318.9,1.52,8508990.0
2017-03-31,ADI,60871,0.008072885097977548,304.0,1.08,30175956.8
2017-03-31,SNI,92709,0.007851130278900983,316.2,1.44,7516074.85
2017-03-31,COF,81055,0.007683869381665157,294.3,0.79,41831388.62
2017-03-31,TWX,77418,0.007649642541994014,273.6,0.19,75660175.14
2017-03-31,SYK,73139,0.007080310500191264,285.8,0.54,49089384.97
2017-03-31,SPGI,17478,0.0068089078785584,293.2,0.76,33804529.21
2017-03-31,URI,85663,0.006726253846513212,306.7,1.16,10561097.75
2017-03-31,NEE,24205,0.006589805868801899,275.8,0.25,60098726.16
2017-03-31,ZTS,13788,0.006549357063842884,296.0,0.84,26256118.68
2017-03-31,ITW,56573,0.006214249415861347,281.9,0.43,45790639.96
2017-03-31,CTXS,82686,0.006070416831335757,301.0,0.99,12602897.48
2017-03-31,BCR,46877,0.005930691534814174,296.8,0.87,17972672.3
2017-03-31,HOLX,76095,0.00568310068151973,298.6,0.92,12211679.8
2017-03-31,RF,35044,0.0053609658424740615,293.2,0.76,17512413.27
2017-03-31,FFIV,86964,0.005321999265435834,298.0,0.9,9140305.91
2017-03-31,WMB,38156,0.004859903639665894,285.6,0.54,24436132.16
2017-03-31,TGNA,47941,0.004763674506291494,296.4,0.85,5502637.98
2017-03-31,WM,11955,0.0045671343146974,278.9,0.34,32215983.08
2017-03-31,BSX,77605,0.003995329053813843,273.9,0.19,34046308.77
2017-03-31,LUV,58683,0.003732830132060868,272.7,0.16,33076108.8
2017-03-31,ATVI,79678,0.003691722195104429,269.7,0.07,37572102.72
2017-03-31,STT,72726,0.003554306942924291,273.1,0.17,30406243.4
2017-03-31,HBAN,42906,0.003335530141744407,281.2,0.41,14556536.8
2017-03-31,JNPR,86979,0.0032588226892584973,283.1,0.46,10553024.68
2017-03-31,PPL,22517,0.0030548653360414194,272.7,0.16,25447708.78
2017-03-31,PBCT,12073,0.0030106044276913047,284.3,0.5,5776680.0
2017-03-31,PFG,89195,0.0029638388454798995,276.5,0.27,18142673.47
2017-03-31,ISRG,88352,0.0029621558668055485,270.4,0.09,28206094.9
2017-03-31,PAYX,61621,0.0028919963293695134,274.2,0.2,21135852.7
2017-03-31,UNM,71175,0.0024829684755444713,277.7,0.31,10748547.81
2017-03-31,FISV,10696,0.0024462173018951834,269.1,0.05,24549499.0
2017-03-31,CMA,25081,0.002308573044767914,275.7,0.25,12091957.02
2017-03-31,TIF,75100,0.0022448713184447357,275.4,0.24,11871044.5
2017-03-31,BEN,37584,0.0021172070646112403,267.3,0.0,23822626.94
2017-03-31,A,87432,0.0015437930419385853,267.5,0.01,17040053.87
2017-04-30,AAPL,14593,0.07462511578271569,329.7,1.7,748968063.86
2017-04-30,FB,13407,0.04254945573406775,347.7,2.24,355242085.0
2017-04-30,JPM,47896,0.03915505006215746,352.0,2.37,309533646.0
2017-04-30,BAC,59408,0.03649307401492673,379.6,3.19,232797594.6
2017-04-30,GOOG,14542,0.03648017149125152,331.2,1.75,314338230.26
2017-04-30,GOOGL,90319,0.03302192993994489,331.2,1.75,275163969.03
2017-04-30,MO,13901,0.025287772663502836,360.0,2.6,138945981.6
2017-04-30,C,70519,0.02421785372787824,338.7,1.97,162775096.0
2017-04-30,RAI,86946,0.022750156128666772,370.8,2.93,91972743.0
2017-04-30,EBAY,86356,0.020654011643775918,389.8,3.49,36160912.58
2017-04-30,TXN,15579,0.01809384205796029,347.3,2.23,78888934.32
2017-04-30,GLW,22293,0.01761528765432397,375.1,3.05,26548693.2
2017-04-30,CSCO,76076,0.01741607336091651,288.6,0.48,170281860.0
2017-04-30,NVDA,86580,0.016995455506602645,349.9,2.3,62058500.0
2017-04-30,V,92611,0.016625499724253565,284.4,0.35,168414925.0
2017-04-30,MRK,22752,0.01638120110046764,281.3,0.26,170879564.9
2017-04-30,ETFC,83862,0.01616999653082672,375.5,3.07,9501630.05
2017-04-30,ABBV,13721,0.015921349996248238,317.2,1.33,105080467.38
2017-04-30,ADBE,75510,0.015644209947082214,338.4,1.96,66160915.47
2017-04-30,SWKS,45911,0.015495814800704865,365.7,2.77,18404523.5
2017-04-30,BAX,27887,0.015447359980175782,358.4,2.56,30176165.76
2017-04-30,MS,69032,0.015374549349859898,328.2,1.66,80321240.0
2017-04-30,EA,75828,0.015301991635633517,358.0,2.54,29204560.0
2017-04-30,AMGN,14008,0.01498305651516367,302.0,0.88,120105372.03
2017-04-30,ICE,90993,0.014968840785315508,351.9,2.36,35725930.8
2017-04-30,AMAT,14702,0.014788504513162493,346.0,2.19,43640805.52
2017-04-30,GILD,77274,0.014388767827905324,316.1,1.3,89576204.4
2017-04-30,MA,91233,0.014222586443674804,295.1,0.67,123136352.0
2017-04-30,BK,49656,0.013736298310295103,335.8,1.88,48936611.62
2017-04-30,CME,89626,0.01346764785811642,339.6,2.0,39479967.72
2017-04-30,SCHW,75186,0.013196382412401281,330.4,1.72,51934369.2
2017-04-30,KLAC,46886,0.013144459918408851,351.7,2.36,15397261.86
2017-04-30,LRCX,48486,0.012715597320642471,344.1,2.13,23366044.81
2017-04-30,NAVI,14601,0.011839776087764264,349.5,2.29,4331103.2
2017-04-30,BIIB,76841,0.011768165250413784,317.5,1.34,57527707.03
2017-04-30,STI,68144,0.011271078370192566,331.9,1.77,27593298.72
2017-04-30,GS,86868,0.010853746775314444,292.7,0.6,89025402.0
2017-04-30,BBT,71563,0.010795682008329218,324.3,1.54,35034956.6
2017-04-30,MTB,35554,0.009529282545190573,322.4,1.48,23896152.42
2017-04-30,USB,66157,0.009268649812127574,283.4,0.32,86765760.0
2017-04-30,FITB,34746,0.008903737304264154,321.5,1.46,18329071.67
2017-04-30,CELG,11552,0.008818938778386952,274.4,0.05,96861217.2
2017-04-30,SNI,92709,0.008707935019145447,326.8,1.62,7166021.6
2017-04-30,NTRS,58246,0.0086925741169433,318.7,1.37,20662740.0
2017-04-30,ADI,60871,0.008637056091244953,314.0,1.23,27966238.2
2017-04-30,ZION,84129,0.007986824123222536,321.4,1.45,8111238.87
2017-04-30,HOLX,76095,0.00798260211411197,318.5,1.37,12957869.4
2017-04-30,SYK,73139,0.00791148146069411,295.5,0.68,50970333.05
2017-04-30,PNC,60442,0.007510961048989415,288.6,0.48,58078750.0
2017-04-30,ILMN,88446,0.007135418868544758,304.5,0.95,26989560.0
2017-04-30,TWX,77418,0.007024183079963825,274.2,0.05,76868136.18
2017-04-30,URI,85663,0.006971479319221206,313.9,1.23,9267695.58
2017-04-30,CTXS,82686,0.006696849713963632,310.3,1.12,12232624.08
2017-04-30,DFS,92121,0.006342035820660539,301.0,0.85,23909380.0
2017-04-30,JNPR,86979,0.006161687826002943,307.2,1.03,11402423.72
2017-04-30,ITW,56573,0.0060613118547131325,285.0,0.37,47733294.12
2017-04-30,FFIV,86964,0.006049816808603827,308.3,1.06,8278653.43
2017-04-30,NEE,24205,0.005907236749501609,275.2,0.08,62527850.28
2017-04-30,SPGI,17478,0.0057506624823513985,290.7,0.54,34594182.0
2017-04-30,ALK,28804,0.005101161201296572,300.6,0.83,10528100.61
2017-04-30,COF,81055,0.0050796650234213175,283.7,0.33,38807464.0
2017-04-30,WM,11955,0.00501470136133501,287.2,0.44,32164465.98
2017-04-30,BCR,46877,0.00500509906212996,293.0,0.61,22266779.88
2017-04-30,TGNA,47941,0.004937950419145042,302.5,0.89,5472568.92
2017-04-30,RF,35044,0.004665976497065991,294.1,0.64,16568750.0
2017-04-30,ATVI,79678,0.004504341564350171,279.5,0.21,39378839.5
2017-04-30,ZTS,13788,0.0043425828574416,285.4,0.38,27588782.01
2017-04-30,WMB,38156,0.0040070798561519716,284.5,0.35,25307241.12
2017-04-30,FISV,10696,0.0039172854931832065,283.9,0.34,25302714.92
2017-04-30,TIF,75100,0.0037509595882882565,291.0,0.55,11435628.75
2017-04-30,PPL,22517,0.003154528237445999,278.4,0.17,25944945.01
2017-04-30,PAYX,61621,0.0030549086722252133,280.5,0.24,21272213.04
2017-04-30,ISRG,88352,0.00282276463943483,273.3,0.02,30794286.67
2017-04-30,HRB,49373,0.002777633511007821,288.2,0.46,5135669.93
2017-04-30,BEN,37584,0.0027321594965893665,276.6,0.12,24198375.87
2017-04-30,PFG,89195,0.002446106005727563,277.9,0.16,18763953.0
2017-04-30,PBCT,12073,0.0024083493549269387,285.2,0.38,6015724.62
2017-04-30,HBAN,42906,0.0022175070244124847,279.2,0.2,13980363.2
2017-04-30,CMA,25081,0.001610878288637473,276.0,0.1,12509375.2
2017-04-30,A,87432,0.0015662947271133138,272.6,0.0,17742670.05
2017-04-30,UNM,71175,0.0015144474759468396,276.5,0.12,10573154.62
2017-04-30,WYN,91392,0.0014590814738313957,276.5,0.12,9945979.74
2017-05-31,AAPL,14593,0.06993207283615022,324.6,1.54,796466146.26
2017-05-31,MSFT,10107,0.046370428154612106,300.7,0.85,539200767.6
2017-05-31,FB,13407,0.04042729315693859,357.3,2.49,358170056.83
2017-05-31,GOOG,14542,0.03616556490663468,340.5,2.0,334774576.15
2017-05-31,JPM,47896,0.035898932128582264,361.8,2.62,291862848.6
2017-05-31,BAC,59408,0.032983596971139825,378.8,3.11,223022056.59
2017-05-31,GOOGL,90319,0.03267359086486595,338.5,1.94,293786618.54
2017-05-31,MO,13901,0.024148435564410736,359.5,2.55,145723298.8
2017-05-31,C,70519,0.0215699460827968,330.4,1.71,166682239.32
2017-05-31,EBAY,86356,0.020401518838972888,392.2,3.5,37124193.4
2017-05-31,GLW,22293,0.018463230465800964,384.4,3.27,26778751.2
2017-05-31,GS,86868,0.017594417738234464,348.0,2.22,83158481.12
2017-05-31,TXN,15579,0.017112845706711483,345.2,2.14,82186766.76
2017-05-31,NVDA,86580,0.016894957756804583,341.7,2.04,85888255.95
2017-05-31,V,92611,0.01579321952739972,285.6,0.41,175818387.5
2017-05-31,SWKS,45911,0.015326617709711015,366.6,2.76,19638995.75
2017-05-31,ABBV,13721,0.015249990442985174,320.0,1.41,105073536.82
2017-05-31,MA,91233,0.015231926761154242,306.7,1.02,129505935.36
2017-05-31,MS,69032,0.015014473424469573,333.4,1.8,77209900.68
2017-05-31,ISRG,88352,0.014860295013849698,355.8,2.45,33697725.51
2017-05-31,LRCX,48486,0.014371522900437937,357.1,2.48,25030783.04
2017-05-31,AMGN,14008,0.01432302810825039,308.7,1.08,114163348.11
2017-05-31,AMAT,14702,0.014254105808140332,343.2,2.08,49304116.16
2017-05-31,ADBE,75510,0.014204310150780594,331.6,1.74,70177858.28
2017-05-31,CSCO,76076,0.013895836932224286,282.3,0.32,157651702.62
2017-05-31,HOLX,76095,0.013769081252381164,359.9,2.56,12127276.41
2017-05-31,KLAC,46886,0.013689684777697313,357.1,2.48,16303352.0
2017-05-31,ETFC,83862,0.013391386907610194,358.7,2.53,9518130.71
2017-05-31,DIS,26403,0.01337033033005709,272.6,0.03,168913039.26
2017-05-31,GILD,77274,0.013187506637573529,316.7,1.31,84793579.92
2017-05-31,NAVI,14601,0.012534373277685648,355.7,2.44,4111698.63
2017-05-31,EA,75828,0.0123503439929676,337.7,1.92,35135473.24
2017-05-31,NEE,24205,0.011967996668203144,318.3,1.36,66216974.72
2017-05-31,CME,89626,0.011299166236494192,327.9,1.64,39853734.52
2017-05-31,ILMN,88446,0.010947467050152341,333.0,1.78,25894560.0
2017-05-31,RAI,86946,0.010886019519714385,294.8,0.68,95946382.0
2017-05-31,SCHW,75186,0.010726842535866468,317.5,1.34,51813903.75
2017-05-31,BAX,27887,0.010632289333450127,327.4,1.62,32245008.39
2017-05-31,BCR,46877,0.01053337115583522,332.1,1.76,22263157.59
2017-05-31,STI,68144,0.010520179043303265,330.1,1.7,25803114.12
2017-05-31,ZION,84129,0.010210710027863456,337.5,1.92,8119344.03
2017-05-31,USB,66157,0.009496519852015007,290.7,0.56,85764051.87
2017-05-31,BIIB,76841,0.009336027190855488,307.5,1.05,52555733.55
2017-05-31,JNPR,86979,0.008467109241763023,323.8,1.52,11206875.68
2017-05-31,NTRS,58246,0.008377602558000874,318.4,1.36,20074999.84
2017-05-31,PCLN,86783,0.008148340484980131,277.9,0.19,92243955.31
2017-05-31,CMA,25081,0.007901826896488228,319.4,1.39,12130732.16
2017-05-31,BK,49656,0.007899137473904748,299.5,0.81,48999004.24
2017-05-31,SBUX,77702,0.007804942135153255,275.6,0.12,92113641.0
2017-05-31,ICE,90993,0.007738931809639221,305.6,0.99,35636512.73
2017-05-31,STT,72726,0.0076389686313784,307.6,1.05,30648184.56
2017-05-31,SYK,73139,0.007303880813968294,293.0,0.63,53433448.14
2017-05-31,EW,87657,0.006927841753704192,306.2,1.01,24142031.21
2017-05-31,WMB,38156,0.006873465611114474,306.1,1.01,23631465.0
2017-05-31,ITW,56573,0.006390151607474602,289.2,0.52,48784590.22
2017-05-31,ADI,60871,0.00637068390346078,298.4,0.78,31474863.36
2017-05-31,VRTX,76744,0.006345757564894623,298.6,0.79,30784928.4
2017-05-31,TWX,77418,0.0061584466623583805,272.3,0.03,77158275.62
2017-05-31,RF,35044,0.006080690812185548,304.4,0.96,16636551.92
2017-05-31,URI,85663,0.005716167767127824,305.9,1.0,9189098.49
2017-05-31,SPGI,17478,0.00557102948341979,290.0,0.54,36816418.0
2017-05-31,KMI,12558,0.0055030671662095465,286.8,0.45,41880611.92
2017-05-31,PNC,60442,0.005400201527557427,277.7,0.18,57439048.7
2017-05-31,TIF,75100,0.00507725615920716,300.6,0.85,10839477.04
2017-05-31,ZTS,13788,0.005010336985479355,289.5,0.52,30566837.16
2017-05-31,ATVI,79678,0.004492334993262503,278.6,0.21,44149519.96
2017-05-31,SNI,92709,0.00401668381112568,295.7,0.7,6350895.32
2017-05-31,DFS,92121,0.0038152946903747343,285.7,0.41,22317211.7
2017-05-31,WM,11955,0.003588647339386814,278.8,0.21,32211565.09
2017-05-31,WAT,82651,0.0035860821723044467,288.4,0.49,14376425.56
2017-05-31,BEN,37584,0.003542182954443815,283.2,0.34,23457437.43
2017-05-31,TDG,91152,0.0033931363032229543,287.3,0.46,13946593.4
2017-05-31,HRB,49373,0.0031097797646909725,289.9,0.54,5498212.18
2017-05-31,CTXS,82686,0.0030753978470252352,285.9,0.42,12475755.92
2017-05-31,FFIV,86964,0.002980216354697027,287.5,0.47,8290395.39
2017-05-31,FISV,10696,0.0027595953391451288,276.1,0.14,26606715.84
2017-05-31,WYN,91392,0.002677773344590827,284.2,0.37,10538710.46
2017-05-31,MTB,35554,0.0024893720891361448,275.6,0.12,24075100.08
2017-05-31,MCO,48506,0.0020165830722359245,273.1,0.05,22659485.0
2017-05-31,PFG,89195,0.0014165621687889274,271.4,0.0,18131794.38
2017-05-31,LUK,20415,0.0013520644327732817,276.0,0.13,8775961.02
2017-05-31,ALK,28804,0.0009710025315414921,272.3,0.03,10759728.2
2017-06-30,AAPL,14593,0.06709192558086777,324.7,1.55,744552003.64
2017-06-30,MSFT,10107,0.046527944458935,301.2,0.83,531312440.0
2017-06-30,FB,13407,0.04117835276714605,357.2,2.53,357671620.0
2017-06-30,JPM,47896,0.03774806205229846,351.9,2.37,324726285.6
2017-06-30,GOOG,14542,0.03641494849180757,347.7,2.24,315994493.41
2017-06-30,BAC,59408,0.034596125868525195,374.9,3.07,241433069.74
2017-06-30,GOOGL,90319,0.03308548822939403,346.2,2.2,277084613.26
2017-06-30,C,70519,0.023976953675492706,335.0,1.86,184137895.04
2017-06-30,MO,13901,0.022782273059113126,348.3,2.26,143849603.15
2017-06-30,NVDA,86580,0.022418130203242875,376.3,3.11,86013200.0
2017-06-30,EBAY,86356,0.02089617080572472,391.8,3.58,37434240.0
2017-06-30,GLW,22293,0.018402556855257834,380.5,3.24,27652971.6
2017-06-30,V,92611,0.0175644500451494,298.5,0.75,173141325.0
2017-06-30,GS,86868,0.01726160162673244,341.6,2.06,87346714.96
2017-06-30,MA,91233,0.01680178489576674,317.2,1.32,127998826.9
2017-06-30,ABBV,13721,0.01658626332011967,322.4,1.48,115402637.91
2017-06-30,TXN,15579,0.016350030977595985,341.4,2.05,76292788.81
2017-06-30,SWKS,45911,0.015616355961911596,367.4,2.84,17626015.0
2017-06-30,ETFC,83862,0.015363596942895083,369.5,2.91,10460341.65
2017-06-30,AMGN,14008,0.015295686166368977,308.4,1.05,125848461.0
2017-06-30,ISRG,88352,0.015097031293643525,355.0,2.47,34702227.0
2017-06-30,MS,69032,0.014928001606169864,328.8,1.67,82426285.92
2017-06-30,ADBE,75510,0.014754571792715769,334.3,1.84,69787344.64
2017-06-30,AMAT,14702,0.014656265027492297,347.0,2.22,44393047.92
2017-06-30,EA,75828,0.01458598421345239,352.7,2.4,32667480.0
2017-06-30,NAVI,14601,0.014225401381916969,365.0,2.77,4744267.65
2017-06-30,LRCX,48486,0.01403261101296747,354.2,2.44,22872482.27
2017-06-30,KLAC,46886,0.013884212083057285,357.7,2.55,14352428.4
2017-06-30,GILD,77274,0.013815204320152465,316.2,1.29,92438680.0
2017-06-30,CSCO,76076,0.013159074410762658,278.2,0.14,156501690.2
2017-06-30,SCHW,75186,0.012329644065267296,324.8,1.55,57443233.68
2017-06-30,BIIB,76841,0.0122483060134078,324.3,1.53,57374185.41
2017-06-30,HOLX,76095,0.011933811006353934,345.7,2.18,12716746.64
2017-06-30,NEE,24205,0.011023706488511097,311.9,1.16,65603681.19
2017-06-30,CME,89626,0.01028226663273002,319.2,1.38,42415406.52
2017-06-30,ZION,84129,0.010201918131924078,336.3,1.9,8875572.21
2017-06-30,BAX,27887,0.010146610515185433,323.3,1.5,32913721.26
2017-06-30,ILMN,88446,0.009967003306701035,326.1,1.59,25333920.0
2017-06-30,STI,68144,0.009648195167489626,322.9,1.49,27422758.72
2017-06-30,USB,66157,0.009432638754131088,289.9,0.49,87499893.36
2017-06-30,BK,49656,0.00929526622550506,307.1,1.01,53054524.54
2017-06-30,ICE,90993,0.008950633488089142,312.2,1.17,39029056.64
2017-06-30,BCR,46877,0.008518413215029627,317.8,1.34,22953694.7
2017-06-30,RAI,86946,0.008488359672307788,280.9,0.22,92777283.6
2017-06-30,NTRS,58246,0.008186213981463193,316.0,1.28,22211124.06
2017-06-30,JNPR,86979,0.007962435532783736,320.6,1.42,10652836.48
2017-06-30,STT,72726,0.00790871421619938,308.1,1.04,33759656.28
2017-06-30,SBUX,77702,0.007751771571019849,280.5,0.21,84298767.0
2017-06-30,EW,87657,0.007559002514224499,310.5,1.12,24807106.72
2017-06-30,CMA,25081,0.007509269536850627,316.4,1.3,12958792.64
2017-06-30,VRTX,76744,0.007414514691537371,305.6,0.97,32316729.9
2017-06-30,PCLN,86783,0.007330593195098236,273.8,0.0,91762100.62
2017-06-30,SPGI,17478,0.0068224259273546185,298.9,0.76,37636224.58
2017-06-30,REGN,76614,0.006652319371874423,290.4,0.51,51673331.59
2017-06-30,ZTS,13788,0.006429588878744764,300.0,0.8,30615916.86
2017-06-30,BLK,87267,0.006050469320112026,277.7,0.12,68285110.96
2017-06-30,ITW,56573,0.006038096404648141,287.5,0.42,49485855.75
2017-06-30,RF,35044,0.0059529623611934215,303.7,0.91,17598202.32
2017-06-30,PNC,60442,0.005711992730104844,279.6,0.18,60424717.87
2017-06-30,ALB,80191,0.005663852506959481,304.9,0.95,11688766.08
2017-06-30,TDG,91152,0.005589293164648417,303.2,0.89,13987692.88
2017-06-30,SYK,73139,0.005439585102260679,282.3,0.26,51871106.7
2017-06-30,URI,85663,0.005233556593501898,303.2,0.89,9525460.23
2017-06-30,WMB,38156,0.004982440794697821,293.4,0.6,25019607.0
2017-06-30,ATVI,79678,0.004632138007819642,281.4,0.23,43454987.4
2017-06-30,BEN,37584,0.004309648729325722,288.9,0.46,25141388.43
2017-06-30,CTXS,82686,0.004235279145996193,295.3,0.66,12032814.32
2017-06-30,ADI,60871,0.0038081636129926105,283.8,0.31,28553455.8
2017-06-30,PPL,22517,0.0034857401610207126,282.8,0.28,26411545.5
2017-06-30,LUV,58683,0.0030257755954187946,273.9,0.01,37573758.82
2017-06-30,WAT,82651,0.00297787438935884,285.6,0.36,14714185.92
2017-06-30,TIF,75100,0.0027831424525861957,285.9,0.37,11700801.63
2017-06-30,DFS,92121,0.0027039458674855675,279.1,0.16,23644078.29
2017-06-30,FISV,10696,0.0026474640325024764,277.6,0.12,25789272.0
2017-06-30,ALK,28804,0.00246095650551632,284.1,0.32,11083834.08
2017-06-30,MCO,48506,0.0020225450730317904,274.8,0.03,23277384.0
2017-06-30,WYN,91392,0.0019121726692659159,280.8,0.22,10478185.14
2017-06-30,HBAN,42906,0.0012658594194591552,274.3,0.02,14737016.32
2017-06-30,UNM,71175,0.001182034462858298,275.9,0.07,10641618.82
2017-06-30,FFIV,86964,0.001053165129548406,276.4,0.08,8073900.64
2017-06-30,KSU,12650,0.0008850451461721845,273.7,0.0,11101690.6
2017-06-30,SNI,92709,0.0008561193950548979,275.9,0.07,6553456.47
2017-07-31,AAPL,14593,0.07076190011976885,317.9,1.46,768224360.44
2017-07-31,MSFT,10107,0.048433956664942435,284.9,0.44,559953138.8
2017-07-31,FB,13407,0.04480125193791373,345.9,2.33,401178860.25
2017-07-31,JPM,47896,0.04044625794363406,359.4,2.75,323040895.2
2017-07-31,GOOG,14542,0.03570333829679726,328.6,1.8,323566487.0
2017-07-31,BAC,59408,0.035658772381437165,374.0,3.21,237595989.6
2017-07-31,GOOGL,90319,0.03160156839899352,324.4,1.67,281801547.5
2017-07-31,C,70519,0.02603082616787606,339.2,2.13,186495858.2
2017-07-31,NVDA,86580,0.02405858910352256,373.8,3.2,97505994.0
2017-07-31,MO,13901,0.023161096712017153,353.6,2.57,124649362.96
2017-07-31,GLW,22293,0.018490509878838855,375.8,3.26,26318781.76
2017-07-31,GS,86868,0.018310278280900417,342.3,2.22,87174543.75
2017-07-31,ABBV,13721,0.018248436724731962,329.1,1.81,111264631.31
2017-07-31,V,92611,0.01818016295825651,291.0,0.63,182132077.2
2017-07-31,MA,91233,0.016807462530179413,307.7,1.15,134085076.2
2017-07-31,EBAY,86356,0.016569218721039267,357.1,2.68,38242390.68
2017-07-31,ETFC,83862,0.016237060831671507,369.3,3.06,11263110.0
2017-07-31,AMGN,14008,0.016218986138883614,307.5,1.14,127335576.95
2017-07-31,GILD,77274,0.016007224132614378,321.0,1.56,99367909.34
2017-07-31,ADBE,75510,0.015976817169165637,335.2,2.0,72279049.87
2017-07-31,MS,69032,0.0158002404240093,326.7,1.74,86135648.9
2017-07-31,SWKS,45911,0.015530677423567533,360.5,2.79,19268813.8
2017-07-31,ISRG,88352,0.015508584605695458,351.8,2.52,35372402.38
2017-07-31,AMAT,14702,0.014967053781684616,342.0,2.21,47256038.97
2017-07-31,NAVI,14601,0.014659442265020221,362.9,2.86,4202879.75
2017-07-31,EA,75828,0.014525233195425407,345.1,2.31,36072660.0
2017-07-31,LRCX,48486,0.014468461159794643,350.2,2.47,25788351.2
2017-07-31,TXN,15579,0.013568996925533393,315.3,1.38,80569373.82
2017-07-31,SCHW,75186,0.012895738198738531,323.3,1.63,57363005.7
2017-07-31,NEE,24205,0.01245210909071823,314.5,1.36,68550395.06
2017-07-31,KLAC,46886,0.01203116932530937,340.5,2.17,14528089.2
2017-07-31,CME,89626,0.011724873338685791,324.1,1.66,41679641.58
2017-07-31,HOLX,76095,0.011653380516681343,339.2,2.13,12399711.33
2017-07-31,BK,49656,0.011455446028340322,315.4,1.39,54788262.68
2017-07-31,NTRS,58246,0.011146188176772721,331.9,1.9,19994809.86
2017-07-31,ICE,90993,0.011120876017173827,321.5,1.58,39258368.03
2017-07-31,BIIB,76841,0.010930589111584359,308.6,1.17,61228592.88
2017-07-31,STI,68144,0.01087238316029711,326.1,1.72,27593384.76
2017-07-31,MU,53613,0.010854421602364186,324.0,1.65,31327535.92
2017-07-31,ZION,84129,0.010795514756527956,335.4,2.01,9162435.04
2017-07-31,BCR,46877,0.010735269227816785,327.5,1.76,23298643.93
2017-07-31,BAX,27887,0.010236799498487862,319.2,1.5,32881101.12
2017-07-31,USB,66157,0.00985528881409764,287.3,0.51,88288800.6
2017-07-31,CMA,25081,0.008167797794991064,316.6,1.42,12720124.41
2017-07-31,JNPR,86979,0.007533082569140546,313.6,1.33,10679583.2
2017-07-31,VRTX,76744,0.007527763807455373,298.9,0.87,38276709.1
2017-07-31,STT,72726,0.007494556573581081,300.5,0.92,34863824.65
2017-07-31,SYK,73139,0.006642024593342858,284.3,0.42,55024671.04
2017-07-31,RF,35044,0.006569133555646063,303.8,1.03,17448168.0
2017-07-31,PNC,60442,0.006557960488992667,280.2,0.29,61721861.6
2017-07-31,BLK,87267,0.006397385907003607,275.2,0.14,69186151.71
2017-07-31,ILMN,88446,0.006260863515394335,297.6,0.83,25382101.46
2017-07-31,ZTS,13788,0.005890683228603464,292.4,0.67,30684628.44
2017-07-31,SPGI,17478,0.005559704912793624,285.6,0.46,39472630.0
2017-07-31,EW,87657,0.00552056826966044,293.4,0.7,24321178.44
2017-07-31,WMB,38156,0.005277548113044053,290.8,0.62,26270968.78
2017-07-31,ITW,56573,0.00524231797490792,278.8,0.25,48425209.23
2017-07-31,BEN,37584,0.005154887728193896,290.7,0.62,24973850.78
2017-07-31,TDG,91152,0.005050546755068882,295.5,0.77,14678051.88
2017-07-31,ATVI,79678,0.004908328219869109,277.6,0.21,46639019.38
2017-07-31,URI,85663,0.004606754636419342,295.1,0.76,10056878.4
2017-07-31,REGN,76614,0.004536926338302018,272.5,0.05,51738580.42
2017-07-31,ALB,80191,0.004260381596843792,291.4,0.64,12825081.6
2017-07-31,PPL,22517,0.0039581243489352404,282.3,0.36,26288860.48
2017-07-31,LUV,58683,0.0038317443135163784,277.8,0.22,33226343.15
2017-07-31,DFS,92121,0.0037387118097184195,282.8,0.37,22691130.88
2017-07-31,TIF,75100,0.0034229560637468355,286.5,0.49,11905225.99
2017-07-31,MTB,35554,0.0033139716896012396,278.9,0.25,24886736.32
2017-07-31,KSU,12650,0.0025300759311790997,281.3,0.33,10878392.99
2017-07-31,HBAN,42906,0.0024514690161850316,278.9,0.25,14442712.0
2017-07-31,WYN,91392,0.0024088572670823466,280.6,0.3,10727774.82
2017-07-31,FISV,10696,0.002233457280423776,270.8,0.0,27044881.0
2017-07-31,AMG,85593,0.0018999693192632235,277.5,0.21,10399046.8
2017-07-31,TROW,10138,0.0018905968823066982,272.4,0.05,19882413.76
2017-07-31,WAT,82651,0.0017494004192818123,274.7,0.12,13844674.56
2017-07-31,ALK,28804,0.00155320130338845,275.2,0.14,10528035.75
2017-07-31,CTXS,82686,0.0015476610832508967,274.4,0.11,11966338.78
2017-07-31,UNM,71175,0.0013694264098821037,273.6,0.09,11313488.79
2017-07-31,PBCT,12073,0.0012732690586773144,275.8,0.16,6009300.8
2017-07-31,HAS,52978,0.0012180192188516801,271.6,0.02,13243576.28
2017-07-31,LUK,20415,0.0009574202679444092,272.0,0.04,9335295.08
2017-08-31,AAPL,14593,0.07614023529994614,337.7,1.94,847097392.0
2017-08-31,MSFT,10107,0.04589237620359732,275.8,0.15,575896783.88
2017-08-31,FB,13407,0.04506666879923866,361.1,2.62,407626166.01
2017-08-31,JPM,47896,0.03816704916010791,361.0,2.62,319838637.96
2017-08-31,BAC,59408,0.034793102655278275,374.4,3.01,252039500.0
2017-08-31,GOOG,14542,0.032449151119490094,317.9,1.37,326636985.17
2017-08-31,GOOGL,90319,0.030712309306818068,328.6,1.68,284704502.82
2017-08-31,C,70519,0.0232537092876696,330.9,1.74,185351544.68
2017-08-31,NVDA,86580,0.022955743692287933,374.1,3.0,101664000.0
2017-08-31,MO,13901,0.018822281238538126,334.8,1.86,121637211.2
2017-08-31,V,92611,0.017941945198111518,292.1,0.62,189376382.4
2017-08-31,ABBV,13721,0.01734780602554792,325.5,1.59,120035353.5
2017-08-31,MA,91233,0.017263375074426036,314.2,1.26,139855560.7
2017-08-31,GILD,77274,0.016565349598659972,325.9,1.6,109319065.46
2017-08-31,ETFC,83862,0.016402515300428886,377.8,3.1,11265857.1
2017-08-31,NEE,24205,0.016242742636301207,344.6,2.14,70624404.65
2017-08-31,GS,86868,0.01569405793012005,332.2,1.78,86559416.37
2017-08-31,ISRG,88352,0.015570523163500247,357.9,2.53,37458115.53
2017-08-31,AMGN,14008,0.015510761715279587,307.6,1.07,129714324.75
2017-08-31,EA,75828,0.015226539462353583,355.5,2.46,37510452.0
2017-08-31,ADBE,75510,0.014779032273592282,331.3,1.75,76556874.96
2017-08-31,EBAY,86356,0.01459233837864516,350.5,2.31,38670517.08
2017-08-31,SWKS,45911,0.014325054035952,359.1,2.56,19358846.4
2017-08-31,MS,69032,0.014313372592193795,324.3,1.55,83564435.5
2017-08-31,TXN,15579,0.014306314659056782,325.1,1.58,81995029.98
2017-08-31,CELG,11552,0.013832989056608874,307.4,1.06,108692016.61
2017-08-31,AMAT,14702,0.013636515501748988,338.8,1.97,48119893.44
2017-08-31,MU,53613,0.01279575436584774,339.8,2.0,35550640.0
2017-08-31,KLAC,46886,0.01275541418208636,350.8,2.32,14694339.6
2017-08-31,CMA,25081,0.012501052665481287,350.5,2.31,12005925.75
2017-08-31,BK,49656,0.01235829679086643,326.8,1.62,54013395.68
2017-08-31,LRCX,48486,0.012267368916758989,340.8,2.03,26964280.9
2017-08-31,SCHW,75186,0.012008030618805553,324.7,1.56,53430848.1
2017-08-31,ZION,84129,0.011381497280114757,344.5,2.14,8826829.52
2017-08-31,GLW,22293,0.010971515688867358,332.4,1.79,25975571.84
2017-08-31,ICE,90993,0.010642795735560399,323.6,1.53,38057842.31
2017-08-31,STI,68144,0.010254099769462828,327.2,1.64,26444473.6
2017-08-31,CME,89626,0.010242930816462931,318.3,1.38,42760552.2
2017-08-31,VRTX,76744,0.010223231293072803,319.4,1.41,40475181.74
2017-08-31,NAVI,14601,0.009765895623644973,336.1,1.89,3761221.2
2017-08-31,BIIB,76841,0.009281370067004602,298.6,0.81,66930913.92
2017-08-31,TROW,10138,0.008798610894735928,320.5,1.44,20276600.88
2017-08-31,MCHP,78987,0.008662131975069653,319.6,1.42,20200790.4
2017-08-31,REGN,76614,0.008379989269554895,300.3,0.86,52294251.85
2017-08-31,PNC,60442,0.008281300413007401,295.4,0.71,60097349.87
2017-08-31,USB,66157,0.008145064303378628,280.6,0.28,85729462.5
2017-08-31,BMY,19393,0.007967381331012645,272.1,0.04,99182724.48
2017-08-31,NTRS,58246,0.0077934968267943305,313.6,1.24,20221011.0
2017-08-31,RF,35044,0.007559104647619738,313.8,1.25,16862578.8
2017-08-31,HOLX,76095,0.007259724315498005,315.0,1.28,10826257.8
2017-08-31,PPL,22517,0.007143545733222144,305.5,1.01,26912989.44
2017-08-31,ATVI,79678,0.007086986642781982,292.9,0.64,49492620.76
2017-08-31,TDG,91152,0.0070802654457254015,312.3,1.2,13531121.26
2017-08-31,MTB,35554,0.007055733032709139,307.3,1.06,22464665.52
2017-08-31,SYK,73139,0.006772610013421039,288.9,0.53,52881286.31
2017-08-31,FITB,34746,0.006644119493895737,306.2,1.03,19250650.38
2017-08-31,SNI,92709,0.00657662869025555,311.7,1.19,8219145.3
2017-08-31,JNPR,86979,0.005946913552063072,306.1,1.02,10545968.57
2017-08-31,STT,72726,0.0058889492862633785,292.7,0.64,34587097.95
2017-08-31,SPGI,17478,0.005634368143678638,288.2,0.5,39662810.0
2017-08-31,ILMN,88446,0.005575527752932625,293.1,0.65,29851161.46
2017-08-31,FCX,81774,0.0054921659034089165,297.1,0.76,21391197.46
2017-08-31,URI,85663,0.005438469284548538,302.9,0.93,9980792.4
2017-08-31,BBT,71563,0.004922608832197345,284.6,0.4,37245006.37
2017-08-31,ALXN,83111,0.004769858241769037,286.5,0.46,31783775.85
2017-08-31,EW,87657,0.004739546487251272,290.5,0.57,24000218.28
2017-08-31,FISV,10696,0.004580189145171785,288.3,0.51,26036748.86
2017-08-31,AMG,85593,0.004401396544087076,295.8,0.73,9887572.4
2017-08-31,BEN,37584,0.004371014868811071,287.9,0.5,24109414.23
2017-08-31,COO,65541,0.0038618724962980757,290.8,0.58,12254801.31
2017-08-31,CSX,62148,0.0037698960965908248,272.0,0.03,45848312.6
2017-08-31,ZTS,13788,0.0035365045281680546,278.6,0.23,30667322.4
2017-08-31,WM,11955,0.0026611989899939514,270.8,0.0,33931175.96
2017-08-31,XEC,89509,0.0024998881099523966,282.9,0.35,9498263.82
2017-08-31,MCO,48506,0.002428376199407163,273.7,0.08,25599730.0
2017-08-31,SRE,86136,0.002365774024880496,271.1,0.01,29609628.54
2017-08-31,VRSN,85753,0.0022779334256168063,280.9,0.29,10366803.75
2017-08-31,TIF,75100,0.001690259376230075,276.3,0.16,11380396.8
2017-08-31,LUK,20415,0.0011301789068325363,274.0,0.09,8492500.48
2017-08-31,HBAN,42906,0.0010908128567908761,270.9,0.0,13723301.44
2017-08-31,NFX,79915,0.0004664907388376108,271.2,0.01,5208205.47
2017-09-30,AAPL,14593,0.07014022440361438,342.6,2.12,790050098.12
2017-09-30,MSFT,10107,0.044837524405757986,280.8,0.3,574722604.17
2017-09-30,FB,13407,0.04425329666235474,362.7,2.71,407524950.0
2017-09-30,JPM,47896,0.038531037037078435,360.4,2.64,336096251.64
2017-09-30,BAC,59408,0.03521149480439316,373.1,3.01,267337000.0
2017-09-30,GOOG,14542,0.031534872566722674,313.2,1.25,335183045.54
2017-09-30,GOOGL,90319,0.029848531522934957,324.7,1.59,290424639.41
2017-09-30,C,70519,0.023819546875515175,331.0,1.78,198184203.44
2017-09-30,NVDA,86580,0.02362846100948893,376.4,3.11,107262000.0
2017-09-30,ABBV,13721,0.0207172211655116,338.9,2.01,141651281.7
2017-09-30,MO,13901,0.018360101235613793,333.1,1.84,121675582.56
2017-09-30,V,92611,0.018153244739981124,295.3,0.73,192522898.8
2017-09-30,GILD,77274,0.017361126293561294,334.4,1.88,105893140.0
2017-09-30,MA,91233,0.016965167681867933,310.0,1.16,148144074.8
2017-09-30,GS,86868,0.016838939018818146,338.1,1.98,91762881.25
2017-09-30,NEE,24205,0.016440886447497104,347.2,2.25,68766242.7
2017-09-30,ISRG,88352,0.015956564577648307,358.8,2.59,39758082.32
2017-09-30,AMGN,14008,0.015907333016392716,309.3,1.14,135474570.0
2017-09-30,ETFC,83862,0.015419672647612537,369.5,2.91,11804747.29
2017-09-30,AMAT,14702,0.015092583950419541,344.8,2.18,55553307.83
2017-09-30,EA,75828,0.015084170630871183,354.6,2.47,36362480.0
2017-09-30,ADBE,75510,0.014921954852937992,334.4,1.88,73537231.81
2017-09-30,CELG,11552,0.014669760661975168,311.5,1.2,114774929.87
2017-09-30,SWKS,45911,0.014419756226801887,359.2,2.6,18593387.3
2017-09-30,EBAY,86356,0.014166208914160011,346.3,2.22,40344540.0
2017-09-30,MS,69032,0.014124903354051793,321.3,1.49,88468106.77
2017-09-30,TXN,15579,0.013930258882719329,320.0,1.45,88417041.48
2017-09-30,MU,53613,0.013174292967949357,337.8,1.98,43734960.0
2017-09-30,BK,49656,0.013038123682628982,331.2,1.78,54777931.12
2017-09-30,KLAC,46886,0.012905399049208151,349.9,2.33,16611048.0
2017-09-30,LRCX,48486,0.012168462539662755,338.0,1.98,30003124.14
2017-09-30,CMA,25081,0.01184257518013466,344.3,2.17,13414972.86
2017-09-30,CME,89626,0.011570022729050326,325.7,1.62,46011119.81
2017-09-30,ZION,84129,0.010572942429804588,337.7,1.97,9422412.16
2017-09-30,ICE,90993,0.010327360675156898,320.1,1.46,40429469.1
2017-09-30,BMY,19393,0.010286929484722252,286.9,0.48,104528883.24
2017-09-30,SCHW,75186,0.010168768554965965,309.7,1.15,58573065.06
2017-09-30,MCD,43449,0.01013960280829287,274.4,0.11,126910321.86
2017-09-30,BIIB,76841,0.010069942404890439,305.1,1.02,66217678.24
2017-09-30,MCHP,78987,0.010065739520423495,328.3,1.7,20994783.66
2017-09-30,TROW,10138,0.009903429680442744,326.7,1.65,21956699.1
2017-09-30,VRTX,76744,0.00983815860795798,317.8,1.39,38417920.79
2017-09-30,GLW,22293,0.00981572717011591,323.5,1.56,27023265.28
2017-09-30,STI,68144,0.009442054542768315,320.1,1.46,28685774.72
2017-09-30,NTRS,58246,0.008679514005202832,318.9,1.42,20906812.53
2017-09-30,REGN,76614,0.008061420087545186,301.2,0.9,47167135.92
2017-09-30,NAVI,14601,0.008017660947124776,323.1,1.54,3950440.24
2017-09-30,PNC,60442,0.007789240752410795,290.4,0.58,64582727.39
2017-09-30,USB,66157,0.00743297302925009,275.1,0.14,89643744.3
2017-09-30,PPL,22517,0.007392471485352943,307.5,1.09,26028235.2
2017-09-30,RF,35044,0.007007886773179902,308.9,1.13,18201068.4
2017-09-30,ILMN,88446,0.00697700472910921,303.1,0.96,29083200.0
2017-09-30,ATVI,79678,0.0068762859729297205,292.3,0.64,48773237.07
2017-09-30,TDG,91152,0.006680263424280532,309.2,1.14,13271046.63
2017-09-30,SNI,92709,0.006419205486570385,310.0,1.16,8250593.4
2017-09-30,COO,65541,0.006129145857219246,306.3,1.05,11606297.39
2017-09-30,ALXN,83111,0.005968841482755844,295.1,0.72,31284667.77
2017-09-30,STT,72726,0.005804777433854762,291.7,0.62,35727660.7
2017-09-30,URI,85663,0.005668753001266474,303.1,0.96,11729080.45
2017-09-30,FITB,34746,0.005450712671476118,297.5,0.79,19739162.52
2017-09-30,INTU,78975,0.0053885791611610785,288.6,0.53,36242004.36
2017-09-30,MTB,35554,0.0052934549185350305,294.0,0.69,24467127.76
2017-09-30,SYK,73139,0.005105559620950277,278.0,0.22,53124427.26
2017-09-30,SPGI,17478,0.0047601982470141255,282.3,0.35,40171670.0
2017-09-30,BBT,71563,0.004679409787637385,282.9,0.36,37931885.42
2017-09-30,FCX,81774,0.004599245544732345,291.4,0.61,20320190.28
2017-09-30,FISV,10696,0.004334113420597828,286.2,0.46,26926850.09
2017-09-30,HOLX,76095,0.004122358063464793,293.4,0.67,10100500.17
2017-09-30,JNPR,86979,0.004114777388627757,293.1,0.66,10583999.47
2017-09-30,BEN,37584,0.003999415413055796,285.0,0.43,24823271.51
2017-09-30,EW,87657,0.003970860169422578,285.7,0.45,23081680.98
2017-09-30,MNST,88031,0.003479014488388591,278.2,0.23,31158734.75
2017-09-30,MCO,48506,0.0031198539328542033,278.1,0.22,26589111.91
2017-09-30,WM,11955,0.0027871989075549525,271.8,0.04,34441617.72
2017-09-30,PCG,13688,0.002632320186311343,270.5,0.0,34918049.98
2017-09-30,XEC,89509,0.002606982119940362,282.7,0.36,10830250.26
2017-09-30,ZTS,13788,0.0024536963461925555,271.2,0.02,31185781.12
2017-09-30,A,87432,0.002262043451369954,275.3,0.14,20661357.6
2017-09-30,AMG,85593,0.002062994834392236,279.1,0.25,10622886.8
2017-09-30,VRSN,85753,0.0016294871710275658,276.2,0.17,10518247.35
2017-09-30,NFX,79915,0.0005779040727628492,271.4,0.03,5913794.73
2017-10-31,AAPL,14593,0.07793910877468797,327.6,1.65,867904049.14
2017-10-31,FB,13407,0.04554427215971019,347.9,2.21,429406727.88
2017-10-31,JPM,47896,0.04017306981066433,352.8,2.35,354042968.04
2017-10-31,BAC,59408,0.03718904916898602,370.8,2.85,285694517.46
2017-10-31,GOOG,14542,0.03405072840281683,308.1,1.1,355294334.05
2017-10-31,GOOGL,90319,0.03182193325493461,319.3,1.41,308134150.09
2017-10-31,NVDA,86580,0.024976263065102703,375.6,2.98,125326860.0
2017-10-31,ABBV,13721,0.024558217626611235,361.9,2.6,143867073.75
2017-10-31,C,70519,0.02372542000155652,326.8,1.62,194334147.0
2017-10-31,AMGN,14008,0.020573956430280965,342.9,2.07,127194125.42
2017-10-31,MU,53613,0.018777626508999844,373.9,2.93,51100729.05
2017-10-31,V,92611,0.01874664921821498,287.8,0.54,199943640.0
2017-10-31,EBAY,86356,0.01815138065449469,376.2,3.0,39317652.44
2017-10-31,MO,13901,0.0176389146547644,324.5,1.56,122543961.8
2017-10-31,GILD,77274,0.01728970859209269,336.2,1.88,97917924.24
2017-10-31,MA,91233,0.017022789059083002,301.2,0.91,155256818.31
2017-10-31,ISRG,88352,0.016547817441544745,363.1,2.63,42058336.16
2017-10-31,ETFC,83862,0.015436288780582348,372.6,2.9,11754479.4
2017-10-31,AMAT,14702,0.015426517039107975,344.8,2.12,59815800.0
2017-10-31,ADBE,75510,0.015371644883760796,329.1,1.69,86343895.88
2017-10-31,TXN,15579,0.015338770289198547,323.7,1.54,95293893.09
2017-10-31,GS,86868,0.01523345858458666,323.8,1.54,93809450.0
2017-10-31,EA,75828,0.014805884135975294,353.6,2.37,36836800.0
2017-10-31,CELG,11552,0.014278627950827289,325.2,1.58,79495397.49
2017-10-31,MS,69032,0.01383538726157963,314.9,1.29,91829050.0
2017-10-31,NEE,24205,0.013752458201056831,325.2,1.58,72944622.56
2017-10-31,CME,89626,0.013160083718507095,336.1,1.88,46677716.47
2017-10-31,KLAC,46886,0.012424174604447462,347.9,2.21,17063934.12
2017-10-31,SWKS,45911,0.012137611939796284,343.7,2.09,20775692.62
2017-10-31,ILMN,88446,0.012123376022529778,338.3,1.94,29957740.0
2017-10-31,BMY,19393,0.01210141888874422,297.2,0.8,100918922.0
2017-10-31,LRCX,48486,0.011998589492724617,335.2,1.86,33777078.84
2017-10-31,BIIB,76841,0.01197617898585345,316.5,1.34,65908921.82
2017-10-31,CFG,14889,0.011817037619621523,342.4,2.06,19037726.61
2017-10-31,NAVI,14601,0.011762278146660783,351.1,2.3,3277129.52
2017-10-31,SCHW,75186,0.011310367304316232,315.1,1.3,60046095.96
2017-10-31,CMA,25081,0.011107023301876903,340.4,2.0,13664501.55
2017-10-31,ICE,90993,0.01099004235338386,325.0,1.57,38899387.3
2017-10-31,TROW,10138,0.010829139970533922,333.3,1.8,22510599.0
2017-10-31,GLW,22293,0.010162515237286177,325.8,1.6,27210174.67
2017-10-31,ZION,84129,0.010114477852373146,335.8,1.87,9280106.24
2017-10-31,MCHP,78987,0.010008601120818302,327.6,1.65,22174194.0
2017-10-31,BK,49656,0.009967431904571382,309.7,1.15,52685931.9
2017-10-31,VRTX,76744,0.009764089243250914,317.3,1.36,36982005.69
2017-10-31,STI,68144,0.009499372540930896,320.2,1.44,28660020.21
2017-10-31,REGN,76614,0.00793713129476027,301.0,0.9,42487683.36
2017-10-31,PNC,60442,0.007622202596761146,285.7,0.48,65084814.03
2017-10-31,USB,66157,0.00744834097923753,269.7,0.03,90651460.0
2017-10-31,BLK,87267,0.0074059832998952455,277.8,0.26,76085184.72
2017-10-31,NTRS,58246,0.006914909369345973,305.9,1.04,21268411.92
2017-10-31,ATVI,79678,0.006789403444714905,288.7,0.56,49516923.51
2017-10-31,EW,87657,0.006345648026148112,301.6,0.92,21633912.6
2017-10-31,RF,35044,0.006265333367876048,303.1,0.96,18034200.0
2017-10-31,PPL,22517,0.006203796313872946,298.2,0.83,25760751.36
2017-10-31,URI,85663,0.005903190806856342,304.0,0.99,11965671.0
2017-10-31,STT,72726,0.005840001704269205,290.6,0.62,34403860.0
2017-10-31,BEN,37584,0.0052328076415357905,292.6,0.67,23377937.0
2017-10-31,TDG,91152,0.005138571620384527,297.1,0.8,14405302.5
2017-10-31,SPGI,17478,0.005125975392340537,282.3,0.38,39899850.0
2017-10-31,SNI,92709,0.0051113580449268815,300.6,0.89,8000293.2
2017-10-31,AMG,85593,0.005000771481655535,298.4,0.83,10436540.0
2017-10-31,BSX,77605,0.004938976976439877,281.7,0.37,38611653.78
2017-10-31,MTB,35554,0.004861207080049051,288.8,0.57,25337699.64
2017-10-31,MCO,48506,0.0047463091464840295,286.9,0.51,27200310.0
2017-10-31,SYK,73139,0.004738835808781494,269.1,0.02,57958239.06
2017-10-31,INTU,78975,0.0045908765340317145,279.2,0.3,38610830.34
2017-10-31,FITB,34746,0.004533509701173689,289.3,0.58,20391290.9
2017-10-31,FISV,10696,0.004380023370486606,284.4,0.44,26973080.49
2017-10-31,COO,65541,0.004174381240207025,291.7,0.65,11760486.25
2017-10-31,ZTS,13788,0.0041221330660531725,280.1,0.32,31215127.84
2017-10-31,CSX,62148,0.0036619019067847714,268.8,0.01,45070450.89
2017-10-31,HOLX,76095,0.003649057019562797,288.7,0.56,10419840.05
2017-10-31,ALXN,83111,0.0033444988469151717,277.1,0.24,26733240.6
2017-10-31,MNST,88031,0.0032506037836603843,273.0,0.13,32670376.59
2017-10-31,XEC,89509,0.0031222727028473525,284.5,0.45,11140856.54
2017-10-31,A,87432,0.002607764932549827,274.6,0.17,21893958.84
2017-10-31,WAT,82651,0.0023846260851766153,276.6,0.23,15649495.2
2017-10-31,FCX,81774,0.001625178365220078,268.5,0.0,20233351.86
2017-10-31,MTD,85621,0.0014491416028224232,268.8,0.01,17521746.84
2017-10-31,JNPR,86979,0.0013571031692757448,272.8,0.12,9443072.47
2017-10-31,NFX,79915,0.0007164210774492112,270.1,0.04,6146269.01
2017-11-30,AAPL,14593,0.06733360910306567,308.9,1.11,882331568.54
2017-11-30,MSFT,10107,0.05315040012804215,323.1,1.54,649337040.3
2017-11-30,FB,13407,0.04514027830147577,375.5,3.11,422538485.79
2017-11-30,BAC,59408,0.034068548900063195,361.8,2.7,293830396.38
2017-11-30,GOOG,14542,0.03402747333524847,332.1,1.81,356961334.91
2017-11-30,GOOGL,90319,0.03237119965458862,343.4,2.15,309067763.36
2017-11-30,JPM,47896,0.032277816912898646,317.8,1.38,362655761.52
2017-11-30,NVDA,86580,0.02369205453438271,373.0,3.03,121630266.06
2017-11-30,ABBV,13721,0.022539197808722926,349.9,2.34,154725995.6
2017-11-30,C,70519,0.0213263074280983,320.9,1.47,199622151.0
2017-11-30,INTC,59328,0.019984355146257314,307.2,1.06,209851200.0
2017-11-30,NEE,24205,0.019268653901039455,365.6,2.81,74341695.22
2017-11-30,MU,53613,0.019242897781761113,377.2,3.16,49087620.0
2017-11-30,EBAY,86356,0.0190776245928049,382.1,3.31,36215276.57
2017-11-30,V,92611,0.01882082054415802,302.1,0.9,204177799.17
2017-11-30,MO,13901,0.018784721478682414,336.7,1.94,129432527.7
2017-11-30,AMGN,14008,0.01853014137146622,335.9,1.92,127513526.26
2017-11-30,MA,91233,0.01852393076611027,322.1,1.51,157030943.41
2017-11-30,ISRG,88352,0.0178905710702602,370.2,2.95,44794549.44
2017-11-30,TXN,15579,0.016615690411030767,337.9,1.98,95885229.69
2017-11-30,ADBE,75510,0.01649586545645182,340.1,2.05,89454366.21
2017-11-30,GILD,77274,0.015269218318421617,328.1,1.69,97682795.82
2017-11-30,LRCX,48486,0.015071856693425641,357.8,2.58,31147074.18
2017-11-30,AMAT,14702,0.014674427375323023,343.6,2.15,55936200.0
2017-11-30,MCD,43449,0.014318115381470903,303.4,0.94,137092076.42
2017-11-30,SWKS,45911,0.01420426627132115,357.6,2.57,19187320.6
2017-11-30,PCLN,86783,0.013573958429963782,322.8,1.53,84845654.75
2017-11-30,KLAC,46886,0.013336552812768977,353.3,2.44,16021825.92
2017-11-30,EA,75828,0.012584798639306553,340.5,2.06,32747823.75
2017-11-30,ILMN,88446,0.011892180806513303,335.5,1.91,33584380.0
2017-11-30,ETFC,83862,0.011726398273763471,344.0,2.16,12981432.4
2017-11-30,MCHP,78987,0.011415915079717887,338.5,2.0,20347395.95
2017-11-30,ICE,90993,0.010754788383643294,324.1,1.57,41800107.7
2017-11-30,MS,69032,0.010485524259417244,298.3,0.79,93305667.39
2017-11-30,BIIB,76841,0.010089766434768135,307.4,1.06,68131547.2
2017-11-30,CMA,25081,0.009653477858209967,329.5,1.73,14488858.65
2017-11-30,GLW,22293,0.009333038132485583,321.0,1.47,28148756.23
2017-11-30,TROW,10138,0.009228419146482873,321.8,1.5,24938545.2
2017-11-30,CME,89626,0.009167594263421817,309.3,1.12,50887112.74
2017-11-30,FITB,34746,0.009019575834292977,322.0,1.5,21527276.31
2017-11-30,BCR,46877,0.008926388417317431,320.0,1.44,24487338.48
2017-11-30,EW,87657,0.008708030045189255,318.4,1.39,24801864.0
2017-11-30,CELG,11552,0.0082336278423045,289.8,0.53,79385173.11
2017-11-30,ZION,84129,0.007979768300977168,320.5,1.46,9897315.2
2017-11-30,SYK,73139,0.0077392756548025805,296.3,0.73,58381128.0
2017-11-30,SCHW,75186,0.007705435799807353,292.8,0.63,65406703.04
2017-11-30,ATVI,79678,0.007240357089994968,298.2,0.79,47180577.6
2017-11-30,XEC,89509,0.0072048738555704536,314.8,1.29,11060754.71
2017-11-30,BK,49656,0.006810148291969129,291.2,0.58,56054964.28
2017-11-30,NAVI,14601,0.006572404643005723,314.2,1.27,3316581.32
2017-11-30,PPL,22517,0.006545621544511373,303.8,0.96,25245974.88
2017-11-30,GS,86868,0.006541512460179992,272.0,0.0,93410055.64
2017-11-30,PNC,60442,0.00638122838762565,283.3,0.34,66878588.56
2017-11-30,TDG,91152,0.0062459857311839935,306.7,1.04,14745728.92
2017-11-30,AEP,24109,0.006219773466937617,295.6,0.71,38185032.55
2017-11-30,VRTX,76744,0.006176286451206681,296.1,0.72,36491371.34
2017-11-30,COO,65541,0.006100178810347294,307.1,1.05,11805519.33
2017-11-30,MNST,88031,0.005990736961536446,295.4,0.7,35343561.21
2017-11-30,SPGI,17478,0.005614341559283916,289.7,0.53,42197400.0
2017-11-30,REGN,76614,0.005498712653957493,290.8,0.56,38186361.02
2017-11-30,CFG,14889,0.005083173845820835,296.5,0.74,20024033.7
2017-11-30,MCO,48506,0.005036576295679496,292.0,0.6,29012803.91
2017-11-30,BSX,77605,0.004916038524602864,287.9,0.48,36087590.88
2017-11-30,INTU,78975,0.004782888042455623,285.1,0.39,40193293.0
2017-11-30,NTRS,58246,0.004216529192194543,289.7,0.53,22237225.38
2017-11-30,WAT,82651,0.004042889548350979,291.6,0.59,15681521.61
2017-11-30,ALB,80191,0.0038488691100039473,290.7,0.56,14841823.82
2017-11-30,BAX,27887,0.003837411769597755,280.9,0.27,35702840.96
2017-11-30,ZTS,13788,0.0036838297253904964,280.1,0.24,35226049.52
2017-11-30,STT,72726,0.003633065668333023,279.7,0.23,35359307.95
2017-11-30,URI,85663,0.0027925237458528494,284.3,0.37,13488021.0
2017-11-30,MTB,35554,0.002787440814903408,278.7,0.2,25429509.25
2017-11-30,WM,11955,0.0027564810966843054,273.7,0.05,35714266.0
2017-11-30,APA,39490,0.0023478894660449055,280.2,0.25,15934845.69
2017-11-30,FISV,10696,0.002309032056893612,274.6,0.08,27394048.55
2017-11-30,NFX,79915,0.0019798566989271725,282.3,0.31,6174215.67
2017-11-30,A,87432,0.001966154984218299,274.7,0.08,22283370.72
2017-11-30,PCG,13688,0.0019540001865242873,272.0,0.0,27902303.52
2017-11-30,AMP,90880,0.0018111812982862282,272.8,0.02,24146613.9
2017-11-30,VRSN,85753,0.0014255292283729664,276.2,0.13,11345407.0
2017-11-30,SNI,92709,0.0013919197118262337,277.6,0.17,7861959.6
2017-12-31,AAPL,14593,0.06462094461740926,306.6,1.12,860882486.88
2017-12-31,MSFT,10107,0.05255662624012311,318.8,1.47,659085700.0
2017-12-31,FB,13407,0.044465317651610776,374.5,3.09,422974643.97
2017-12-31,BAC,59408,0.03388424494288231,356.0,2.55,307911725.28
2017-12-31,GOOG,14542,0.03356129869695501,326.6,1.7,365550429.39
2017-12-31,GOOGL,90319,0.031566604688177756,337.0,2.0,314408303.97
2017-12-31,JPM,47896,0.03150994534221088,309.9,1.21,371052498.44
2017-12-31,NVDA,86580,0.02382043436342856,376.7,3.16,117261000.0
2017-12-31,ABBV,13721,0.022396453003750864,349.4,2.36,154390745.3
2017-12-31,C,70519,0.020079730442194865,313.5,1.32,196740188.82
2017-12-31,V,92611,0.019060227550493625,301.9,0.98,206473459.06
2017-12-31,MU,53613,0.019054268586717712,376.8,3.16,47547672.8
2017-12-31,INTC,59328,0.018981427988617003,296.7,0.83,216351920.0
2017-12-31,MO,13901,0.018753789355290963,332.9,1.88,136263847.9
2017-12-31,NEE,24205,0.018272482912691915,359.2,2.65,73471463.62
2017-12-31,MA,91233,0.018132899505627964,318.4,1.46,157959750.08
2017-12-31,AMGN,14008,0.017934594061063604,332.3,1.86,125590572.78
2017-12-31,ISRG,88352,0.01782395161316797,371.2,3.0,41482729.8
2017-12-31,TXN,15579,0.016828913521158836,335.5,1.96,102681125.96
2017-12-31,ADBE,75510,0.016316409354668354,339.8,2.08,86088757.79
2017-12-31,EBAY,86356,0.015242760892381023,354.7,2.52,38834460.0
2017-12-31,AMAT,14702,0.015059803094938914,346.4,2.27,53768169.36
2017-12-31,GILD,77274,0.01503539260414936,327.4,1.72,93705120.0
2017-12-31,LRCX,48486,0.014825044842367978,356.3,2.56,29350147.16
2017-12-31,MCD,43449,0.014354111518373581,302.2,0.99,137211654.32
2017-12-31,CSCO,76076,0.013493360649051205,271.7,0.1,189340722.6
2017-12-31,ETFC,83862,0.013384862785414793,354.0,2.5,13226663.96
2017-12-31,SWKS,45911,0.013272834648844472,351.3,2.42,17318880.0
2017-12-31,ILMN,88446,0.012382589342740015,338.2,2.04,32118031.47
2017-12-31,ICE,90993,0.01212373008716906,332.1,1.86,41279434.56
2017-12-31,KLAC,46886,0.01210840392190449,343.7,2.2,16456063.4
2017-12-31,BIIB,76841,0.012081045312429907,319.5,1.49,67377557.12
2017-12-31,PCLN,86783,0.011884357562284217,310.2,1.22,84231732.8
2017-12-31,MS,69032,0.010780833013273903,297.6,0.86,94860460.53
2017-12-31,TROW,10138,0.010693108304333739,329.6,1.79,25719497.23
2017-12-31,MCHP,78987,0.010588840539855897,331.3,1.84,20593887.08
2017-12-31,EA,75828,0.01055946640461285,325.6,1.67,32253420.0
2017-12-31,CME,89626,0.009854705129874184,312.6,1.29,49545271.75
2017-12-31,SCHW,75186,0.009754408898876047,302.8,1.01,68865389.12
2017-12-31,GLW,22293,0.009396111310317696,319.7,1.5,27801133.43
2017-12-31,CMA,25081,0.009223002444730661,324.5,1.64,15097561.15
2017-12-31,FITB,34746,0.009049487303754832,320.5,1.52,21050043.7
2017-12-31,EW,87657,0.00902347118357476,319.0,1.48,23851690.2
2017-12-31,BK,49656,0.008712314903605163,302.1,0.99,55153824.92
2017-12-31,CELG,11552,0.008514059499004294,288.0,0.58,82164402.12
2017-12-31,SPGI,17478,0.008052327422242331,303.2,1.02,43196997.45
2017-12-31,MNST,88031,0.007751478376807666,304.6,1.06,35841000.42
2017-12-31,ZION,84129,0.0076400616322172665,316.0,1.39,10040551.56
2017-12-31,ATVI,79678,0.00744856943880855,296.8,0.83,47965216.6
2017-12-31,TDG,91152,0.007275620871812927,311.5,1.26,14269255.2
2017-12-31,XEC,89509,0.007195935797679227,312.2,1.28,11622794.61
2017-12-31,NAVI,14601,0.0069881481819688345,314.6,1.35,3503160.0
2017-12-31,SYK,73139,0.006955111637661085,288.7,0.6,57947011.92
2017-12-31,VRTX,76744,0.006703758517103535,296.4,0.82,37952494.58
2017-12-31,MCO,48506,0.006239132818241613,297.8,0.86,28208271.0
2017-12-31,AEP,24109,0.005855608116307624,291.4,0.67,36187979.45
2017-12-31,PPL,22517,0.005838647018475298,298.3,0.88,21307960.8
2017-12-31,BLK,87267,0.00564826048694974,268.2,0.0,82364154.93
2017-12-31,PNC,60442,0.005638763654218912,274.6,0.19,68653321.53
2017-12-31,CFG,14889,0.005459298547723552,296.0,0.81,20653782.18
2017-12-31,ZTS,13788,0.004981427616485453,285.9,0.51,35104227.52
2017-12-31,STT,72726,0.004910964567423822,284.9,0.49,36197399.57
2017-12-31,INTU,78975,0.004642176580373957,281.1,0.38,40336457.0
2017-12-31,ITW,56573,0.004559912965209367,272.6,0.13,57162646.58
2017-12-31,WAT,82651,0.004485807581175787,291.8,0.69,15364980.27
2017-12-31,REGN,76614,0.004252508148513802,278.7,0.31,39743858.42
2017-12-31,BAX,27887,0.004131193621431845,280.0,0.34,35217940.48
2017-12-31,ALB,80191,0.004124892767654578,289.9,0.63,14131333.44
2017-12-31,URI,85663,0.003949268129023182,288.5,0.59,14539288.25
2017-12-31,NTRS,58246,0.003875864753243353,284.2,0.47,22587826.03
2017-12-31,VRSN,85753,0.0030491237588204,283.9,0.46,11168314.04
2017-12-31,AMP,90880,0.0030280591069814632,277.2,0.26,25069697.1
2017-12-31,APA,39490,0.0027899254083490165,279.8,0.34,16083413.46
2017-12-31,NFX,79915,0.0025985152575111197,283.1,0.43,6293987.07
2017-12-31,FISV,10696,0.0024921801634594917,272.5,0.13,27222588.0
2017-12-31,AMG,85593,0.002294800163550168,278.6,0.3,11408205.5
2017-12-31,CERN,10909,0.0022199465465794,272.9,0.14,22404546.79
2017-12-31,KSU,12650,0.0016633325757931991,274.5,0.18,10894794.46
2017-12-31,CTXS,82686,0.0016380100928945227,273.5,0.15,12646216.0
2017-12-31,COO,65541,0.0014876025133525668,273.4,0.15,10665008.12
2017-12-31,HOLX,76095,0.0011150945278508905,270.3,0.06,11807122.5
2018-01-31,AAPL,14593,0.058844591816733856,306.6,1.09,849541945.85
2018-01-31,MSFT,10107,0.05338406962002062,318.9,1.48,731557332.93
2018-01-31,FB,13407,0.0427932675379851,364.5,2.93,447773862.58
2018-01-31,BAC,59408,0.03494514471571984,362.0,2.85,329193664.0
2018-01-31,GOOG,14542,0.03469060700907374,328.7,1.79,409296468.37
2018-01-31,GOOGL,90319,0.03268620216664701,338.4,2.1,352884385.51
2018-01-31,JPM,47896,0.03255525830512757,318.4,1.47,401343206.42
2018-01-31,NVDA,86580,0.02603662779484313,377.2,3.33,149007647.0
2018-01-31,ABBV,13721,0.023579744237872416,349.8,2.46,179151374.6
2018-01-31,MU,53613,0.021311097141087684,386.4,3.63,50554091.8
2018-01-31,C,70519,0.020629331309610602,322.3,1.59,201693600.0
2018-01-31,INTC,59328,0.019005266460421694,302.6,0.97,225632180.0
2018-01-31,V,92611,0.018582062058135295,300.2,0.89,224962268.19
2018-01-31,MA,91233,0.018371080958623682,318.1,1.46,176368907.0
2018-01-31,NEE,24205,0.018211977893191844,357.4,2.71,74520451.16
2018-01-31,ISRG,88352,0.018179286004048528,367.5,3.03,48476110.45
2018-01-31,MO,13901,0.01815230730226365,333.4,1.94,134222084.6
2018-01-31,TXN,15579,0.017890893226513143,342.2,2.22,107823047.53
2018-01-31,ADBE,75510,0.016599279375804583,337.9,2.09,98134492.21
2018-01-31,EBAY,86356,0.0163324043207266,358.8,2.75,41070206.4
2018-01-31,AMGN,14008,0.015985806047183162,319.7,1.51,134365310.0
2018-01-31,LRCX,48486,0.015331626337814248,356.4,2.67,31208567.04
2018-01-31,AMAT,14702,0.015037529523084252,344.6,2.3,56348397.44
2018-01-31,GILD,77274,0.014573216753083743,320.6,1.54,109610400.0
2018-01-31,MCD,43449,0.014368816662543115,308.7,1.16,136430412.04
2018-01-31,CSCO,76076,0.0134037021866315,274.7,0.08,206993820.0
2018-01-31,ETFC,83862,0.013190259092704227,349.7,2.46,14061835.6
2018-01-31,TROW,10138,0.013025562241553892,343.4,2.26,27361740.93
2018-01-31,BIIB,76841,0.012722304956392127,323.2,1.62,73583727.03
2018-01-31,KLAC,46886,0.011719898456306041,339.2,2.13,17196876.0
2018-01-31,ICE,90993,0.011305266926011156,326.3,1.72,43198319.84
2018-01-31,CMA,25081,0.011086872516004691,335.5,2.01,16473060.0
2018-01-31,ILMN,88446,0.010803243990102965,326.7,1.73,34198080.0
2018-01-31,MS,69032,0.010704462003032055,299.6,0.87,101111400.0
2018-01-31,MCHP,78987,0.010548768585661195,329.8,1.83,22314140.46
2018-01-31,FITB,34746,0.010495233900844614,329.2,1.81,22978450.3
2018-01-31,BMY,19393,0.009979182799551853,294.5,0.71,102457420.0
2018-01-31,TDG,91152,0.009974899479341172,328.5,1.79,16466643.6
2018-01-31,BK,49656,0.009787858529494394,311.1,1.24,57462161.4
2018-01-31,SCHW,75186,0.009733446272679209,305.2,1.05,71506323.84
2018-01-31,PCLN,86783,0.00958717640528058,295.9,0.75,92680890.02
2018-01-31,EA,75828,0.009340883553389166,315.6,1.38,38976720.0
2018-01-31,MNST,88031,0.009256113591530512,315.2,1.37,38638512.54
2018-01-31,ZION,84129,0.009150319455898384,325.6,1.7,10672653.96
2018-01-31,CME,89626,0.008892985786125863,307.6,1.12,52065787.8
2018-01-31,GLW,22293,0.00792966145268192,311.4,1.24,27131959.54
2018-01-31,NAVI,14601,0.007794516941528889,319.8,1.51,3753279.0
2018-01-31,CELG,11552,0.0075770816436905985,288.4,0.51,79644987.72
2018-01-31,XEC,89509,0.007372789834619256,314.4,1.34,10688284.2
2018-01-31,SPGI,17478,0.007348088469424595,300.2,0.89,46180502.55
2018-01-31,EW,87657,0.007225155188811999,307.1,1.11,26786859.6
2018-01-31,ATVI,79678,0.006879085545951754,293.3,0.67,56153845.65
2018-01-31,VRTX,76744,0.006584433890274953,296.9,0.78,42366958.04
2018-01-31,SWKS,45911,0.00657723471706533,306.6,1.09,17739172.43
2018-01-31,GS,86868,0.006540054873397938,273.4,0.04,101048379.66
2018-01-31,NTRS,58246,0.006532624671610973,303.9,1.01,23852497.14
2018-01-31,BLK,87267,0.006225089588679123,275.6,0.11,90476202.99
2018-01-31,STT,72726,0.005949891875477372,293.3,0.67,41366301.09
2018-01-31,SYK,73139,0.005866337829106746,284.8,0.4,61517242.44
2018-01-31,MCO,48506,0.005865028652816068,296.9,0.78,30918067.09
2018-01-31,CFG,14889,0.0056270781161963605,298.7,0.84,22582386.9
2018-01-31,PNC,60442,0.00518886449662315,275.3,0.1,74743460.0
2018-01-31,REGN,76614,0.004833326847661631,287.3,0.48,38759670.39
2018-01-31,ZTS,13788,0.0045249233252051616,285.9,0.44,37389608.24
2018-01-31,WM,11955,0.004254798374788063,283.8,0.37,38397720.88
2018-01-31,INTU,78975,0.00390887050136834,279.8,0.24,43001034.34
2018-01-31,AEP,24109,0.003586786579710742,281.4,0.29,33831850.3
2018-01-31,WAT,82651,0.003284782869720808,286.1,0.44,17148110.13
2018-01-31,AMP,90880,0.0032513623752387193,282.8,0.34,24955791.0
2018-01-31,BAX,27887,0.0027676727881879924,274.1,0.06,39244248.96
2018-01-31,ALB,80191,0.0027438530379454333,284.6,0.39,12330248.64
2018-01-31,TIF,75100,0.0026113521920565056,283.4,0.36,13254142.05
2018-01-31,PPL,22517,0.0025537998780537216,279.6,0.24,21941347.68
2018-01-31,APA,39490,0.002487335985341882,281.1,0.28,17092912.41
2018-01-31,URI,85663,0.0023740951983105695,281.1,0.28,15290755.08
2018-01-31,AMG,85593,0.002364575289643076,282.7,0.33,11095834.66
2018-01-31,VRSN,85753,0.002324434393810491,282.4,0.32,11215157.72
2018-01-31,NFX,79915,0.0021597532972792376,283.3,0.35,6319937.54
2018-01-31,FISV,10696,0.0019642666126369777,273.0,0.03,29238384.0
2018-01-31,CTXS,82686,0.0012028535688270454,274.5,0.07,13330261.32
2018-01-31,AWK,92614,0.0009322037895618758,272.2,0.0,14835448.75
2018-02-28,AAPL,14593,0.0633696246788252,307.4,0.92,903783195.56
2018-02-28,MSFT,10107,0.04892161818990033,291.0,0.39,722009589.61
2018-02-28,FB,13407,0.04047211730203881,357.9,2.54,427240835.0
2018-02-28,GOOGL,90319,0.03259492946664071,348.4,2.23,329512404.5
2018-02-28,BAC,59408,0.032325752240375046,347.0,2.19,328822416.9
2018-02-28,GOOG,14542,0.030659868406589193,313.2,1.11,386483155.12
2018-02-28,JPM,47896,0.02854837438068487,296.0,0.55,396391149.0
2018-02-28,NVDA,86580,0.026295845559085082,383.4,3.36,146410000.0
2018-02-28,PFE,21936,0.023492711807435115,337.6,1.89,216148528.15
2018-02-28,ABBV,13721,0.022487420980894283,344.4,2.11,183934912.59
2018-02-28,MU,53613,0.02121430906438508,388.2,3.51,56439735.15
2018-02-28,UNP,48725,0.01969317352231624,360.0,2.61,102528762.25
2018-02-28,V,92611,0.018256473503774448,302.7,0.77,221614717.5
2018-02-28,CME,89626,0.017793273435392047,366.8,2.82,56557873.12
2018-02-28,CMCSA,89525,0.017691358933045083,321.0,1.36,167835667.44
2018-02-28,VZ,65875,0.01753522626809364,309.1,0.97,194754661.64
2018-02-28,BLK,87267,0.0168775523991629,348.2,2.23,88303838.56
2018-02-28,NSC,64311,0.01665187802070436,366.6,2.82,39498302.76
2018-02-28,ADBE,75510,0.01612995905395704,337.5,1.88,103170730.29
2018-02-28,INTC,59328,0.015154300074668189,279.9,0.04,230085720.0
2018-02-28,CSX,62148,0.014507086616890052,349.9,2.28,47662317.92
2018-02-28,GILD,77274,0.014448612785628045,327.1,1.55,102939238.81
2018-02-28,AMAT,14702,0.014429233136578148,344.2,2.1,60509121.92
2018-02-28,MO,13901,0.014284473824036373,319.3,1.3,119633264.55
2018-02-28,ICE,90993,0.014142861313286874,349.7,2.28,42554045.52
2018-02-28,MA,91233,0.01395392206738363,291.8,0.42,182306346.59
2018-02-28,LRCX,48486,0.013697086117159798,351.5,2.33,31263970.72
2018-02-28,MCO,48506,0.013289228251358006,348.7,2.24,31890768.0
2018-02-28,ETFC,83862,0.012921116151495552,353.7,2.4,13910624.82
2018-02-28,PNC,60442,0.012796286641117247,328.3,1.59,74573180.0
2018-02-28,NEE,24205,0.012621003997785655,328.4,1.59,71631302.39
2018-02-28,KSU,12650,0.011841857027113004,348.3,2.23,10618684.16
2018-02-28,VRTX,76744,0.01174556401911055,334.9,1.8,42153688.76
2018-02-28,TXN,15579,0.011477023357353153,307.1,0.91,106519535.1
2018-02-28,TDG,91152,0.011440979882578544,344.0,2.09,15048628.76
2018-02-28,TMK,62308,0.01082334179107057,342.3,2.04,9739180.34
2018-02-28,EOG,75825,0.010657604512990183,321.4,1.37,58685263.12
2018-02-28,FITB,34746,0.01027255035667185,333.6,1.76,22704755.1
2018-02-28,CFG,14889,0.010270425781692481,334.2,1.78,21193764.25
2018-02-28,BK,49656,0.009865128499003843,316.9,1.22,57585985.47
2018-02-28,URI,85663,0.009501028380382697,332.0,1.71,14782498.52
2018-02-28,FCX,81774,0.009297584961996222,325.8,1.51,26929917.0
2018-02-28,MCD,43449,0.009255109844664886,285.6,0.22,125324122.46
2018-02-28,EQT,24328,0.009020461756503676,329.6,1.63,13305636.63
2018-02-28,EW,87657,0.00895540331521268,323.2,1.43,28073908.08
2018-02-28,SCHW,75186,0.008167205628328796,300.7,0.7,71389998.46
2018-02-28,MS,69032,0.007985474974902288,287.8,0.29,100379212.92
2018-02-28,TROW,10138,0.007579825960356128,314.9,1.16,27370404.3
2018-02-28,YUM,85348,0.007367370418260065,313.7,1.12,27059907.94
2018-02-28,ZBH,89070,0.007111365075192697,313.5,1.12,23615838.75
2018-02-28,VRSN,85753,0.006821112752312792,316.7,1.22,11267978.42
2018-02-28,AFL,57904,0.006706378498733037,306.5,0.89,34635025.04
2018-02-28,CMA,25081,0.0066521792507213545,313.4,1.11,16800879.86
2018-02-28,WYN,91392,0.006150239352043126,312.4,1.08,11545928.94
2018-02-28,NDAQ,90601,0.006001664465779744,310.7,1.03,13449720.0
2018-02-28,MNST,88031,0.005906966938495476,301.0,0.71,35892958.11
2018-02-28,ZTS,13788,0.005900156472193817,299.6,0.67,39237638.44
2018-02-28,AMG,85593,0.005862191477472734,311.1,1.04,10319362.56
2018-02-28,SPGI,17478,0.005634134492357802,294.1,0.49,48698020.0
2018-02-28,NAVI,14601,0.005253906126511206,310.1,1.01,3429034.56
2018-02-28,XEC,89509,0.005194676358211199,307.4,0.92,9170637.42
2018-02-28,STI,68144,0.005122936145167741,297.4,0.6,32706072.0
2018-02-28,ILMN,88446,0.004983530844758531,296.2,0.56,33518940.0
2018-02-28,CBOE,93429,0.004682233469283651,302.8,0.77,12624087.05
2018-02-28,NTRS,58246,0.004645279673967709,298.0,0.62,23882366.34
2018-02-28,HBAN,42906,0.004572705062472751,300.4,0.7,16853039.4
2018-02-28,EA,75828,0.004422002035584099,290.9,0.39,37942253.6
2018-02-28,ISRG,88352,0.004315842958613044,286.2,0.24,47889909.67
2018-02-28,ZION,84129,0.0041632198236006696,300.3,0.69,10802374.58
2018-02-28,ROP,77338,0.003842166714254136,291.2,0.4,28286404.34
2018-02-28,FISV,10696,0.0036568721365912975,289.5,0.35,29625521.12
2018-02-28,FIS,89003,0.0035989348781577946,288.1,0.3,32183975.22
2018-02-28,OXY,34833,0.0035363802000705365,280.4,0.05,50193774.4
2018-02-28,TSS,76639,0.003218329411489313,292.3,0.44,15982801.7
2018-02-28,INTU,78975,0.003179505983935699,281.2,0.08,42734681.46
2018-02-28,KLAC,46886,0.002788277068692529,288.9,0.33,17746612.2
2018-02-28,STT,72726,0.0027621187896659386,280.1,0.04,39026365.95
2018-02-28,DXC,40125,0.0025137998083519767,282.5,0.12,29294447.52
2018-02-28,WYNN,89533,0.0024839671667606757,287.2,0.27,17255515.0
2018-02-28,VRSK,93089,0.0023302985475700017,286.4,0.25,16863495.99
2018-02-28,RF,35044,0.002266064698519205,284.0,0.17,21788986.65
2018-02-28,EMN,80080,0.000939944663589021,278.7,0.0,14454440.0
2018-03-31,AAPL,14593,0.06238265983449148,312.6,1.09,829383853.96
2018-03-31,MSFT,10107,0.04964219855432181,288.9,0.29,701866300.0
2018-03-31,FB,13407,0.03781284356097655,348.1,2.28,384443850.22
2018-03-31,BAC,59408,0.03469136486843423,361.3,2.73,306618449.77
2018-03-31,GOOGL,90319,0.031928116509494266,343.6,2.13,309743938.27
2018-03-31,JPM,47896,0.029815578016691643,304.4,0.81,375042897.67
2018-03-31,GOOG,14542,0.029554727230376023,308.8,0.96,360458945.84
2018-03-31,PFE,21936,0.02456907672537721,340.1,2.02,211115317.14
2018-03-31,MU,53613,0.02189987125641271,385.7,3.55,60470147.1
2018-03-31,NVDA,86580,0.02179812025175192,352.6,2.44,140111950.0
2018-03-31,UNP,48725,0.021019560746486827,362.6,2.77,104261077.21
2018-03-31,ABBV,13721,0.020705910050548545,342.0,2.08,150179924.55
2018-03-31,CME,89626,0.020676347769876948,380.7,3.38,54900220.29
2018-03-31,INTC,59328,0.01844258663437868,290.8,0.36,242692800.0
2018-03-31,V,92611,0.01825044741623431,300.7,0.69,215630002.5
2018-03-31,NSC,64311,0.01808899435135961,370.9,3.05,41226202.5
2018-03-31,VZ,65875,0.017873856291551,305.9,0.86,197399238.48
2018-03-31,BLK,87267,0.017147351158243365,346.6,2.23,87064691.86
2018-03-31,ADBE,75510,0.015632277265125356,329.7,1.67,106412917.6
2018-03-31,CSX,62148,0.015628757509049546,353.2,2.46,48765971.34
2018-03-31,MA,91233,0.014809913291301269,294.1,0.47,181684009.36
2018-03-31,CMCSA,89525,0.014693784679810992,303.3,0.78,157444152.24
2018-03-31,PNC,60442,0.014468555449410399,337.1,1.91,71323276.32
2018-03-31,NEE,24205,0.014329468746359375,334.0,1.81,76894784.02
2018-03-31,MO,13901,0.013917205242927423,314.6,1.16,118435981.68
2018-03-31,MCO,48506,0.013858929511008092,350.0,2.35,30825881.7
2018-03-31,GILD,77274,0.013675723523878669,321.5,1.39,98007000.0
2018-03-31,LRCX,48486,0.013493050183758817,346.8,2.24,33338556.0
2018-03-31,ICE,90993,0.013447125951165385,342.9,2.11,42227960.88
2018-03-31,ETFC,83862,0.0127669070831887,350.1,2.35,14672180.13
2018-03-31,TDG,91152,0.01235478688798262,347.1,2.25,16021040.24
2018-03-31,FITB,34746,0.012175824965733271,343.7,2.14,21746908.5
2018-03-31,URI,85663,0.011832333915112753,344.6,2.17,14537129.53
2018-03-31,AMAT,14702,0.011379527998797106,324.0,1.47,58428759.68
2018-03-31,CFG,14889,0.011179993660050467,338.3,1.95,20474359.66
2018-03-31,KSU,12650,0.010989055615880813,340.9,2.04,11320481.9
2018-03-31,EOG,75825,0.010759356804930677,319.3,1.32,60913222.26
2018-03-31,BK,49656,0.010596194679448934,322.0,1.41,51918896.91
2018-03-31,MS,69032,0.01028774068601005,301.9,0.73,96688010.16
2018-03-31,EW,87657,0.010204564518350666,328.9,1.64,29302548.48
2018-03-31,TXN,15579,0.010096552851123689,298.6,0.62,101990683.02
2018-03-31,VRTX,76744,0.009631408189198125,320.5,1.36,41540179.42
2018-03-31,TMK,62308,0.009574353799476467,333.2,1.78,9582838.67
2018-03-31,EQT,24328,0.009509888398587168,331.6,1.73,12565112.23
2018-03-31,TROW,10138,0.009306433556119728,324.8,1.5,26267157.54
2018-03-31,FCX,81774,0.009030853067176357,323.5,1.46,25438636.65
2018-03-31,SCHW,75186,0.008746435141777633,303.5,0.78,70312820.06
2018-03-31,AFL,57904,0.008279851147367198,315.5,1.19,34105056.16
2018-03-31,CMA,25081,0.007899984276238232,320.4,1.35,16561834.85
2018-03-31,YUM,85348,0.007595838212976611,313.8,1.13,28306831.69
2018-03-31,XEC,89509,0.006971890741213981,318.0,1.27,8923453.0
2018-03-31,STI,68144,0.00694381120068417,308.5,0.95,31797745.56
2018-03-31,ZION,84129,0.006752940196997275,316.1,1.21,10390446.5
2018-03-31,NDAQ,90601,0.006573530121627707,313.4,1.12,14394170.34
2018-03-31,ZTS,13788,0.006196886460631788,300.5,0.68,40523561.54
2018-03-31,VRSN,85753,0.005987982068598953,311.1,1.04,11500912.8
2018-03-31,INTU,78975,0.005907580338122637,297.2,0.57,44396844.41
2018-03-31,SPGI,17478,0.005844372802030452,295.5,0.51,47642530.54
2018-03-31,AMG,85593,0.005451104335983655,308.4,0.95,10297037.7
2018-03-31,NAVI,14601,0.005335864153187375,310.5,1.02,3471368.32
2018-03-31,ZBH,89070,0.005171271947307299,301.9,0.73,22151148.88
2018-03-31,HBAN,42906,0.005095596228009889,303.7,0.79,16637119.6
2018-03-31,WYN,91392,0.004635935913316838,303.1,0.77,11411302.89
2018-03-31,NTRS,58246,0.004621020301916526,298.2,0.61,23203321.83
2018-03-31,ILMN,88446,0.004417161410986936,292.3,0.41,34693689.32
2018-03-31,FISV,10696,0.004249381409084252,293.5,0.45,29308410.0
2018-03-31,VRSK,93089,0.0040386627407988695,297.2,0.57,17170400.0
2018-03-31,OXY,34833,0.0037170055178216287,282.0,0.06,49737858.24
2018-03-31,D,64936,0.0035078869327303855,283.1,0.1,43995445.23
2018-03-31,MNST,88031,0.0035048260414827902,287.9,0.26,32186632.05
2018-03-31,RF,35044,0.0034003155639767755,291.9,0.39,20860602.1
2018-03-31,ISRG,88352,0.003210704768515961,280.2,0.0,46773637.87
2018-03-31,EA,75828,0.0030345212103841854,283.1,0.1,37099440.0
2018-03-31,ROP,77338,0.002536385286659431,283.5,0.11,28862229.94
2018-03-31,FIS,89003,0.002508864495401259,282.1,0.06,31892537.7
2018-03-31,MTB,35554,0.0020644582925083976,281.3,0.04,27379119.24
2018-03-31,CBOE,93429,0.002025550605841397,287.0,0.23,12842297.3
2018-03-31,WYNN,89533,0.0019816355708464914,284.3,0.14,18819916.72
2018-03-31,KLAC,46886,0.0019066050930000617,284.6,0.15,16991606.72
2018-03-31,HP,32707,0.001641414216731041,287.0,0.23,7246187.52
2018-03-31,EMN,80080,0.0012196889261037274,281.3,0.04,15072495.22
2018-03-31,TSS,76639,0.0010928570711679795,280.3,0.0,15675684.76
2018-04-30,AAPL,14593,0.05948232746383415,307.4,0.95,812275656.73
2018-04-30,MSFT,10107,0.049695041004787735,285.9,0.26,718532676.96
2018-04-30,FB,13407,0.03501609790306463,322.7,1.44,412560232.0
2018-04-30,BAC,59408,0.03337176495123267,358.1,2.59,303369471.68
2018-04-30,JPM,47896,0.02866358303141855,300.7,0.73,370985487.6
2018-04-30,GOOGL,90319,0.027956446206147238,324.2,1.49,304205034.45
2018-04-30,GOOG,14542,0.02560104094540285,288.4,0.34,354999345.14
2018-04-30,PFE,21936,0.02490851162651546,341.4,2.05,217777733.46
2018-04-30,MU,53613,0.022574704714533184,395.6,3.8,53325994.7
2018-04-30,NVDA,86580,0.020965737997039085,350.9,2.35,136514293.93
2018-04-30,UNP,48725,0.02092983530258132,364.7,2.8,102927972.98
2018-04-30,CME,89626,0.020549500930420347,382.9,3.39,53691613.39
2018-04-30,VZ,65875,0.01981004061046586,315.6,1.21,203914200.0
2018-04-30,ABBV,13721,0.019749409410974056,336.4,1.89,153194629.85
2018-04-30,INTC,59328,0.019066815713606213,295.7,0.57,240549200.0
2018-04-30,V,92611,0.018483827917621425,297.9,0.64,226628488.32
2018-04-30,BLK,87267,0.0167382710955869,346.8,2.22,83600622.0
2018-04-30,ADBE,75510,0.0165218587471747,334.8,1.83,109131356.92
2018-04-30,NSC,64311,0.016467184176036206,363.1,2.75,40536300.74
2018-04-30,NEE,24205,0.015730817550705854,343.2,2.1,77273074.76
2018-04-30,CSX,62148,0.014963025162013834,349.0,2.29,51987274.06
2018-04-30,MA,91233,0.014833217836020865,292.7,0.47,184909844.42
2018-04-30,PNC,60442,0.014005524462495566,336.2,1.88,68436700.0
2018-04-30,T,66093,0.013951018350189838,280.5,0.08,201039600.0
2018-04-30,EOG,75825,0.01387242151666298,335.4,1.85,68377652.46
2018-04-30,ICE,90993,0.013699383866494568,345.3,2.17,42097520.96
2018-04-30,MO,13901,0.01369318605991877,318.5,1.31,106196479.28
2018-04-30,URI,85663,0.013450726003906092,356.1,2.52,12539550.0
2018-04-30,ETFC,83862,0.012716434396043466,350.1,2.33,16014058.8
2018-04-30,FITB,34746,0.012653040155996328,346.9,2.22,22737902.32
2018-04-30,LRCX,48486,0.012601631861305237,343.4,2.11,30358167.7
2018-04-30,CMCSA,89525,0.012570673332714742,295.7,0.57,144149032.44
2018-04-30,MCO,48506,0.012491981231707198,342.4,2.08,31126180.0
2018-04-30,GILD,77274,0.012462250941704332,316.0,1.23,93917852.03
2018-04-30,KSU,12650,0.012277687820085762,349.5,2.31,10940344.63
2018-04-30,TDG,91152,0.011425185899514505,341.8,2.06,16732472.24
2018-04-30,AMAT,14702,0.010314471788308065,321.0,1.39,50069744.16
2018-04-30,SCHW,75186,0.010062117017438066,309.0,1.0,75067107.84
2018-04-30,TXN,15579,0.009935229467484366,298.1,0.65,99291652.74
2018-04-30,TMK,62308,0.009768713030035575,334.4,1.82,9875435.74
2018-04-30,EQT,24328,0.009710643853645961,332.6,1.76,13325043.48
2018-04-30,MS,69032,0.009608835812805751,299.3,0.69,91573880.0
2018-04-30,NDAQ,90601,0.009467477442268217,330.5,1.69,14746437.12
2018-04-30,FCX,81774,0.009087059730570744,325.1,1.52,22035183.3
2018-04-30,CFG,14889,0.009062154621434953,325.7,1.54,20228490.99
2018-04-30,TROW,10138,0.008620058878840101,319.9,1.35,27560033.34
2018-04-30,EW,87657,0.008442738280851344,319.1,1.33,26844813.44
2018-04-30,BK,49656,0.00836095522992543,306.8,0.93,55091948.76
2018-04-30,YUM,85348,0.008270732007066373,317.3,1.27,28603640.0
2018-04-30,VRTX,76744,0.008166295431360137,312.3,1.11,39029762.8
2018-04-30,AFL,57904,0.008095955680686504,313.4,1.14,35351246.49
2018-04-30,CMA,25081,0.007568147824084172,318.1,1.29,16261423.14
2018-04-30,ZION,84129,0.007377126900270824,319.2,1.33,10792046.25
2018-04-30,XEC,89509,0.007296791928425937,319.2,1.33,9599907.24
2018-04-30,STI,68144,0.006665993010707004,306.2,0.91,31376494.4
2018-04-30,VRSN,85753,0.00665884843580425,314.5,1.18,11390444.52
2018-04-30,HBAN,42906,0.006320400075037722,310.3,1.04,16427778.36
2018-04-30,AMG,85593,0.006139597419430768,312.3,1.11,8954370.9
2018-04-30,ZTS,13788,0.0060539262894766886,298.6,0.66,40497066.28
2018-04-30,OXY,34833,0.005874769397557116,289.7,0.38,59155586.94
2018-04-30,INTU,78975,0.005858339727326834,294.5,0.53,47414893.95
2018-04-30,NAVI,14601,0.005756468617530005,312.2,1.1,3508410.36
2018-04-30,SPGI,17478,0.005727887533100819,293.7,0.51,47395182.51
2018-04-30,HP,32707,0.005287820137536039,307.6,0.96,7571699.85
2018-04-30,ZBH,89070,0.004885700985738984,298.5,0.66,23400586.11
2018-04-30,VRSK,93089,0.004542685697729431,298.8,0.67,17591820.55
2018-04-30,FISV,10696,0.004489142944437917,293.7,0.51,29012705.82
2018-04-30,ILMN,88446,0.0044526169715296835,290.8,0.41,35416708.53
2018-04-30,RF,35044,0.004352707627071615,296.2,0.59,21000100.0
2018-04-30,NTRS,58246,0.0038620204806407185,291.9,0.45,24017789.25
2018-04-30,PXD,75241,0.0032199616118943853,283.6,0.18,34369918.4
2018-04-30,EMN,80080,0.0031276145550723036,291.3,0.43,14556608.0
2018-04-30,CBOE,93429,0.003036821432939365,291.8,0.45,12011682.2
2018-04-30,ROP,77338,0.002912027810745112,284.7,0.22,27165600.94
2018-04-30,MNST,88031,0.0027956490731494217,282.4,0.14,30947510.0
2018-04-30,WYN,91392,0.002479505493847553,288.6,0.34,11405924.28
2018-04-30,EA,75828,0.0024328064839917395,278.0,0.0,36101880.0
2018-04-30,MTB,35554,0.002416422819849632,281.8,0.12,26757053.73
2018-04-30,WYNN,89533,0.00233085210236447,284.0,0.19,20217813.53
2018-04-30,PAYX,61621,0.0022569498182482173,282.9,0.16,21755835.45
2018-04-30,DPS,92618,0.001763535217606109,279.9,0.06,21619311.16
2018-04-30,KLAC,46886,0.0011332171082112576,278.4,0.01,15858417.28
2018-05-31,AAPL,14593,0.06849504185014386,291.4,0.4,918491838.06
2018-05-31,FB,13407,0.04198888381063158,338.7,1.74,460004658.68
2018-05-31,JPM,47896,0.03260566557287352,321.3,1.25,364345186.77
2018-05-31,BAC,59408,0.03246285792842204,356.1,2.23,294446840.16
2018-05-31,GOOGL,90319,0.028754909964149797,312.4,0.99,328521600.0
2018-05-31,V,92611,0.026241491551211908,343.3,1.87,233487358.08
2018-05-31,PFE,21936,0.026150572298852173,354.6,2.19,210175086.03
2018-05-31,INTC,59328,0.02216725327662411,302.3,0.71,257232000.0
2018-05-31,ABBV,13721,0.022019114712929555,352.6,2.13,157005808.26
2018-05-31,MU,53613,0.021452171562277578,394.8,3.32,66804400.0
2018-05-31,NVDA,86580,0.020745817312887067,345.6,1.93,153079330.0
2018-05-31,VZ,65875,0.020729574753803097,323.0,1.29,196967529.99
2018-05-31,UNP,48725,0.02066091038153983,366.7,2.53,110721650.28
2018-05-31,CME,89626,0.019402354400874462,386.1,3.08,55469075.59
2018-05-31,NEE,24205,0.0185022568713402,368.1,2.57,78168803.16
2018-05-31,EOG,75825,0.017794437740111906,368.2,2.57,68195614.41
2018-05-31,MA,91233,0.017117079928187923,298.0,0.59,195860673.4
2018-05-31,ADBE,75510,0.016883965542576124,333.8,1.6,122762921.6
2018-05-31,CSX,62148,0.015739302488489895,359.6,2.33,56591636.1
2018-05-31,NSC,64311,0.015323687142210779,363.7,2.44,42847491.47
2018-05-31,FITB,34746,0.01498284782112838,372.5,2.69,20962467.68
2018-05-31,T,66093,0.01476317487360875,280.0,0.08,198477120.0
2018-05-31,BLK,87267,0.014601191591409655,336.7,1.68,85567615.9
2018-05-31,OXY,34833,0.01376686917193842,341.6,1.82,64477834.0
2018-05-31,PNC,60442,0.013507123180805373,338.3,1.73,67330851.59
2018-05-31,ETFC,83862,0.013192050175826125,362.0,2.4,16718698.5
2018-05-31,MO,13901,0.012949444054406789,314.8,1.06,105496199.52
2018-05-31,CXO,92239,0.012870097801994308,357.8,2.28,20469076.32
2018-05-31,SCHW,75186,0.012129562057116884,324.6,1.34,75041669.7
2018-05-31,CMCSA,89525,0.011763806096784405,287.1,0.28,143184671.28
2018-05-31,URI,85663,0.011336677912788081,350.6,2.07,13339574.13
2018-05-31,GILD,77274,0.01116214635977231,311.3,0.96,87637591.4
2018-05-31,TXN,15579,0.010671380206736528,296.6,0.55,109550713.38
2018-05-31,BK,49656,0.01037800352680354,322.3,1.27,55334511.0
2018-05-31,MS,69032,0.010310911030342788,304.7,0.78,88760836.4
2018-05-31,TDG,91152,0.010098991762669136,339.7,1.77,17517386.78
2018-05-31,ZION,84129,0.010065151035284159,342.9,1.86,10803873.15
2018-05-31,TMK,62308,0.009966266198422835,342.8,1.85,9633040.31
2018-05-31,NDAQ,90601,0.009686861137389216,337.9,1.72,15337496.76
2018-05-31,CFG,14889,0.009670868937407777,335.5,1.65,19801097.95
2018-05-31,AMGN,14008,0.009607027073323879,284.3,0.2,118855631.72
2018-05-31,FCX,81774,0.009571890097114346,332.4,1.56,24484618.6
2018-05-31,PXD,75241,0.009531798948180629,327.8,1.43,32909455.4
2018-05-31,HP,32707,0.009495418848041838,340.7,1.79,7227587.16
2018-05-31,MCD,43449,0.009235964209710436,278.2,0.03,125636163.92
2018-05-31,LRCX,48486,0.009149677323202286,325.3,1.36,32510436.46
2018-05-31,CMA,25081,0.009015400745328837,332.7,1.57,16211562.57
2018-05-31,KSU,12650,0.008976792553305024,335.1,1.64,10993697.15
2018-05-31,TROW,10138,0.008938665465050132,325.4,1.36,29400274.54
2018-05-31,MCO,48506,0.00891141325165845,323.5,1.31,32732384.92
2018-05-31,XEC,89509,0.008723962553335563,334.4,1.62,8867355.6
2018-05-31,YUM,85348,0.008713316077734689,325.4,1.36,26287238.61
2018-05-31,STI,68144,0.008587477891169521,321.9,1.26,31380470.77
2018-05-31,AFL,57904,0.008304171806433728,318.1,1.16,34883965.02
2018-05-31,PEG,23712,0.00825346993331195,321.9,1.26,26766396.66
2018-05-31,HBAN,42906,0.008067057248962744,325.9,1.38,16383706.52
2018-05-31,RF,35044,0.00799666861100382,323.3,1.3,20486237.76
2018-05-31,BBT,71563,0.00653814389384102,302.5,0.71,40936980.0
2018-05-31,NAVI,14601,0.006283663909433829,319.8,1.2,3653932.66
2018-05-31,VRSN,85753,0.006277214973258302,313.4,1.02,16056903.12
2018-05-31,ZTS,13788,0.005983684358894312,298.8,0.61,40499500.5
2018-05-31,NTRS,58246,0.005583595681099078,304.9,0.78,23066077.32
2018-05-31,ZBH,89070,0.005582947705587629,305.1,0.79,22666749.21
2018-05-31,KHC,15408,0.005270685732087079,278.6,0.04,70078006.56
2018-05-31,SPGI,17478,0.004977479323178391,287.0,0.28,49631750.0
2018-05-31,VRSK,93089,0.004944606589794703,303.2,0.73,17557116.16
2018-05-31,INTU,78975,0.0049314222715436985,285.6,0.24,51728143.37
2018-05-31,AMAT,14702,0.004821723489310836,285.1,0.22,51188677.44
2018-05-31,EW,87657,0.004581874453880084,294.8,0.5,28942064.49
2018-05-31,CBOE,93429,0.004524617645976494,303.6,0.75,10974524.4
2018-05-31,ICE,90993,0.004357086005359674,287.0,0.28,41061472.92
2018-05-31,AMG,85593,0.003960737202349921,300.8,0.67,8650206.36
2018-05-31,VRTX,76744,0.0039570478587683065,285.1,0.22,39243820.0
2018-05-31,STT,72726,0.003757389136413029,285.8,0.24,35119362.88
2018-05-31,DXC,40125,0.0037498828629980233,290.3,0.37,26232191.12
2018-05-31,TSS,76639,0.00280565566381586,289.1,0.34,15530648.14
2018-05-31,HLT,14338,0.002786642085543904,284.5,0.21,24246656.07
2018-05-31,EMN,80080,0.0025898122660088013,287.9,0.3,14891191.29
2018-05-31,ALXN,83111,0.0021530505837233085,279.2,0.06,25839041.13
2018-05-31,MTB,35554,0.001978713574542905,278.4,0.03,24992210.88
2018-05-31,APA,39490,0.0018130231273434522,282.2,0.14,15286160.0
2018-05-31,NFX,79915,0.0008325055833955262,280.1,0.08,5839988.24
2018-05-31,FFIV,86964,0.000765847362211183,277.2,0.0,10579617.65
2018-06-30,AAPL,14593,0.07005945356562529,317.8,1.22,896472365.87
2018-06-30,FB,13407,0.04480515975440908,353.6,2.27,468894184.13
2018-06-30,GOOGL,90319,0.03193056690559538,329.7,1.57,337509227.12
2018-06-30,GOOG,14542,0.030372785861020473,293.2,0.5,390656011.0
2018-06-30,BAC,59408,0.02940170586746784,337.6,1.8,285828389.26
2018-06-30,JPM,47896,0.02889790554149323,300.6,0.72,354777763.4
2018-06-30,NVDA,86580,0.02680266554830424,389.0,3.31,143798293.93
2018-06-30,V,92611,0.026577229007170508,342.3,1.94,236577421.8
2018-06-30,PFE,21936,0.02549935983835345,346.8,2.07,212222435.88
2018-06-30,UNP,48725,0.02247834602776968,376.0,2.93,109884024.96
2018-06-30,MU,53613,0.022026628492592844,396.8,3.54,60820488.84
2018-06-30,VZ,65875,0.021745465827658565,323.3,1.38,207875738.07
2018-06-30,ABBV,13721,0.02049684286584772,344.4,2.0,147024339.35
2018-06-30,INTC,59328,0.020219358325447363,302.5,0.77,229212810.0
2018-06-30,NEE,24205,0.01906999474065006,367.9,2.69,78743955.08
2018-06-30,CME,89626,0.019034921496800923,378.9,3.01,55654118.4
2018-06-30,EOG,75825,0.018371080220030207,366.4,2.65,72027674.23
2018-06-30,MA,91233,0.01765109720965794,298.0,0.64,202453921.4
2018-06-30,CSX,62148,0.017623986073113603,369.7,2.74,54774965.58
2018-06-30,NSC,64311,0.01737293026588792,373.9,2.87,42627111.54
2018-06-30,T,66093,0.01716204050823649,278.7,0.08,235247493.0
2018-06-30,ADBE,75510,0.016810626736285528,332.7,1.66,119384736.03
2018-06-30,OXY,34833,0.014301671546580531,342.5,1.95,64079633.6
2018-06-30,BLK,87267,0.014069544610309102,333.2,1.67,79931238.4
2018-06-30,ETFC,83862,0.013173676042713797,358.2,2.41,16012911.2
2018-06-30,MO,13901,0.012972132160578968,312.3,1.06,107483479.92
2018-06-30,TXN,15579,0.012689441423792625,310.4,1.01,107423851.5
2018-06-30,CMCSA,89525,0.012357656690267206,287.4,0.33,150023364.09
2018-06-30,FITB,34746,0.011954341527720826,348.2,2.11,19463249.4
2018-06-30,URI,85663,0.011783313020432964,350.5,2.18,12340589.14
2018-06-30,LRCX,48486,0.011694434875806526,342.7,1.95,27118783.77
2018-06-30,PNC,60442,0.01133901872342712,322.6,1.36,63429319.59
2018-06-30,CXO,92239,0.010952680578184076,340.8,1.9,20623697.64
2018-06-30,TDG,91152,0.010757694469008401,340.7,1.89,18095690.72
2018-06-30,FCX,81774,0.010532569026066254,335.8,1.75,25006184.44
2018-06-30,INTU,78975,0.010304715208255759,320.9,1.31,52422208.77
2018-06-30,SCHW,75186,0.010252240202904769,312.5,1.07,68943353.5
2018-06-30,XEC,89509,0.010159446115089276,340.7,1.89,9709048.2
2018-06-30,PXD,75241,0.009774460765802491,327.1,1.49,32251607.18
2018-06-30,NDAQ,90601,0.009497404248456107,333.6,1.69,15014188.81
2018-06-30,TMK,62308,0.009334972858174593,335.3,1.74,9244675.37
2018-06-30,PEG,23712,0.009219822466287352,325.7,1.45,27352448.38
2018-06-30,MCO,48506,0.008943998400719803,321.2,1.32,32730464.0
2018-06-30,TROW,10138,0.008857492781225799,322.8,1.37,28230766.2
2018-06-30,AMAT,14702,0.008597063367729122,312.1,1.06,46561737.12
2018-06-30,ZION,84129,0.008589253638190908,329.7,1.57,10295204.48
2018-06-30,HP,32707,0.00856989934407208,331.2,1.61,6942316.32
2018-06-30,BK,49656,0.008474972097216472,307.4,0.92,54505756.68
2018-06-30,CFG,14889,0.008115476636863656,322.3,1.35,18855880.3
2018-06-30,GILD,77274,0.007941215488058907,285.6,0.28,91808640.0
2018-06-30,CMA,25081,0.007738970722634866,321.3,1.32,15632148.36
2018-06-30,MS,69032,0.007509692483550129,286.5,0.3,83910324.0
2018-06-30,STI,68144,0.00740610751017041,311.7,1.04,30687878.54
2018-06-30,KSU,12650,0.007076983397311587,319.1,1.26,10871601.96
2018-06-30,AFL,57904,0.007065206648123231,308.1,0.94,33304664.34
2018-06-30,VRSN,85753,0.007059612040062164,316.1,1.17,16791212.38
2018-06-30,YUM,85348,0.006903253085602412,310.9,1.02,25282033.74
2018-06-30,RF,35044,0.006494988775263219,310.7,1.01,19969589.22
2018-06-30,HBAN,42906,0.006101218093429282,309.8,0.99,16298390.52
2018-06-30,KLAC,46886,0.005991976882392978,309.2,0.97,15999601.44
2018-06-30,KHC,15408,0.005697018340607313,277.7,0.05,76577580.0
2018-06-30,EW,87657,0.005588597402322135,299.3,0.68,30683101.14
2018-06-30,ZTS,13788,0.00551960666788731,293.7,0.52,41220459.35
2018-06-30,SPGI,17478,0.005266958026867302,287.1,0.32,51237557.0
2018-06-30,HLT,14338,0.004685918681545686,296.5,0.6,23781009.72
2018-06-30,BBT,71563,0.0044029453001934345,287.0,0.32,39330690.88
2018-06-30,ZBH,89070,0.004063199728072784,292.8,0.49,22652520.24
2018-06-30,ORLY,79103,0.003998464039935687,292.6,0.48,22155887.97
2018-06-30,ISRG,88352,0.003895422261525526,276.2,0.0,54403177.14
2018-06-30,PAYX,61621,0.003831302926743027,290.3,0.42,24537581.65
2018-06-30,VRSK,93089,0.003770741203076867,293.2,0.5,17730891.36
2018-06-30,TSS,76639,0.002872347615701384,288.2,0.35,15408503.12
2018-06-30,FIS,89003,0.002723439399487098,277.6,0.04,35097414.42
2018-06-30,NFX,79915,0.0027024379245128944,291.6,0.45,6041711.5
2018-06-30,NTRS,58246,0.0020344524786112964,278.8,0.08,22973484.98
2018-06-30,AMG,85593,0.0017923496744984618,284.4,0.24,8075011.05
2018-06-30,EMN,80080,0.0017067080046835473,280.8,0.14,14270189.64
2018-06-30,FFIV,86964,0.0016274255341297147,282.1,0.18,10488064.1
2018-06-30,CTAS,23660,0.001432371265806523,276.3,0.01,19669055.59
2018-06-30,APA,39490,0.0013916591569443268,276.9,0.02,17865699.5
2018-06-30,TIF,75100,0.0011663106492277228,276.1,0.0,16350116.84
2018-06-30,CBOE,93429,0.0008615550857258439,276.3,0.01,11666975.49
2018-07-31,AAPL,14593,0.07061867203890733,315.6,1.15,919086570.24
2018-07-31,FB,13407,0.039278996302020794,344.1,1.98,416207734.4
2018-07-31,GOOGL,90319,0.03509639935416825,339.3,1.84,366833230.11
2018-07-31,GOOG,14542,0.03334254644704944,298.6,0.66,425898584.08
2018-07-31,JPM,47896,0.030819323776656027,298.0,0.64,391379116.15
2018-07-31,BAC,59408,0.03062638369704171,336.9,1.77,308437160.0
2018-07-31,PFE,21936,0.02767151713798041,352.9,2.24,233573370.03
2018-07-31,NVDA,86580,0.026772619984906425,387.8,3.25,148874880.0
2018-07-31,V,92611,0.026731992765901387,341.9,1.92,242940232.69
2018-07-31,UNP,48725,0.023477717060645192,383.6,3.13,110842755.66
2018-07-31,MU,53613,0.022770081620629767,402.8,3.69,61226422.69
2018-07-31,VZ,65875,0.021342670487363966,319.2,1.26,213373175.04
2018-07-31,ABBV,13721,0.02046940515515519,345.7,2.03,146357850.17
2018-07-31,CSX,62148,0.02023036846844435,385.6,3.19,60700761.48
2018-07-31,CME,89626,0.019843860958893907,386.1,3.2,54192612.24
2018-07-31,INTC,59328,0.019317533920204223,301.2,0.73,221789100.0
2018-07-31,NSC,64311,0.0192573909748715,385.4,3.18,47325070.0
2018-07-31,NEE,24205,0.01891810997897968,367.7,2.67,79012696.98
2018-07-31,EOG,75825,0.018842227994954608,369.3,2.72,74638337.34
2018-07-31,ADBE,75510,0.018086811434222055,342.2,1.93,119810737.94
2018-07-31,MA,91233,0.017756089102754544,299.6,0.69,202960890.0
2018-07-31,OXY,34833,0.014560418479629928,344.9,2.01,64271076.1
2018-07-31,MO,13901,0.014557476274576176,322.4,1.35,110622069.0
2018-07-31,BLK,87267,0.013270221936696075,328.0,1.51,80833754.41
2018-07-31,CMCSA,89525,0.013247319190059538,287.7,0.34,163603656.42
2018-07-31,ETFC,83862,0.013210726680520151,359.2,2.42,15659454.2
2018-07-31,TXN,15579,0.012496791028440622,309.4,0.97,108224747.4
2018-07-31,XEC,89509,0.011038218211160043,347.3,2.07,9409398.0
2018-07-31,TDG,91152,0.01097794866709402,341.9,1.92,19689562.72
2018-07-31,INTU,78975,0.01094416471721219,325.6,1.44,52819734.43
2018-07-31,FITB,34746,0.0104160888443339,338.0,1.8,19768842.28
2018-07-31,CXO,92239,0.010367416277388746,333.1,1.66,29182399.25
2018-07-31,URI,85663,0.010224600947947082,340.3,1.87,12312902.4
2018-07-31,PNC,60442,0.009786713993394503,310.6,1.01,67345950.0
2018-07-31,PEG,23712,0.00960794799689285,329.4,1.55,26048988.52
2018-07-31,HP,32707,0.009419696694508926,337.5,1.79,6679910.7
2018-07-31,SCHW,75186,0.009342724852527979,306.8,0.9,68889386.1
2018-07-31,PXD,75241,0.00926030050287306,324.0,1.4,32256718.29
2018-07-31,NDAQ,90601,0.009194560090851721,331.9,1.63,15036122.6
2018-07-31,AMGN,14008,0.009021227660371132,276.3,0.01,127221311.6
2018-07-31,TROW,10138,0.008765702699143847,322.2,1.34,28959184.28
2018-07-31,CFG,14889,0.008357413317307298,324.1,1.4,19255707.9
2018-07-31,MCO,48506,0.008326457095856691,317.3,1.2,32837928.0
2018-07-31,EW,87657,0.008317690165936522,318.7,1.24,29827035.7
2018-07-31,GILD,77274,0.008211021884579133,283.5,0.22,100894220.03
2018-07-31,TMK,62308,0.008024439869274771,326.3,1.46,10000964.99
2018-07-31,FCX,81774,0.008001650053359956,319.4,1.26,23905101.0
2018-07-31,ZION,84129,0.007605991713964908,323.4,1.38,10050635.1
2018-07-31,CMA,25081,0.0075454423159970405,319.8,1.27,16615419.06
2018-07-31,BK,49656,0.007410517028959585,301.0,0.73,53467059.15
2018-07-31,STI,68144,0.0073856674288279855,310.5,1.0,33526891.93
2018-07-31,KSU,12650,0.007312991363031272,320.5,1.29,11878026.93
2018-07-31,VRSN,85753,0.007229568849574167,317.1,1.2,17706296.37
2018-07-31,LRCX,48486,0.007174078239646517,310.8,1.01,29909890.88
2018-07-31,HBAN,42906,0.007125003918985149,316.7,1.18,17049264.88
2018-07-31,RF,35044,0.006671894191621886,311.8,1.04,20731540.0
2018-07-31,ZTS,13788,0.006328460626722265,299.2,0.68,41844645.2
2018-07-31,AFL,57904,0.006323999091167937,302.1,0.76,35801918.88
2018-07-31,ORLY,79103,0.0061628614296238265,306.4,0.88,24652278.0
2018-07-31,KHC,15408,0.005736706013051225,279.8,0.11,73459692.0
2018-07-31,YUM,85348,0.005635151539431371,302.3,0.77,25627875.93
2018-07-31,SPGI,17478,0.005608875233227534,290.1,0.41,50410660.0
2018-07-31,NTRS,58246,0.005256575037167712,300.3,0.71,24386860.04
2018-07-31,AMAT,14702,0.005002897866270539,287.2,0.33,47802852.33
2018-07-31,ZBH,89070,0.004986951475677504,297.9,0.64,25514575.92
2018-07-31,HLT,14338,0.00459428422386163,296.2,0.59,23455310.76
2018-07-31,ISRG,88352,0.004588399122552815,279.5,0.1,57805596.12
2018-07-31,VRSK,93089,0.004079344885316269,295.2,0.56,18219998.96
2018-07-31,KLAC,46886,0.00381082682733154,293.3,0.5,18332432.34
2018-07-31,NFX,79915,0.003606069150673332,298.0,0.64,5739893.04
2018-07-31,MKC,52090,0.003406721364871478,292.5,0.48,14255368.74
2018-07-31,PAYX,61621,0.003305369252665241,286.7,0.31,24778110.98
2018-07-31,FFIV,86964,0.0029907821817297163,291.5,0.45,10422988.84
2018-07-31,APA,39490,0.0029574095030377415,287.8,0.34,17579084.0
2018-07-31,BBT,71563,0.002922272857885324,277.0,0.03,39349652.07
2018-07-31,FIS,89003,0.0027567591058905543,278.5,0.07,33911309.73
2018-07-31,APC,70332,0.0026433044682372285,276.0,0.0,37458286.25
2018-07-31,ROP,77338,0.002386878307801571,277.3,0.04,31144002.97
2018-07-31,CBOE,93429,0.0023689087127716077,287.0,0.32,10888952.91
2018-07-31,TSS,76639,0.0020942931912596914,282.3,0.18,16688291.24
2018-07-31,TIF,75100,0.0017152790950602243,279.5,0.1,17090591.96
2018-07-31,EMN,80080,0.0016734063839932913,280.4,0.13,14641506.0
2018-07-31,CNP,21792,0.001376401208424723,279.5,0.1,12288351.04
2018-08-31,AAPL,14593,0.07762148882245073,292.1,0.35,1099436055.38
2018-08-31,GOOGL,90319,0.0347420688863188,340.9,1.87,368202280.15
2018-08-31,FB,13407,0.03461039943662,315.4,1.07,423804526.4
2018-08-31,JPM,47896,0.03192239622098414,315.3,1.07,385090088.72
2018-08-31,GOOG,14542,0.031134480360228537,292.0,0.34,426223950.78
2018-08-31,BAC,59408,0.03032406186290817,338.8,1.8,308936572.5
2018-08-31,PFE,21936,0.028290644563664088,354.8,2.3,243394807.2
2018-08-31,NVDA,86580,0.027924205519434333,384.7,3.23,170653433.92
2018-08-31,V,92611,0.024428883443944078,322.2,1.28,260973293.62
2018-08-31,UNP,48725,0.023396867130731275,381.9,3.14,111382586.28
2018-08-31,MU,53613,0.022844109333969704,400.7,3.73,60975720.0
2018-08-31,CSX,62148,0.021739284153150594,392.4,3.47,63689423.76
2018-08-31,VZ,65875,0.021143335592924868,317.2,1.13,224653360.32
2018-08-31,EOG,75825,0.020404116802240174,381.7,3.14,68478934.23
2018-08-31,NSC,64311,0.019738000102814873,386.2,3.28,48680415.2
2018-08-31,MA,91233,0.01875561729976869,303.5,0.7,220960855.8
2018-08-31,CME,89626,0.018555050523129044,373.8,2.89,59509019.21
2018-08-31,NEE,24205,0.01741598547273215,357.3,2.38,80220015.22
2018-08-31,ADBE,75510,0.017410748719601774,335.7,1.7,128858239.46
2018-08-31,COP,13928,0.017224023931830538,353.8,2.27,85332635.85
2018-08-31,ABBV,13721,0.016742572536840954,324.1,1.34,145339922.54
2018-08-31,INTC,59328,0.015555122640859514,281.9,0.03,223310730.0
2018-08-31,OXY,34833,0.014709082616366638,348.4,2.1,61078266.27
2018-08-31,MO,13901,0.013935996095392944,321.6,1.26,110320441.0
2018-08-31,CXO,92239,0.01388339720400923,358.0,2.4,27466205.6
2018-08-31,CMCSA,89525,0.012967535781414644,289.3,0.26,169136368.11
2018-08-31,ETFC,83862,0.012871250237625123,356.9,2.36,15284470.5
2018-08-31,TXN,15579,0.01255609179069102,313.2,1.0,109274718.0
2018-08-31,BLK,87267,0.012267388111940383,325.9,1.4,76450311.04
2018-08-31,FITB,34746,0.011834570123269583,348.3,2.1,19661947.56
2018-08-31,PNC,60442,0.011575027542179416,325.8,1.39,66645904.44
2018-08-31,CMA,25081,0.011412705971901145,346.9,2.05,16707974.52
2018-08-31,SCHW,75186,0.010512589921103528,318.1,1.16,68620489.77
2018-08-31,URI,85663,0.010153343795667059,340.5,1.85,12897930.76
2018-08-31,TMK,62308,0.009978084600863009,340.7,1.86,9907968.56
2018-08-31,NBL,61815,0.009958358501521302,338.6,1.79,14358296.68
2018-08-31,CFG,14889,0.009790180924447382,335.2,1.69,19589937.36
2018-08-31,HP,32707,0.009569298939916326,339.3,1.82,7143458.08
2018-08-31,STI,68144,0.009547522414436614,327.3,1.44,33891372.36
2018-08-31,INTU,78975,0.009523359974026249,317.0,1.12,56770743.84
2018-08-31,APA,39490,0.00931490763067878,333.4,1.63,16764361.38
2018-08-31,KHC,15408,0.00927886542781488,309.1,0.87,71045580.96
2018-08-31,TROW,10138,0.008748734684265925,324.7,1.36,28183404.99
2018-08-31,TDG,91152,0.008666369875643972,328.5,1.48,18420150.0
2018-08-31,KSU,12650,0.00833712944269016,329.3,1.5,11846357.64
2018-08-31,HBAN,42906,0.007820890947557732,323.3,1.32,17899519.67
2018-08-31,APC,70332,0.007678550121888701,315.7,1.08,32977630.0
2018-08-31,ZION,84129,0.007611785637354632,325.3,1.38,10359735.87
2018-08-31,RF,35044,0.0072878552684880315,318.3,1.16,21454066.2
2018-08-31,NDAQ,90601,0.007279908412579211,320.8,1.24,15700738.96
2018-08-31,ORLY,79103,0.007236330814672457,315.5,1.07,27022442.27
2018-08-31,EW,87657,0.007051032645884516,312.9,0.99,30201838.73
2018-08-31,PEG,23712,0.006994683010077493,314.2,1.03,26453659.05
2018-08-31,MS,69032,0.006908668266179948,287.6,0.21,85198095.7
2018-08-31,VRSN,85753,0.006581304092891929,314.7,1.05,19337572.59
2018-08-31,ZTS,13788,0.006500608527830081,303.4,0.7,43653254.4
2018-08-31,MCO,48506,0.006390318147365394,306.9,0.81,34162038.0
2018-08-31,ZBH,89070,0.006111201567264024,309.1,0.87,25156974.18
2018-08-31,LRCX,48486,0.00608619483470043,308.0,0.84,27275522.2
2018-08-31,KLAC,46886,0.005891724155443645,310.8,0.93,18143518.67
2018-08-31,NTRS,58246,0.005875233316568161,308.1,0.84,23993883.72
2018-08-31,YUM,85348,0.005390740307341348,303.4,0.7,27575062.84
2018-08-31,NFX,79915,0.005264732095102767,312.4,0.98,5452098.96
2018-08-31,VRTX,76744,0.005105630839461108,292.9,0.37,47125261.44
2018-08-31,BK,49656,0.004985245252179661,289.9,0.28,52147131.75
2018-08-31,FCX,81774,0.004534518804258572,301.1,0.63,20358492.15
2018-08-31,XEC,89509,0.004510370675321695,306.4,0.79,8055674.88
2018-08-31,MRO,15069,0.003961534644167834,298.3,0.54,18372701.97
2018-08-31,AMAT,14702,0.0037753792559862684,286.5,0.17,42288272.82
2018-08-31,SPGI,17478,0.0036724145040883914,281.5,0.02,52073075.0
2018-08-31,BBT,71563,0.0035245601803862605,285.9,0.15,40007932.02
2018-08-31,VRSK,93089,0.0030820740711536977,292.1,0.35,19615075.72
2018-08-31,ROP,77338,0.0029224974610297205,286.1,0.16,30835047.65
2018-08-31,MTB,35554,0.0028325544614846913,287.9,0.21,25472574.21
2018-08-31,PAYX,61621,0.0020643386390521907,282.6,0.05,26296750.0
2018-08-31,HLT,14338,0.002049173818626822,283.9,0.09,23145197.32
2018-08-31,SJM,42585,0.0020104061899846536,288.7,0.24,11758234.44
2018-08-31,FAST,11618,0.0015763285089941848,283.7,0.08,16746343.64
2018-08-31,KEY,64995,0.0015301336091331197,281.0,0.0,22166398.52
2018-08-31,CF,90829,0.0013976889690693031,284.6,0.11,12128714.55
2018-08-31,MKC,52090,0.0013724196479160424,283.1,0.07,15145571.28
2018-08-31,FFIV,86964,0.0013232841775432432,284.4,0.11,11501900.16
2018-08-31,PBCT,12073,0.0004924291559598013,281.3,0.01,6457028.4
2018-09-30,AAPL,14593,0.0816977245279247,320.8,1.46,1073390587.19
2018-09-30,GOOGL,90319,0.035504273490913826,339.6,2.11,360277155.66
2018-09-30,FB,13407,0.03457848714974755,320.3,1.44,395032944.02
2018-09-30,JPM,47896,0.03116780317947607,306.9,0.97,379242150.56
2018-09-30,NVDA,86580,0.031029885841944965,389.7,3.84,170860153.92
2018-09-30,PFE,21936,0.030631724928873907,352.3,2.54,258343187.7
2018-09-30,GOOG,14542,0.03018592986609723,286.1,0.26,416927992.79
2018-09-30,BAC,59408,0.029267534556897363,330.0,1.77,294253845.0
2018-09-30,V,92611,0.026593833043548877,325.6,1.62,266658599.22
2018-09-30,UNP,48725,0.02395465430959668,369.0,3.12,120411808.02
2018-09-30,CSX,62148,0.023276987192574816,388.3,3.79,62529301.0
2018-09-30,VZ,65875,0.022692134125301574,321.5,1.48,220604063.04
2018-09-30,MU,53613,0.02182202599694472,383.9,3.64,52512030.0
2018-09-30,NSC,64311,0.020769701455346474,378.6,3.45,50545415.0
2018-09-30,CME,89626,0.02049827229540274,374.1,3.3,57847574.0
2018-09-30,NEE,24205,0.02041225926020734,365.1,2.99,79041002.72
2018-09-30,MA,91233,0.020158916502762806,303.8,0.87,228187493.55
2018-09-30,ADBE,75510,0.01902177196694868,335.9,1.98,131771778.18
2018-09-30,EOG,75825,0.018153955781087198,354.1,2.61,73888671.57
2018-09-30,COP,13928,0.01746989519009763,343.7,2.25,89946153.0
2018-09-30,MO,13901,0.01531432632407919,321.7,1.49,113694904.25
2018-09-30,CMCSA,89525,0.014775602688059735,299.7,0.73,160763524.6
2018-09-30,ABBV,13721,0.014527066766644732,305.3,0.92,143219940.34
2018-09-30,ETFC,83862,0.013479761711649087,351.3,2.51,13451918.35
2018-09-30,OXY,34833,0.013084372292806566,329.2,1.75,62837124.57
2018-09-30,DIS,26403,0.012110183036436066,279.0,0.01,173918196.42
2018-09-30,TXN,15579,0.011912806400303639,306.1,0.95,103520151.27
2018-09-30,FITB,34746,0.01156336515082847,338.2,2.06,18465534.16
2018-09-30,CMA,25081,0.011147604486328228,337.0,2.02,15460189.8
2018-09-30,BLK,87267,0.010659016830025129,310.2,1.09,75216725.12
2018-09-30,PNC,60442,0.010623159773482837,314.8,1.25,63233289.38
2018-09-30,TMK,62308,0.010249467129463206,334.1,1.91,9735026.93
2018-09-30,YUM,85348,0.010209513067786356,326.2,1.64,28850833.96
2018-09-30,VRTX,76744,0.009654792818340316,314.8,1.25,49266466.7
2018-09-30,STI,68144,0.009616864499539683,322.0,1.5,30772223.49
2018-09-30,EW,87657,0.009388638509264666,318.4,1.37,36454104.69
2018-09-30,SCHW,75186,0.009356752618208307,306.2,0.95,66404746.45
2018-09-30,CXO,92239,0.009224037938351429,319.8,1.42,30590326.0
2018-09-30,KHC,15408,0.009203050473074638,305.0,0.91,67179090.0
2018-09-30,INTU,78975,0.009142100918275541,308.0,1.01,58822010.21
2018-09-30,NDAQ,90601,0.008977097777735745,325.0,1.6,14066824.2
2018-09-30,CRM,90215,0.008792784747150345,281.3,0.09,120338001.0
2018-09-30,TDG,91152,0.008634435022598806,320.8,1.46,19593776.17
2018-09-30,CFG,14889,0.00860054910280229,321.1,1.47,18357237.22
2018-09-30,ORLY,79103,0.008467586363258206,316.5,1.31,27905773.52
2018-09-30,ZION,84129,0.00808237721491182,321.6,1.48,9637275.35
2018-09-30,TROW,10138,0.008023565156507562,314.5,1.24,26486958.82
2018-09-30,VRSN,85753,0.007998817323693105,317.2,1.33,19399818.96
2018-09-30,KSU,12650,0.007974602833693037,320.2,1.43,11572571.52
2018-09-30,ZTS,13788,0.007811385112103941,306.2,0.95,44115805.44
2018-09-30,URI,85663,0.007678780568229844,317.7,1.35,13537573.63
2018-09-30,RF,35044,0.007658901581726238,314.9,1.25,20230324.5
2018-09-30,HBAN,42906,0.007509910276721154,315.8,1.28,15838012.68
2018-09-30,HP,32707,0.007415168511317889,318.6,1.38,7492078.88
2018-09-30,MCO,48506,0.0073747934073323225,308.5,1.03,32085680.0
2018-09-30,PEG,23712,0.00736265461076724,310.6,1.1,26676001.17
2018-09-30,ZBH,89070,0.006780339981429693,307.2,0.99,26752304.42
2018-09-30,ADI,60871,0.0054588992220015965,296.5,0.62,34364608.2
2018-09-30,NTRS,58246,0.00538713433248517,300.8,0.76,22611071.35
2018-09-30,BK,49656,0.004883149330659043,286.5,0.27,50987195.55
2018-09-30,BBT,71563,0.004732103947302136,291.0,0.43,37591657.38
2018-09-30,ISRG,88352,0.004700400697690703,279.6,0.03,65550800.0
2018-09-30,APA,39490,0.004461425340650721,297.2,0.64,18233107.62
2018-09-30,SPGI,17478,0.004444032593524789,284.7,0.21,49140585.0
2018-09-30,KLAC,46886,0.004294014172993488,297.3,0.64,15569258.25
2018-09-30,VRSK,93089,0.004229125598486295,295.2,0.57,19867966.05
2018-09-30,GPN,88873,0.004162459449524949,294.7,0.55,20152769.0
2018-09-30,IQV,13911,0.0035160184027182256,288.5,0.34,26283639.41
2018-09-30,APC,70332,0.0027908145854202743,281.0,0.08,34518975.75
2018-09-30,FFIV,86964,0.0027854828588892017,290.0,0.39,12008075.3
2018-09-30,PAYX,61621,0.002766872413570754,284.1,0.19,26446389.3
2018-09-30,DFS,92121,0.0025075712329011082,282.7,0.14,26196204.1
2018-09-30,FCX,81774,0.0024699776003471365,284.9,0.21,20170121.76
2018-09-30,ROP,77338,0.0023470933913050745,280.0,0.04,30611821.42
2018-09-30,TSS,76639,0.0023030619987744164,284.8,0.21,18011953.32
2018-09-30,LRCX,48486,0.002287290920940585,282.6,0.13,23268352.8
2018-09-30,MTB,35554,0.0022107064440123215,282.0,0.11,23659369.7
2018-09-30,NBL,61815,0.0020298511718469165,284.4,0.2,15068481.61
2018-09-30,XEC,89509,0.0014613016638838582,283.6,0.17,8862386.64
2018-09-30,FAST,11618,0.0013448581266756055,279.8,0.04,16655047.14
2018-09-30,ANSS,83621,0.0012084871632040716,279.4,0.02,15685226.12
2018-09-30,MKC,52090,0.0011123107596298014,278.7,0.0,16042934.0
2018-09-30,NFX,79915,0.0008315528939395725,281.2,0.09,5761877.31
2018-10-31,AAPL,14593,0.08354801789823715,311.9,1.22,1038577806.28
2018-10-31,PFE,21936,0.03373999945246495,360.8,2.98,252422456.6
2018-10-31,GOOGL,90319,0.033667474207314314,329.9,1.87,326051781.22
2018-10-31,FB,13407,0.03229875690778062,306.3,1.02,364670290.12
2018-10-31,JPM,47896,0.030682053876158123,296.6,0.67,366403573.68
2018-10-31,NVDA,86580,0.027641091581021446,378.2,3.61,128606300.0
2018-10-31,V,92611,0.026772384220786136,325.2,1.7,244912323.07
2018-10-31,BAC,59408,0.026348657337618403,312.5,1.25,269890417.5
2018-10-31,UNP,48725,0.025760987201519862,376.4,3.55,107733433.8
2018-10-31,VZ,65875,0.025452280674555433,321.6,1.57,235896736.35
2018-10-31,CSX,62148,0.024926064464721995,392.3,4.12,58146761.2
2018-10-31,NSC,64311,0.022252803728276215,382.6,3.77,45707997.01
2018-10-31,CME,89626,0.02051333675268592,366.0,3.17,62453326.13
2018-10-31,T,66093,0.020156241614237555,297.5,0.71,223043600.0
2018-10-31,NEE,24205,0.019897891406032403,354.3,2.75,82445512.5
2018-10-31,EOG,75825,0.01950599931771576,361.0,2.99,61013033.34
2018-10-31,MA,91233,0.019490997539599403,302.6,0.89,201807430.77
2018-10-31,ADBE,75510,0.018807134832126107,332.7,1.97,119963806.96
2018-10-31,COP,13928,0.018022823952568715,344.7,2.4,80471815.8
2018-10-31,MO,13901,0.0170129099750372,321.8,1.58,122213086.8
2018-10-31,CMCSA,89525,0.016599143649149686,298.4,0.74,173157888.4
2018-10-31,MU,53613,0.01560910332523995,346.9,2.48,42784098.6
2018-10-31,DIS,26403,0.014423963160104738,287.3,0.34,170780113.69
2018-10-31,OXY,34833,0.013525344677152011,331.8,1.94,51289837.47
2018-10-31,ABBV,13721,0.013396472362534783,303.5,0.92,117886153.05
2018-10-31,EW,87657,0.012325915106386661,333.6,2.01,30855634.49
2018-10-31,CXO,92239,0.012138043477174438,333.8,2.01,27852772.5
2018-10-31,YUM,85348,0.011642645933370629,330.7,1.9,28692155.96
2018-10-31,VRTX,76744,0.011598254635468068,324.4,1.67,43306861.24
2018-10-31,ETFC,83862,0.011448248291279139,336.3,2.1,12564491.38
2018-10-31,AMGN,14008,0.011192610048916835,289.2,0.41,122849444.64
2018-10-31,APA,39490,0.00995233892093127,327.2,1.77,14469445.38
2018-10-31,FITB,34746,0.009850831898800087,325.3,1.71,17695075.84
2018-10-31,BLK,87267,0.009581346722780458,303.9,0.94,65746563.28
2018-10-31,URI,85663,0.009311614581941801,325.6,1.72,9738037.21
2018-10-31,KHC,15408,0.009299221015981143,301.8,0.86,67032341.95
2018-10-31,CMA,25081,0.009298835492681248,324.1,1.66,13188088.88
2018-10-31,KSU,12650,0.00925066096145369,325.0,1.7,10369026.12
2018-10-31,TMK,62308,0.009240397392413353,325.3,1.71,9507064.02
2018-10-31,PNC,60442,0.009177388825801571,304.3,0.95,59362384.62
2018-10-31,ORLY,79103,0.009025184201973045,317.4,1.42,25693358.0
2018-10-31,NDAQ,90601,0.008943540603478923,321.7,1.58,14216711.47
2018-10-31,INTU,78975,0.008924957947515712,304.8,0.97,54769270.0
2018-10-31,TDG,91152,0.00889143769391385,320.1,1.52,17380727.25
2018-10-31,TXN,15579,0.008591528198454658,288.7,0.39,89167206.69
2018-10-31,VRSN,85753,0.008502319731152794,318.0,1.44,17231374.31
2018-10-31,SCHW,75186,0.008221355811250232,297.7,0.71,62473153.12
2018-10-31,ZTS,13788,0.008188065017022128,305.4,0.99,43436433.6
2018-10-31,ZBH,89070,0.007914925828867972,312.3,1.24,23113974.74
2018-10-31,CRM,90215,0.007742212537944681,277.9,0.0,103849515.57
2018-10-31,HP,32707,0.007705603695969088,317.9,1.44,6786121.76
2018-10-31,STI,68144,0.007578205801295408,308.1,1.09,28737505.16
2018-10-31,GILD,77274,0.0072234041209386785,281.5,0.13,88199011.6
2018-10-31,CFG,14889,0.0070310327849843314,309.6,1.14,17776583.1
2018-10-31,TROW,10138,0.007013901033779156,307.2,1.05,23341128.45
2018-10-31,ZION,84129,0.006811853848444301,312.0,1.23,9042304.25
2018-10-31,PEG,23712,0.006675166717920945,303.8,0.93,27006193.5
2018-10-31,RF,35044,0.00662650175474072,307.3,1.06,17903350.0
2018-10-31,HBAN,42906,0.00617384513158716,305.9,1.01,15211710.57
2018-10-31,CHTR,12308,0.006133516104632865,281.6,0.13,73338459.66
2018-10-31,MCO,48506,0.005929896876855207,299.3,0.77,27873968.0
2018-10-31,BK,49656,0.005324875075053746,288.1,0.37,46798815.41
2018-10-31,MKC,52090,0.004601097933176385,296.2,0.66,17534592.0
2018-10-31,REGN,76614,0.004182959503954007,286.2,0.3,36069013.46
2018-10-31,VRSK,93089,0.004170652049377448,292.9,0.54,19728060.8
2018-10-31,NTRS,58246,0.00396456532472165,291.3,0.48,20826627.65
2018-10-31,FIS,89003,0.0036035505409283573,283.8,0.21,34091500.8
2018-10-31,NBL,61815,0.0033789279891815556,291.7,0.5,12005507.15
2018-10-31,PAYX,61621,0.0033551205460017417,286.8,0.32,23516280.18
2018-10-31,FFIV,86964,0.0033067494891357825,291.9,0.5,10554485.2
2018-10-31,APC,70332,0.003278012187616316,285.0,0.26,26827749.2
2018-10-31,FCX,81774,0.003004430726554676,287.6,0.35,16880884.95
2018-10-31,CTAS,23660,0.002925317966823112,286.1,0.3,19441175.52
2018-10-31,VIAB,91063,0.0028945695912686656,289.3,0.41,11302947.24
2018-10-31,ADI,60871,0.0026074931344356985,279.5,0.06,31112495.7
2018-10-31,NFX,79915,0.0025156056053675293,290.2,0.44,4046868.0
2018-10-31,LUV,58683,0.0024903138010021714,280.3,0.09,27609273.7
2018-10-31,CHD,23393,0.0020581736932584237,283.3,0.19,14569872.96
2018-10-31,DFS,92121,0.0019070130813984905,278.8,0.03,23406681.55
2018-10-31,XEC,89509,0.0018968937872709452,285.3,0.27,7577941.32
2018-10-31,GPN,88873,0.0017073420098787497,279.9,0.07,18072670.99
2018-10-31,TSS,76639,0.0016175931008534118,280.0,0.08,16627400.7
2018-11-30,AAPL,14593,0.06413573823744405,286.3,0.25,847433174.84
2018-11-30,PFE,21936,0.03630804044271873,364.4,3.3,267231359.25
2018-11-30,GOOGL,90319,0.034056954433777833,328.3,1.89,331753176.13
2018-11-30,JPM,47896,0.03250903613357864,305.9,1.01,369752449.09
2018-11-30,FB,13407,0.03169859161886918,313.9,1.33,337810744.26
2018-11-30,GOOG,14542,0.02991574835179911,287.7,0.3,382629161.93
2018-11-30,VZ,65875,0.029409718398497445,335.9,2.18,249160504.5
2018-11-30,V,92611,0.027066670386767473,323.8,1.71,249380992.18
2018-11-30,UNP,48725,0.02548957777210395,367.5,3.42,113303566.2
2018-11-30,CSX,62148,0.02516201609707658,385.6,4.12,61330224.6
2018-11-30,BAC,59408,0.024427830291198056,299.1,0.75,278723194.8
2018-11-30,NEE,24205,0.02411124994934837,370.5,3.53,86847390.73
2018-11-30,CME,89626,0.02325394558371512,374.5,3.69,64784586.24
2018-11-30,NVDA,86580,0.022958546748669505,359.7,3.11,99692293.9
2018-11-30,NSC,64311,0.022209078845475058,376.1,3.75,46500529.5
2018-11-30,MO,13901,0.021100171388740846,348.9,2.69,103028037.35
2018-11-30,CMCSA,89525,0.020591834259001886,318.1,1.49,177107740.6
2018-11-30,MA,91233,0.020576466579497722,307.3,1.07,205278606.38
2018-11-30,T,66093,0.018140125933668743,286.4,0.25,227364720.0
2018-11-30,ADBE,75510,0.017990704570670504,325.6,1.78,122349770.07
2018-11-30,EOG,75825,0.017510391965940283,346.9,2.61,59909778.93
2018-11-30,VRTX,76744,0.015615699120056713,342.4,2.44,46202328.26
2018-11-30,MU,53613,0.0149239650540803,340.0,2.34,43187200.0
2018-11-30,MRO,15069,0.014835060898221288,350.7,2.76,13873996.44
2018-11-30,COP,13928,0.014760133468264559,326.6,1.82,76189195.56
2018-11-30,DIS,26403,0.014143074688372708,287.0,0.28,171926613.79
2018-11-30,ETFC,83862,0.0127836075140245,340.4,2.36,13294157.31
2018-11-30,OXY,34833,0.012048939132287738,321.5,1.62,53055677.02
2018-11-30,APC,70332,0.011787780503470681,330.2,1.96,26676464.9
2018-11-30,CHTR,12308,0.011344712281712332,309.4,1.15,75359807.89
2018-11-30,YUM,85348,0.010814446838069152,324.4,1.74,28800490.44
2018-11-30,AMGN,14008,0.010803158217343846,284.8,0.19,132700856.75
2018-11-30,EW,87657,0.010508033238803486,320.9,1.6,33868026.4
2018-11-30,CXO,92239,0.010243601667388568,322.5,1.66,26100585.0
2018-11-30,PNC,60442,0.009680217987977665,305.7,1.01,62652286.5
2018-11-30,TDG,91152,0.009449421140840315,321.1,1.61,19077369.69
2018-11-30,STI,68144,0.009402389347219408,317.4,1.46,28165676.65
2018-11-30,TMK,62308,0.009060928944980824,322.7,1.67,9638171.4
2018-11-30,CMA,25081,0.009003319507386467,321.2,1.61,12803247.64
2018-11-30,KHC,15408,0.008779392387479544,301.2,0.83,62337517.2
2018-11-30,NDAQ,90601,0.008657322351836102,318.6,1.51,14972553.24
2018-11-30,ORLY,79103,0.008223198202121149,311.5,1.23,27778465.12
2018-11-30,INTU,78975,0.007953293328256499,299.5,0.76,55672465.77
2018-11-30,TXN,15579,0.007721948289928996,283.0,0.12,95910218.55
2018-11-30,BLK,87267,0.007563731366170855,293.0,0.51,67502314.7
2018-11-30,ZBH,89070,0.00734812023633746,308.5,1.12,23869271.52
2018-11-30,HBAN,42906,0.007194108909604566,310.9,1.21,15487708.11
2018-11-30,VRSN,85753,0.007152305916314837,309.4,1.15,18865781.28
2018-11-30,SCHW,75186,0.007141609637491785,293.5,0.53,60500294.4
2018-11-30,BBT,71563,0.006997626429026529,300.8,0.82,39378682.0
2018-11-30,ZTS,13788,0.006993215388546166,298.6,0.73,45099935.37
2018-11-30,USB,66157,0.006862865533671684,281.6,0.07,88012424.78
2018-11-30,KSU,12650,0.0068029797791759,310.8,1.21,10479875.85
2018-11-30,ZION,84129,0.006758258313960944,311.0,1.21,9351722.1
2018-11-30,CFG,14889,0.006741842696998398,308.0,1.1,17013280.32
2018-11-30,CTL,60599,0.006694476624115357,306.5,1.04,20316389.2
2018-11-30,CINF,23473,0.006466323973057825,308.0,1.1,13300576.74
2018-11-30,PEG,23712,0.006425605775089739,302.1,0.87,28254655.0
2018-11-30,FIS,89003,0.00613335339955471,297.9,0.7,35352329.6
2018-11-30,RF,35044,0.006078413814071333,304.6,0.96,17007161.5
2018-11-30,FITB,34746,0.0057852124698922845,302.6,0.89,18311354.88
2018-11-30,MKC,52090,0.00564529251559053,301.9,0.86,18265200.0
2018-11-30,HP,32707,0.005618660953898815,306.2,1.03,6607702.8
2018-11-30,APA,39490,0.0051623079926143645,301.3,0.83,13333380.72
2018-11-30,TROW,10138,0.004933344456046664,296.1,0.63,23911480.8
2018-11-30,REGN,76614,0.004776480021394706,289.6,0.38,38877003.89
2018-11-30,MTB,35554,0.004470793068670621,293.8,0.54,23721904.18
2018-11-30,BK,49656,0.004154952509669103,281.9,0.08,50734147.87
2018-11-30,GPN,88873,0.004062150442983231,294.0,0.55,17689795.53
2018-11-30,VRSK,93089,0.003534450061883879,290.3,0.41,20300938.4
2018-11-30,NBL,61815,0.003302187223974727,292.5,0.49,11390428.26
2018-11-30,NTRS,58246,0.0029757643123481704,286.8,0.27,21969025.85
2018-11-30,LRCX,48486,0.002782528280990154,284.9,0.19,24357525.23
2018-11-30,ADI,60871,0.0025249939607850974,279.9,0.0,34025107.2
2018-11-30,IQV,13911,0.002071200937968634,281.0,0.04,25019753.22
2018-11-30,URI,85663,0.0013484378665977307,283.2,0.13,9499594.39
2018-11-30,HRB,49373,0.0012114168911340874,284.0,0.16,5551122.21
2018-11-30,TSS,76639,0.0011828934344973504,279.9,0.0,15939870.17
2018-11-30,KLAC,46886,0.001119607514004539,279.9,0.0,15087072.0
2018-11-30,XEC,89509,0.0011081985974279135,282.6,0.11,7838845.62
2018-11-30,FFIV,86964,0.001007703604965773,281.1,0.05,10426025.19
2018-11-30,NFX,79915,0.0007005029907914682,282.2,0.09,3396051.15
2018-12-31,PFE,21936,0.0420475536339725,370.8,3.77,252317733.75
2018-12-31,GOOGL,90319,0.037907890833350964,323.3,1.83,312695908.35
2018-12-31,JPM,47896,0.034719688109964175,302.3,0.97,324626621.82
2018-12-31,FB,13407,0.03425711560831905,304.4,1.06,314939267.94
2018-12-31,GOOG,14542,0.0336390308321497,280.1,0.07,362130030.08
2018-12-31,VZ,65875,0.03255322555192886,333.3,2.24,232301883.3
2018-12-31,V,92611,0.03038925449675949,322.9,1.81,231850509.48
2018-12-31,CSX,62148,0.02773639382617216,391.5,4.61,50822340.0
2018-12-31,NEE,24205,0.02741774509003431,375.4,3.96,83076404.68
2018-12-31,UNP,48725,0.026879106581235074,364.3,3.5,101846481.7
2018-12-31,CME,89626,0.02595043561467901,375.4,3.96,67125730.88
2018-12-31,BAC,59408,0.02534733550471932,293.7,0.62,241821814.08
2018-12-31,MA,91233,0.023309068491448953,305.9,1.12,192598622.94
2018-12-31,NSC,64311,0.02311382014952355,373.4,3.87,40726767.66
2018-12-31,CMCSA,89525,0.020249014646928295,308.4,1.22,153787437.9
2018-12-31,ADBE,75510,0.019638998139817943,325.0,1.9,110328882.0
2018-12-31,T,66093,0.019597508876022875,280.9,0.1,207714120.0
2018-12-31,VRTX,76744,0.01711426451710496,343.3,2.64,42284554.67
2018-12-31,ABBV,13721,0.017021958097924183,299.4,0.85,138673673.04
2018-12-31,NVDA,86580,0.016981037268289433,325.0,1.9,81435000.0
2018-12-31,MU,53613,0.016823195854201965,344.9,2.71,35570821.31
2018-12-31,MO,13901,0.016047471700724878,315.3,1.5,92806032.55
2018-12-31,EOG,75825,0.015040018877213044,329.4,2.08,50573340.63
2018-12-31,COP,13928,0.014133680273194296,315.4,1.51,71779938.7
2018-12-31,ETFC,83862,0.013811313565471607,341.3,2.56,10816200.6
2018-12-31,AMGN,14008,0.013233921105529855,288.1,0.39,122564232.0
2018-12-31,EW,87657,0.01249655749528873,325.3,1.91,32020035.33
2018-12-31,YUM,85348,0.012293812326415809,325.8,1.93,28706799.84
2018-12-31,OXY,34833,0.012120301359460042,317.0,1.57,46343495.88
2018-12-31,TDG,91152,0.011894975056827904,328.7,2.05,17937484.88
2018-12-31,PNC,60442,0.011452238216191167,310.3,1.3,53945196.75
2018-12-31,CHTR,12308,0.011254484639910673,304.7,1.07,64219129.38
2018-12-31,NDAQ,90601,0.01066791344223336,324.7,1.89,13472509.05
2018-12-31,INTU,78975,0.010107434946999243,305.0,1.08,51084349.25
2018-12-31,USB,66157,0.010100117680836008,294.7,0.66,73855450.1
2018-12-31,KSU,12650,0.009525602282636549,320.8,1.73,9706978.65
2018-12-31,ORLY,79103,0.009381274994964496,312.2,1.38,27217219.73
2018-12-31,KHC,15408,0.009360919775993787,300.7,0.91,52508800.0
2018-12-31,TMK,62308,0.009315743932133216,320.4,1.71,8313076.2
2018-12-31,VRSN,85753,0.009106843824359539,315.1,1.49,17800285.53
2018-12-31,MRO,15069,0.00870881672003403,315.8,1.52,11920497.84
2018-12-31,TXN,15579,0.008676623533936325,280.1,0.07,90771313.5
2018-12-31,BLK,87267,0.008556173998269632,292.5,0.57,61952429.42
2018-12-31,PEG,23712,0.008297697337023357,307.3,1.18,26308672.5
2018-12-31,STI,68144,0.00824794667823202,308.7,1.23,22661935.4
2018-12-31,ZTS,13788,0.008127541440074442,299.8,0.87,41097778.54
2018-12-31,APC,70332,0.008115327739636457,308.3,1.22,22107679.04
2018-12-31,BBT,71563,0.007866858942298912,302.0,0.96,33383258.4
2018-12-31,ZION,84129,0.007743710663032577,313.0,1.41,7640949.96
2018-12-31,HBAN,42906,0.007617195013294167,310.2,1.29,12477462.64
2018-12-31,BK,49656,0.0072609862945012295,293.1,0.6,46541733.39
2018-12-31,ZBH,89070,0.007109450963109888,303.8,1.03,21156390.72
2018-12-31,FITB,34746,0.007073124829175682,306.3,1.13,15215227.43
2018-12-31,FIS,89003,0.007068989005282576,298.0,0.8,33583894.4
2018-12-31,CINF,23473,0.006996179971517705,307.1,1.17,12603976.0
2018-12-31,CMA,25081,0.006817659443193947,306.9,1.16,11107035.62
2018-12-31,MKC,52090,0.006376022347119507,302.1,0.96,16954977.54
2018-12-31,CFG,14889,0.0062592730108080065,302.9,1.0,13911023.76
2018-12-31,SCHW,75186,0.00599595524157553,282.6,0.17,56084313.09
2018-12-31,CXO,92239,0.005934319683149855,298.3,0.81,20583697.5
2018-12-31,REGN,76614,0.005842881231709239,289.1,0.43,39999982.5
2018-12-31,ADI,60871,0.0056777148779603185,292.0,0.55,31770832.8
2018-12-31,LRCX,48486,0.005377547115877487,295.4,0.69,20964869.37
2018-12-31,CTL,60599,0.005077494543030176,296.0,0.71,16371983.85
2018-12-31,BSX,77605,0.004906820183909344,280.5,0.08,48903527.34
2018-12-31,VRSK,93089,0.004644723614732715,293.2,0.6,17879288.8
2018-12-31,MTB,35554,0.0045827303197447785,291.9,0.55,20089440.54
2018-12-31,TROW,10138,0.004348345229372694,289.9,0.47,21978530.08
2018-12-31,NTRS,58246,0.004235108965008977,291.0,0.51,18307213.08
2018-12-31,MCO,48506,0.0038968277862898226,285.5,0.29,26831662.08
2018-12-31,RF,35044,0.003741908102761652,290.6,0.49,13833180.6
2018-12-31,GPN,88873,0.0036642279094552758,289.1,0.43,16316506.69
2018-12-31,ROP,77338,0.0035970723861109624,283.7,0.21,27566429.09
2018-12-31,APA,39490,0.003487932068776329,291.1,0.51,9963030.0
2018-12-31,IQV,13911,0.003442954979583259,285.0,0.27,23007003.82
2018-12-31,KLAC,46886,0.0028787154648797107,286.5,0.33,13545564.36
2018-12-31,PAYX,61621,0.0021520959439449185,278.5,0.0,23394778.65
2018-12-31,CTAS,23660,0.0019012823410170046,279.9,0.06,17562347.61
2018-12-31,HP,32707,0.0013584109573954051,282.8,0.18,5227281.72
2018-12-31,XEC,89509,0.0009504387446362019,280.5,0.08,5894911.35
2018-12-31,URI,85663,0.0008261701145604078,278.8,0.01,8315490.59
2018-12-31,HRB,49373,0.0005204770430464984,278.7,0.01,5214245.36
2019-01-31,PFE,21936,0.04229322260416273,373.7,4.39,245381163.75
2019-01-31,FB,13407,0.03858424747342382,302.4,1.12,397644662.46
2019-01-31,GOOGL,90319,0.03699453758818909,317.4,1.81,337046433.39
2019-01-31,VZ,65875,0.03223823265732015,336.3,2.67,227507920.0
2019-01-31,JPM,47896,0.03130631571752312,290.0,0.55,344180038.5
2019-01-31,NEE,24205,0.03109454402952714,382.7,4.8,85542596.1
2019-01-31,CSX,62148,0.02903916470284733,385.3,4.92,53586891.0
2019-01-31,V,92611,0.029024736750863263,319.1,1.88,236291379.27
2019-01-31,UNP,48725,0.028976751208897495,362.0,3.85,117201192.67
2019-01-31,CME,89626,0.02861436108078436,379.3,4.64,65041878.72
2019-01-31,BAC,59408,0.024810919342026297,286.6,0.39,275284572.42
2019-01-31,NSC,64311,0.023809060210508774,365.6,4.02,44970761.2
2019-01-31,MA,91233,0.023052690302284885,300.7,1.04,215141470.0
2019-01-31,T,66093,0.0210951914085809,290.8,0.59,218896920.0
2019-01-31,ADBE,75510,0.01905738103625791,317.4,1.81,120852649.54
2019-01-31,CMCSA,89525,0.01902118185702611,301.2,1.06,165169063.26
2019-01-31,MO,13901,0.01846609520129595,325.0,2.15,92730870.75
2019-01-31,INTC,59328,0.01799335740633553,279.8,0.08,211898640.0
2019-01-31,VRTX,76744,0.016609621746828677,332.8,2.51,48807477.87
2019-01-31,MU,53613,0.016160884668766556,333.0,2.52,42846416.34
2019-01-31,DIS,26403,0.01583251729525318,286.9,0.41,166240522.08
2019-01-31,YUM,85348,0.015453686522043618,334.8,2.6,29350141.96
2019-01-31,NVDA,86580,0.014609655658825847,310.0,1.47,87687500.0
2019-01-31,COP,13928,0.014575526237004508,313.7,1.64,77054843.81
2019-01-31,EOG,75825,0.014559689934951383,320.7,1.96,57526377.6
2019-01-31,ABBV,13721,0.014352212500504828,296.9,0.87,120773502.64
2019-01-31,EW,87657,0.01386575163223096,325.6,2.18,35626130.58
2019-01-31,OXY,34833,0.01328254081997474,317.7,1.82,50420636.28
2019-01-31,AMGN,14008,0.012180595996582073,288.5,0.48,117804456.0
2019-01-31,ETFC,83862,0.012047536801663171,326.4,2.22,11501456.7
2019-01-31,MCD,43449,0.011962076985716016,280.3,0.11,137823289.8
2019-01-31,REGN,76614,0.011662553448222134,312.2,1.57,46089001.75
2019-01-31,TMK,62308,0.011112059772879572,323.1,2.07,9342590.4
2019-01-31,TDG,91152,0.011065680439392116,318.8,1.87,20662395.0
2019-01-31,INTU,78975,0.010621121173807925,304.1,1.2,55913137.45
2019-01-31,KSU,12650,0.010534974981960713,320.1,1.93,10674616.5
2019-01-31,NDAQ,90601,0.010534891297132705,318.7,1.87,14541126.6
2019-01-31,VRSN,85753,0.0101432813392319,314.9,1.69,20318662.99
2019-01-31,ORLY,79103,0.010030204467691263,311.9,1.55,27243305.04
2019-01-31,PNC,60442,0.009739441465833014,300.2,1.02,56060190.0
2019-01-31,PEG,23712,0.009622020125757398,310.0,1.47,27572297.5
2019-01-31,KHC,15408,0.009586198702057224,298.6,0.94,58633200.0
2019-01-31,TXN,15579,0.00939882169474073,284.0,0.28,96707469.24
2019-01-31,CHTR,12308,0.009008856079990106,290.3,0.56,74603439.45
2019-01-31,CINF,23473,0.008773905787998202,311.5,1.54,13206336.0
2019-01-31,BLK,87267,0.008438766649092506,291.0,0.6,65798480.01
2019-01-31,ZTS,13788,0.008224795100254008,298.9,0.96,41395658.16
2019-01-31,BK,49656,0.007698778795572465,293.4,0.71,50249488.32
2019-01-31,ZBH,89070,0.0074924578462092955,302.6,1.13,22347610.56
2019-01-31,SBUX,77702,0.0073744138765934,279.5,0.07,84738904.0
2019-01-31,MRO,15069,0.007300347279645689,305.1,1.24,13125848.04
2019-01-31,SCHW,75186,0.007234353941809149,286.7,0.4,63160686.81
2019-01-31,FIS,89003,0.006897027327899271,295.7,0.81,34232320.64
2019-01-31,USB,66157,0.006871222227866537,278.2,0.01,82265280.0
2019-01-31,ADI,60871,0.006261725117026289,292.1,0.65,36520169.18
2019-01-31,TROW,10138,0.006200832871764514,297.0,0.87,22249928.74
2019-01-31,ZION,84129,0.005989228766367325,300.9,1.05,8925694.86
2019-01-31,D,64936,0.005766024942833951,283.1,0.23,55408191.84
2019-01-31,LRCX,48486,0.005653700071665056,293.3,0.7,25876720.94
2019-01-31,CMA,25081,0.005629918632134297,298.0,0.92,12606274.0
2019-01-31,FITB,34746,0.005176242613036838,294.3,0.75,17359486.38
2019-01-31,MKC,52090,0.004947802445513919,294.1,0.74,15158634.92
2019-01-31,BSX,77605,0.004632165160348249,279.1,0.05,52792008.15
2019-01-31,STI,68144,0.004518059103779796,288.1,0.46,26554084.96
2019-01-31,CXO,92239,0.004374742665643358,288.4,0.48,23997960.0
2019-01-31,BBT,71563,0.004236582475297696,283.0,0.23,37250308.8
2019-01-31,APC,70332,0.004065968480549093,287.1,0.42,23867619.73
2019-01-31,CNP,21792,0.004013221060193085,289.9,0.55,15496825.72
2019-01-31,IQV,13911,0.00397634478129041,286.1,0.37,25549912.48
2019-01-31,CFG,14889,0.003924354823819996,289.4,0.52,15806991.36
2019-01-31,VRSK,93089,0.0037975965654780458,287.6,0.44,19251717.7
2019-01-31,HBAN,42906,0.0037398806675498345,289.3,0.52,13859804.12
2019-01-31,KLAC,46886,0.0035615855101375302,287.7,0.44,16130861.48
2019-01-31,PAYX,61621,0.003507468260594155,284.1,0.28,25423642.8
2019-01-31,HRB,49373,0.002740103235596512,288.2,0.47,4848405.52
2019-01-31,GPN,88873,0.0026886161862991567,283.3,0.24,17764155.64
2019-01-31,NTRS,58246,0.002592965124695917,282.3,0.2,19373801.52
2019-01-31,CHD,23393,0.00251178717298876,283.2,0.24,15909114.13
2019-01-31,PPL,22517,0.002421560547722669,280.4,0.11,22556664.0
2019-01-31,CTAS,23660,0.001947304671771421,279.4,0.06,19603044.39
2019-01-31,FFIV,86964,0.0007937568460642637,278.0,0.0,9567028.95
2019-02-28,MSFT,10107,0.061678082454822356,320.7,1.75,859518022.39
2019-02-28,AAPL,14593,0.05106213082239073,280.0,0.16,816450684.85
2019-02-28,FB,13407,0.034178725760092135,329.4,2.09,385144464.3
2019-02-28,JNJ,22111,0.030208957614921254,315.8,1.56,363891312.96
2019-02-28,GOOGL,90319,0.029038247843541476,318.2,1.66,337244022.97
2019-02-28,FOXA,90441,0.024303352104905106,383.3,4.2,53375565.87
2019-02-28,JPM,47896,0.02418534473752384,292.0,0.63,341699895.12
2019-02-28,BAC,59408,0.023533116536153025,307.8,1.25,280876740.8
2019-02-28,PFE,21936,0.022564930245174607,315.5,1.55,240670746.75
2019-02-28,INTC,59328,0.021862495250028136,312.7,1.44,238161120.0
2019-02-28,AMGN,14008,0.02144964092320932,348.3,2.83,118282602.24
2019-02-28,KO,11308,0.02116960322481475,323.1,1.85,193843915.6
2019-02-28,V,92611,0.02042012841750697,298.7,0.89,259236217.24
2019-02-28,VRTX,76744,0.020172104812069214,363.8,3.44,48255258.75
2019-02-28,NEE,24205,0.019713495662425633,348.4,2.84,89761696.96
2019-02-28,REGN,76614,0.019148272496390596,359.2,3.26,46246829.77
2019-02-28,MA,91233,0.018534571267907706,298.9,0.9,227970275.26
2019-02-28,CSX,62148,0.018012699245606882,349.3,2.87,59271832.1
2019-02-28,UNP,48725,0.01695376888299052,324.4,1.9,121226640.6
2019-02-28,COP,13928,0.015305658597908271,329.9,2.11,76969311.4
2019-02-28,CME,89626,0.014182753602532508,327.9,2.04,65086124.63
2019-02-28,MRK,22752,0.013953918257661353,281.2,0.21,209827373.8
2019-02-28,MRO,15069,0.013928387141961793,342.8,2.62,13587166.4
2019-02-28,NSC,64311,0.013832662281236361,331.5,2.18,47954681.5
2019-02-28,WAT,82651,0.013669040123567414,340.3,2.52,17321636.64
2019-02-28,OXY,34833,0.01344363018384109,329.0,2.08,49582467.9
2019-02-28,ADBE,75510,0.013383160957585676,303.9,1.1,128392687.5
2019-02-28,BIIB,76841,0.012817334732373882,321.1,1.77,64522521.06
2019-02-28,MU,53613,0.012724570061640038,326.7,1.99,45213280.0
2019-02-28,NVDA,86580,0.012447378226754981,310.1,1.34,93481553.94
2019-02-28,SYK,73139,0.01226978237760433,316.5,1.59,70251075.42
2019-02-28,PEP,13856,0.012249982313497568,287.4,0.45,162437889.04
2019-02-28,KMI,12558,0.012043686656691099,323.8,1.87,43371648.96
2019-02-28,COG,76082,0.01165925883127289,332.2,2.2,10423295.54
2019-02-28,CELG,11552,0.011108473579121871,314.3,1.5,58379830.72
2019-02-28,BSX,77605,0.011094201312956097,315.1,1.53,55604795.44
2019-02-28,EOG,75825,0.011047298688191832,315.2,1.54,54524982.0
2019-02-28,ETFC,83862,0.010840667475758304,327.5,2.02,12066824.88
2019-02-28,CTXS,82686,0.010579873655606085,325.6,1.95,13870401.5
2019-02-28,KLAC,46886,0.010508597694785661,324.1,1.89,17481028.36
2019-02-28,NKTR,80539,0.010473632299836768,327.2,2.01,7058176.16
2019-02-28,SIVB,11786,0.010370444324299666,324.8,1.91,13011491.04
2019-02-28,TXN,15579,0.010280293834205425,297.2,0.83,99287012.04
2019-02-28,MO,13901,0.010235344479193342,297.3,0.84,98238928.71
2019-02-28,MCD,43449,0.010226637106786242,283.9,0.31,140695877.28
2019-02-28,MCO,48506,0.009217496793908684,312.6,1.44,33065920.0
2019-02-28,LRCX,48486,0.008699102892000734,311.9,1.41,26870101.37
2019-02-28,GILD,77274,0.008371130808330952,292.6,0.65,82896728.84
2019-02-28,VRSN,85753,0.008317940154231488,311.7,1.4,21314057.4
2019-02-28,CXO,92239,0.007953229358695897,309.6,1.32,22065340.0
2019-02-28,ZTS,13788,0.007552160190408502,300.3,0.95,45114685.56
2019-02-28,HON,10145,0.0075411487716180005,279.1,0.13,112330287.31
2019-02-28,CMA,25081,0.007369259942157355,309.2,1.3,13850577.11
2019-02-28,INTU,78975,0.007248529606164012,292.8,0.66,64024710.49
2019-02-28,ZION,84129,0.006930489605746737,308.3,1.27,9584009.4
2019-02-28,AXP,59176,0.006806827967917003,282.1,0.24,90864576.06
2019-02-28,YUM,85348,0.00644004049051868,299.7,0.93,28956123.0
2019-02-28,SPGI,17478,0.006432318499632087,293.1,0.67,49811982.0
2019-02-28,SCHW,75186,0.006201801694298223,288.3,0.49,61326452.94
2019-02-28,ICE,90993,0.005831064198003928,291.9,0.63,43859620.7
2019-02-28,BAX,27887,0.005586788529144439,292.4,0.65,38301964.74
2019-02-28,USB,66157,0.005562811386583918,278.3,0.09,82736151.18
2019-02-28,GS,86868,0.005437742950032153,280.9,0.2,72439102.4
2019-02-28,ADI,60871,0.005106121057005197,289.6,0.54,39394865.44
2019-02-28,AES,76712,0.00492954207621007,297.5,0.85,11412428.34
2019-02-28,EBAY,86356,0.004812406663214781,289.8,0.54,33987792.0
2019-02-28,ISRG,88352,0.004720509884219127,280.3,0.17,62695320.15
2019-02-28,TDG,91152,0.004622911760430409,292.3,0.64,22962058.73
2019-02-28,XEC,89509,0.004396481247159781,296.2,0.79,6885742.05
2019-02-28,BBT,71563,0.004235616766540781,285.3,0.37,38923495.35
2019-02-28,MTB,35554,0.003824106468478453,287.9,0.47,23973309.56
2019-02-28,XLNX,76201,0.003498724861415845,283.8,0.31,31721449.2
2019-02-28,NDAQ,90601,0.0034177695644148354,288.6,0.5,15147234.69
2019-02-28,ATVI,79678,0.0031556230717891256,281.9,0.23,32187964.76
2019-02-28,CTAS,23660,0.0019998938627961145,279.3,0.13,21678952.25
2019-02-28,FITB,34746,0.0019295630812854415,279.8,0.15,18946963.56
2019-02-28,STI,68144,0.0017700608161759475,275.9,0.0,28753951.85
2019-02-28,PPL,22517,0.0016234014996180184,276.9,0.04,23192543.29
2019-02-28,KSU,12650,0.001614410079756435,280.7,0.19,10966338.88
2019-02-28,BEN,37584,0.00151204488907428,278.4,0.1,16615121.1
2019-02-28,CFG,14889,0.0013600313616706583,277.5,0.06,17006806.6
2019-02-28,MKC,52090,0.0011045600500070361,276.3,0.02,16671555.94
2019-03-31,MSFT,10107,0.06847817505935083,327.4,2.2,904128040.0
2019-03-31,AAPL,14593,0.05778404511465473,284.6,0.17,895667436.0
2019-03-31,FB,13407,0.03729909406540628,330.9,2.36,400735761.82
2019-03-31,GOOGL,90319,0.03135508910373635,318.8,1.79,352412652.15
2019-03-31,JNJ,22111,0.031143942471654865,312.6,1.49,372228871.25
2019-03-31,AMGN,14008,0.02517171733763886,355.9,3.55,116723712.0
2019-03-31,BAC,59408,0.02448009206429405,313.0,1.51,265938547.73
2019-03-31,V,92611,0.02402657257897167,309.1,1.33,273360145.63
2019-03-31,PFE,21936,0.023416959102522564,316.6,1.68,235785158.35
2019-03-31,JPM,47896,0.023283096605748142,290.4,0.44,331451517.66
2019-03-31,INTC,59328,0.02261980655337811,312.0,1.47,240414900.0
2019-03-31,VRTX,76744,0.021103984330791,357.4,3.62,47155766.45
2019-03-31,CSX,62148,0.020365300372174988,350.7,3.3,60541650.48
2019-03-31,MA,91233,0.019859586056699827,300.8,0.93,238802337.1
2019-03-31,REGN,76614,0.019469327228617498,351.3,3.33,44212276.64
2019-03-31,NEE,24205,0.0193088022170447,337.7,2.69,92439442.54
2019-03-31,KO,11308,0.017888057969314457,302.8,1.03,200334044.46
2019-03-31,UNP,48725,0.017224729059178344,321.3,1.91,120865201.6
2019-03-31,WAT,82651,0.01635507741728389,345.2,3.04,18000286.24
2019-03-31,NSC,64311,0.015841956119953066,334.5,2.53,49860383.1
2019-03-31,KMI,12558,0.015266950016574595,333.3,2.48,45295756.56
2019-03-31,BIIB,76841,0.014470550362959807,329.8,2.31,45832427.34
2019-03-31,CME,89626,0.01382119179951514,323.6,2.02,58757199.54
2019-03-31,KLAC,46886,0.013779981402870269,334.0,2.51,19299044.2
2019-03-31,SYK,73139,0.013228693867335424,317.1,1.71,73695699.6
2019-03-31,MU,53613,0.013040875516213411,323.8,2.03,45739373.71
2019-03-31,SIVB,11786,0.01288920043053173,332.3,2.43,11634319.92
2019-03-31,ADBE,75510,0.01270595770808571,299.8,0.89,130034057.11
2019-03-31,OXY,34833,0.012355168493432675,319.9,1.84,49509523.6
2019-03-31,MSCI,92402,0.011862992719433339,326.6,2.16,16766785.32
2019-03-31,MRO,15069,0.011856367279569327,327.4,2.2,13677201.84
2019-03-31,COP,13928,0.011672006583056584,310.0,1.37,75710122.96
2019-03-31,MCO,48506,0.011642157908493845,321.0,1.89,34191602.9
2019-03-31,NKTR,80539,0.011263993784797852,327.0,2.18,5854060.8
2019-03-31,A,87432,0.011185790073168453,321.4,1.91,25521936.08
2019-03-31,TXN,15579,0.011125289618465685,301.3,0.96,99578409.93
2019-03-31,BSX,77605,0.011034348173241835,313.3,1.53,53367390.0
2019-03-31,COG,76082,0.010265543815843815,321.4,1.91,11049878.7
2019-03-31,CTXS,82686,0.0098292746492578,319.0,1.8,13145154.0
2019-03-31,MO,13901,0.009763839073817034,293.4,0.58,107648572.33
2019-03-31,CMA,25081,0.009753372917973149,319.1,1.8,11578327.8
2019-03-31,ETFC,83862,0.009644506631276794,318.7,1.78,11358960.21
2019-03-31,ZION,84129,0.009591601427781527,319.3,1.81,8287915.33
2019-03-31,MCD,43449,0.009336366508039885,281.5,0.02,145333690.65
2019-03-31,SNPS,77357,0.008807969125921156,313.6,1.54,17235191.4
2019-03-31,HON,10145,0.008499456613786519,285.9,0.23,115752560.4
2019-03-31,VRSN,85753,0.00823613575986979,310.0,1.37,21676629.96
2019-03-31,ADI,60871,0.0074486046679942425,302.1,1.0,38772414.78
2019-03-31,ZTS,13788,0.007264888652892966,298.8,0.84,48197977.24
2019-03-31,NVDA,86580,0.007037848406257162,281.6,0.02,108813360.0
2019-03-31,AXP,59176,0.00694469822233461,285.8,0.22,91675156.4
2019-03-31,COO,65541,0.0069333625382421975,306.4,1.2,14623098.07
2019-03-31,EBAY,86356,0.006767206752768945,300.9,0.94,32534640.0
2019-03-31,EOG,75825,0.0065717564616687525,294.0,0.61,55209920.44
2019-03-31,LRCX,48486,0.006333342767046844,300.6,0.93,26831091.36
2019-03-31,CELG,11552,0.006221266455576152,289.5,0.4,66490832.0
2019-03-31,CXO,92239,0.006137461435718429,301.0,0.94,22257910.24
2019-03-31,BAX,27887,0.005774907503463767,294.3,0.63,41558923.27
2019-03-31,USB,66157,0.005734192574959526,284.6,0.17,77116481.21
2019-03-31,NTAP,82598,0.005668710874901289,300.4,0.92,17125246.5
2019-03-31,SPGI,17478,0.005620104547241295,290.9,0.47,51812354.55
2019-03-31,INTU,78975,0.004709835403269051,282.8,0.08,67724272.93
2019-03-31,GS,86868,0.004477524096354304,281.1,0.0,70414832.04
2019-03-31,BBT,71563,0.004443066839070468,290.3,0.44,35540963.37
2019-03-31,AES,76712,0.004392126589993718,296.4,0.73,11976264.32
2019-03-31,ISRG,88352,0.004258122252471993,281.4,0.01,65844934.31
2019-03-31,SCHW,75186,0.004169931566314974,283.4,0.11,56994547.44
2019-03-31,ICE,90993,0.0040915601704973785,286.8,0.27,43074149.22
2019-03-31,MTB,35554,0.003589296153701842,290.4,0.44,21741146.22
2019-03-31,PAYX,61621,0.0035397805565788192,288.3,0.34,28799098.2
2019-03-31,TDG,91152,0.0034491154178712224,289.2,0.38,24014708.5
2019-03-31,CTAS,23660,0.0027914053042327933,287.2,0.29,21134844.81
2019-03-31,HRB,49373,0.0027773180863173057,291.5,0.49,4866834.42
2019-03-31,XEC,89509,0.002657614849298807,290.4,0.44,7089258.0
2019-03-31,CFG,14889,0.0026124942845401167,288.1,0.33,14962675.0
2019-03-31,STI,68144,0.002476793420268598,284.5,0.16,26262858.75
2019-03-31,YUM,85348,0.0023718444801972705,282.9,0.09,30583181.34
2019-03-31,XLNX,76201,0.0022605082811817125,282.0,0.04,32190839.89
2019-03-31,BEN,37584,0.0019516741866303243,284.8,0.18,16885161.4
2019-03-31,GLW,22293,0.0018662581494413063,282.0,0.04,25990748.9
2019-03-31,KEY,64995,0.0016510000619233969,283.8,0.13,15888411.0
2019-03-31,FITB,34746,0.0015993848990510818,282.6,0.07,19554780.96
2019-04-30,MSFT,10107,0.06744478092573705,326.7,2.05,1000764107.43
2019-04-30,AAPL,14593,0.05697758488683209,297.3,0.84,923297720.25
2019-04-30,FB,13407,0.03632119006092677,324.4,1.95,464651792.17
2019-04-30,GOOGL,90319,0.03089756343140205,327.4,2.07,359011774.58
2019-04-30,JNJ,22111,0.029772998587989666,317.2,1.66,375983406.4
2019-04-30,JPM,47896,0.023664815999628386,287.2,0.42,376914733.25
2019-04-30,BAC,59408,0.022333296604664925,304.7,1.14,290760847.74
2019-04-30,V,92611,0.021872932543639714,303.8,1.1,285941779.45
2019-04-30,AMGN,14008,0.021800577862842417,352.6,3.11,109373729.62
2019-04-30,INTC,59328,0.021669869038942094,318.8,1.72,228506080.0
2019-04-30,ORCL,10104,0.021326874717452697,328.1,2.1,189098795.82
2019-04-30,VRTX,76744,0.02071224537941679,365.7,3.65,43279326.58
2019-04-30,REGN,76614,0.020248570503697744,365.2,3.63,36965443.86
2019-04-30,MA,91233,0.01975195628745909,301.6,1.01,256747324.98
2019-04-30,NEE,24205,0.01871503672762029,342.1,2.68,93124121.4
2019-04-30,PFE,21936,0.018661389041144873,305.0,1.15,225458801.05
2019-04-30,KO,11308,0.018394507631734093,308.2,1.29,209295601.9
2019-04-30,CSX,62148,0.01750601751325824,344.2,2.76,64433729.32
2019-04-30,WAT,82651,0.016986261434672457,355.4,3.22,15109449.07
2019-04-30,MO,13901,0.01601891586544416,326.6,2.04,101647083.6
2019-04-30,KLAC,46886,0.01592431047068217,348.7,2.95,20603317.6
2019-04-30,UNP,48725,0.015462077557144172,317.3,1.66,125315632.44
2019-04-30,PEP,13856,0.015315136559992443,301.5,1.01,179503307.1
2019-04-30,MU,53613,0.015271644161868794,338.3,2.52,46547255.22
2019-04-30,NSC,64311,0.014151858322494128,330.7,2.21,54262587.34
2019-04-30,KMI,12558,0.013539024218422829,330.3,2.19,44980573.41
2019-04-30,CMCSA,89525,0.01299759440518052,285.3,0.35,197162474.91
2019-04-30,MCO,48506,0.012482566970268685,327.3,2.07,37279152.0
2019-04-30,MRK,22752,0.012466148542336804,281.0,0.17,203313833.25
2019-04-30,SYK,73139,0.012244987582949833,316.9,1.64,70483265.55
2019-04-30,COG,76082,0.01194304515982564,332.0,2.26,10958874.54
2019-04-30,MSCI,92402,0.011889598677405157,329.5,2.16,19004717.74
2019-04-30,TXN,15579,0.011496021469829445,302.1,1.04,110548812.98
2019-04-30,A,87432,0.01105740844236323,323.8,1.93,24925006.0
2019-04-30,CELG,11552,0.01104628310243707,312.1,1.45,66759911.6
2019-04-30,NKTR,80539,0.01077295627942046,327.8,2.09,5580669.74
2019-04-30,SNPS,77357,0.010691159770530815,323.9,1.93,18159820.56
2019-04-30,CME,89626,0.010541697473873478,310.4,1.38,64041187.22
2019-04-30,HON,10145,0.010181758489712794,291.3,0.59,126357843.46
2019-04-30,ADBE,75510,0.010061600004182122,286.6,0.4,141139826.75
2019-04-30,LRCX,48486,0.010054900832865416,317.2,1.66,31099356.11
2019-04-30,BSX,77605,0.009708370260573664,309.8,1.35,51621039.36
2019-04-30,ZTS,13788,0.009259339461801096,308.4,1.29,48796330.48
2019-04-30,NVDA,86580,0.008972088786428004,289.9,0.53,110229000.0
2019-04-30,EBAY,86356,0.008872709050167077,310.7,1.39,33771671.25
2019-04-30,VRSN,85753,0.008164085560568869,310.1,1.36,23532683.35
2019-04-30,ADI,60871,0.007869800445990713,303.3,1.08,42812819.36
2019-04-30,MRO,15069,0.007802152559599898,311.0,1.4,13969170.48
2019-04-30,COO,65541,0.007554901454545277,309.7,1.35,14314510.57
2019-04-30,SPGI,17478,0.007499666860928362,298.3,0.88,54300233.46
2019-04-30,ETFC,83862,0.007363006529064845,309.3,1.33,12395032.86
2019-04-30,GILD,77274,0.007357204480527579,289.7,0.53,82701937.2
2019-04-30,CMA,25081,0.00687464924758107,307.0,1.24,12115512.99
2019-04-30,BMY,19393,0.006786093834281067,288.8,0.49,75945829.58
2019-04-30,COP,13928,0.006727957011339417,289.8,0.53,71336709.12
2019-04-30,OXY,34833,0.006707393676333216,297.3,0.84,44035056.64
2019-04-30,CXO,92239,0.006498865885044414,302.1,1.04,23144881.86
2019-04-30,BAX,27887,0.006193503328524558,296.2,0.79,38998227.1
2019-04-30,GS,86868,0.005817214682974196,284.2,0.3,75523836.96
2019-04-30,ZION,84129,0.005628883659029376,301.8,1.02,9005931.45
2019-04-30,INTU,78975,0.005282039389168067,284.5,0.31,65085547.58
2019-04-30,SIVB,11786,0.005246596218559473,298.8,0.9,13096236.44
2019-04-30,NTAP,82598,0.004942929707608128,296.1,0.79,17484000.0
2019-04-30,EOG,75825,0.004848961890519536,285.0,0.33,55714570.9
2019-04-30,CTXS,82686,0.004807358303546491,296.6,0.81,13316624.0
2019-04-30,AES,76712,0.004591678429393351,296.1,0.79,11340356.48
2019-04-30,BEN,37584,0.004413084229320641,293.5,0.68,17556500.4
2019-04-30,BIIB,76841,0.004369123549004711,285.8,0.37,44448033.26
2019-04-30,ISRG,88352,0.0041714398506036325,280.8,0.16,58951722.87
2019-04-30,YUM,85348,0.0037973610573654257,286.5,0.39,31932901.0
2019-04-30,TDG,91152,0.0036979314478972816,287.8,0.45,25523859.91
2019-04-30,ICE,90993,0.0035964872074273433,281.6,0.19,46021566.05
2019-04-30,XLNX,76201,0.003428244371266392,285.1,0.34,30505948.8
2019-04-30,COF,81055,0.0031701033013169675,280.2,0.14,43592968.0
2019-04-30,XEC,89509,0.0030064633402373643,289.6,0.52,6963497.2
2019-04-30,PAYX,61621,0.0029426618889031165,282.8,0.24,30274962.21
2019-04-30,ATVI,79678,0.0029328814255016435,280.9,0.16,36929197.47
2019-04-30,BBT,71563,0.0022420499106897123,276.9,0.0,39215104.0
2019-04-30,MTB,35554,0.0022322570845658063,281.3,0.18,23237855.96
2019-04-30,GLW,22293,0.0016352364530715297,277.9,0.04,25009225.15
2019-04-30,HRB,49373,0.0013637019910290903,282.0,0.21,5531602.53
2019-04-30,CFG,14889,0.0009543586394100548,276.9,0.0,16692435.4
2019-05-31,MSFT,10107,0.06837869451360673,335.5,2.34,947737330.24
2019-05-31,AAPL,14593,0.05009692062823923,289.5,0.38,805510246.26
2019-05-31,JNJ,22111,0.03175082601956592,331.9,2.18,348210567.85
2019-05-31,FB,13407,0.029500045628042395,299.3,0.8,426379306.21
2019-05-31,GOOG,14542,0.02715616065573936,300.1,0.83,384354598.32
2019-05-31,GOOGL,90319,0.02702246703290075,314.4,1.44,331325934.0
2019-05-31,JPM,47896,0.026213466099546327,307.1,1.13,343731379.08
2019-05-31,V,92611,0.025472505455518577,321.4,1.74,280550934.04
2019-05-31,MRK,22752,0.0241829749698578,336.9,2.4,203937551.24
2019-05-31,BAC,59408,0.02282090917222177,316.7,1.54,252918199.8
2019-05-31,ORCL,10104,0.021329698236876506,332.2,2.2,172933292.4
2019-05-31,MA,91233,0.02131151175257316,309.3,1.22,253970204.48
2019-05-31,CSX,62148,0.020220258135414726,358.7,3.32,60258443.08
2019-05-31,VRTX,76744,0.01941666173542262,359.9,3.37,42562185.22
2019-05-31,TWTR,14295,0.019162285171263123,362.8,3.5,28008913.64
2019-05-31,PFE,21936,0.018782081529758604,304.0,1.0,230510943.6
2019-05-31,KO,11308,0.0181258040344474,306.8,1.12,209594229.95
2019-05-31,CELG,11552,0.017895259095916837,346.1,2.79,66146335.4
2019-05-31,AMGN,14008,0.017662129124973662,335.0,2.32,101676331.2
2019-05-31,DIS,26403,0.016658349058134583,292.0,0.49,237632237.96
2019-05-31,PEP,13856,0.015705427101993824,303.9,0.99,179433216.0
2019-05-31,UNP,48725,0.014944681223923548,317.6,1.58,118053221.64
2019-05-31,REGN,76614,0.014629167455580417,340.2,2.54,32503390.44
2019-05-31,MSCI,92402,0.014181749769215478,342.0,2.61,18630225.94
2019-05-31,NSC,64311,0.013643482692648534,330.1,2.11,51900800.38
2019-05-31,A,87432,0.013293577148713475,337.1,2.41,21187330.65
2019-05-31,HON,10145,0.013017201398491688,308.1,1.17,119575288.02
2019-05-31,COG,76082,0.012744685362027853,337.5,2.42,10590615.72
2019-05-31,KLAC,46886,0.012151494366439825,333.0,2.23,16658173.4
2019-05-31,FLT,12449,0.01191265620508245,330.3,2.12,22255893.67
2019-05-31,LRCX,48486,0.011807354243487255,328.7,2.05,26178753.47
2019-05-31,MU,53613,0.011736257710025946,325.6,1.92,36001440.0
2019-05-31,WAT,82651,0.011734183520205548,331.8,2.18,13944327.94
2019-05-31,MO,13901,0.011206226641168143,307.4,1.14,91787335.2
2019-05-31,NKTR,80539,0.011056638010703402,331.0,2.15,5459295.24
2019-05-31,CME,89626,0.011019441298235119,313.0,1.38,68773580.64
2019-05-31,SNPS,77357,0.01064803468254173,325.7,1.92,17454239.56
2019-05-31,EBAY,86356,0.010074760655318545,319.1,1.64,31313965.11
2019-05-31,TXN,15579,0.009508717981969802,297.7,0.73,97864267.86
2019-05-31,ADBE,75510,0.009154866951019443,286.5,0.25,131731350.84
2019-05-31,MCO,48506,0.008915906259546608,312.7,1.37,34674048.0
2019-05-31,SYK,73139,0.008849151903984775,302.9,0.95,68367763.93
2019-05-31,KMI,12558,0.00882084252927347,309.3,1.22,45161672.85
2019-05-31,ADI,60871,0.008575145553781471,310.8,1.29,35726307.82
2019-05-31,GILD,77274,0.00832576768206042,297.4,0.72,79154298.75
2019-05-31,VRSN,85753,0.008316824628003882,313.1,1.39,23238301.34
2019-05-31,CMA,25081,0.008305045106737843,316.6,1.53,10609360.02
2019-05-31,XLNX,76201,0.007907239946708998,310.4,1.27,25981624.5
2019-05-31,ZTS,13788,0.00782278325031859,303.7,0.99,48368188.8
2019-05-31,ORLY,79103,0.007815746968500098,309.1,1.22,29069729.49
2019-05-31,NVDA,86580,0.00720825796488944,291.2,0.45,82495146.09
2019-05-31,NEE,24205,0.007187162474254124,287.6,0.3,94929711.14
2019-05-31,SIVB,11786,0.007022341740461101,310.6,1.28,10478237.28
2019-05-31,MTB,35554,0.006764989953722554,306.2,1.09,21804872.57
2019-05-31,AXP,59176,0.006750055753567277,285.3,0.2,95792141.51
2019-05-31,SPGI,17478,0.006654234073147657,297.0,0.7,52631804.28
2019-05-31,NTAP,82598,0.006586774007875303,307.5,1.15,14208000.0
2019-05-31,BMY,19393,0.006585334831757734,290.6,0.43,74212843.25
2019-05-31,ETFC,83862,0.006392558067150962,307.5,1.15,10961260.8
2019-05-31,ICE,90993,0.006257536145057689,296.9,0.7,46355341.65
2019-05-31,GS,86868,0.006224622987815004,291.0,0.45,66761962.77
2019-05-31,USB,66157,0.005949427903503792,286.0,0.23,79921512.4
2019-05-31,ZION,84129,0.005824770451331311,305.7,1.07,7863074.55
2019-05-31,COO,65541,0.0056410275646988015,302.9,0.95,14737032.01
2019-05-31,FITB,34746,0.005604908269346863,301.4,0.89,19461229.0
2019-05-31,BEN,37584,0.004663199882359921,297.9,0.74,16150559.2
2019-05-31,HRB,49373,0.004505008907125211,300.2,0.84,5336441.25
2019-05-31,COF,81055,0.004324439280914598,289.5,0.38,40324294.39
2019-05-31,TDG,91152,0.0039737006583176575,292.6,0.51,23449721.53
2019-05-31,DFS,92121,0.003972137845664437,292.4,0.51,24133996.95
2019-05-31,YUM,85348,0.003828101906254494,289.7,0.39,31316541.25
2019-05-31,SCHW,75186,0.003556640402223748,281.6,0.05,55549724.49
2019-05-31,ATVI,79678,0.0031134087201564304,285.8,0.23,33221723.59
2019-05-31,FAST,11618,0.003045110814734889,289.9,0.4,17516751.7
2019-05-31,CFG,14889,0.0027418345961002094,289.2,0.37,14933238.48
2019-05-31,BBT,71563,0.0021419162887153635,280.5,0.0,35806760.0
2019-05-31,NDAQ,90601,0.002003326529283395,285.7,0.22,15019501.2
2019-05-31,PAYX,61621,0.0019926081179823187,281.2,0.03,30824347.0
2019-05-31,KEY,64995,0.00189812142417031,284.9,0.19,16102375.33
2019-05-31,ANSS,83621,0.0018360714556392133,284.9,0.19,15065076.0
2019-05-31,APH,84769,0.00170340453100183,281.2,0.03,25989684.0
2019-05-31,HBAN,42906,0.001620507762276826,284.4,0.17,13237466.0
2019-05-31,CTXS,82686,0.0014423923907713188,283.8,0.14,12391086.24
2019-06-30,MSFT,10107,0.07407589048032848,331.4,2.34,1023856356.43
2019-06-30,JNJ,22111,0.032672854916783595,324.7,2.03,369796199.68
2019-06-30,FB,13407,0.03150542851837495,294.8,0.64,464551000.0
2019-06-30,JPM,47896,0.027991362341533085,306.4,1.18,362676181.4
2019-06-30,V,92611,0.0275554629731704,320.5,1.83,301801367.4
2019-06-30,MRK,22752,0.02615094595539039,337.0,2.6,215883899.4
2019-06-30,GOOGL,90319,0.026118803678310508,308.4,1.27,324320270.98
2019-06-30,GOOG,14542,0.025447498893887043,291.9,0.51,376165337.72
2019-06-30,BAC,59408,0.023507151142361536,309.9,1.34,275737887.0
2019-06-30,ORCL,10104,0.023392745089542408,331.9,2.36,190041608.43
2019-06-30,PFE,21936,0.022567579496413182,315.1,1.58,240504192.6
2019-06-30,MA,91233,0.022263703306006955,306.8,1.2,267138794.86
2019-06-30,CSX,62148,0.02084604560933337,354.6,3.42,61754877.12
2019-06-30,CELG,11552,0.02016858107128148,350.7,3.24,65493740.0
2019-06-30,KO,11308,0.020081929896131827,310.5,1.37,217230575.8
2019-06-30,VRTX,76744,0.019370995767139167,352.1,3.3,47068327.98
2019-06-30,AMGN,14008,0.018644118481347383,332.2,2.38,110954988.0
2019-06-30,DIS,26403,0.01623923236832865,285.0,0.19,251309968.36
2019-06-30,CME,89626,0.01573647629985691,330.6,2.3,69325027.73
2019-06-30,MSCI,92402,0.014717821113349575,339.1,2.7,20220497.56
2019-06-30,UNP,48725,0.014697220447830232,312.9,1.48,119702484.18
2019-06-30,PEP,13856,0.014402938416945467,294.9,0.65,183450870.0
2019-06-30,NSC,64311,0.014301799508198706,328.7,2.21,53015202.11
2019-06-30,HON,10145,0.013984676412429203,307.9,1.25,127056475.78
2019-06-30,LRCX,48486,0.013769311092509553,333.2,2.42,27130294.72
2019-06-30,INTC,59328,0.013314357390006817,282.7,0.08,212064100.0
2019-06-30,NKTR,80539,0.012983140326623519,335.3,2.52,6225290.28
2019-06-30,COG,76082,0.012894218883489211,334.0,2.46,9718646.56
2019-06-30,MU,53613,0.012831391060388829,325.1,2.05,42595757.77
2019-06-30,WAT,82651,0.012540029606466647,331.1,2.33,14953799.69
2019-06-30,EBAY,86356,0.012448252247788739,325.9,2.08,33259000.0
2019-06-30,TWTR,14295,0.012427666528494481,327.5,2.16,26825221.9
2019-06-30,FLT,12449,0.011687884199608133,325.0,2.04,24207304.91
2019-06-30,SYK,73139,0.011009790583052511,308.3,1.27,76702925.9
2019-06-30,KLAC,46886,0.0109204737662567,323.1,1.95,18849945.0
2019-06-30,MO,13901,0.010875051458255135,304.6,1.1,88588062.0
2019-06-30,SNPS,77357,0.010715198712265131,322.1,1.91,19290502.31
2019-06-30,COO,65541,0.010602093355863632,322.3,1.92,16672012.81
2019-06-30,ADBE,75510,0.010130122599562192,287.1,0.28,143034596.5
2019-06-30,NVDA,86580,0.010039327378529441,298.0,0.79,100016070.0
2019-06-30,A,87432,0.009213379491912992,314.5,1.56,23595197.31
2019-06-30,TXN,15579,0.00908739461942369,292.0,0.51,107250679.4
2019-06-30,GILD,77274,0.009042653772179268,297.5,0.77,85561699.8
2019-06-30,REGN,76614,0.00899726331274621,310.9,1.39,33763623.0
2019-06-30,CMA,25081,0.008875917964018185,316.3,1.64,11198255.04
2019-06-30,MCO,48506,0.008801714495047679,309.2,1.31,37030776.0
2019-06-30,MTB,35554,0.008541530059848942,311.7,1.43,23235304.91
2019-06-30,NEE,24205,0.008368310122631253,291.3,0.48,98114624.1
2019-06-30,VRSN,85753,0.008358044528614581,310.5,1.37,24795499.68
2019-06-30,FITB,34746,0.007951479454803219,309.9,1.34,20408124.6
2019-06-30,ZTS,13788,0.007928644530635983,300.9,0.92,54322669.44
2019-06-30,XLNX,76201,0.007756906547588326,306.6,1.19,29787181.6
2019-06-30,KMI,12558,0.007730898685092694,301.9,0.97,47266953.84
2019-06-30,ICE,90993,0.007710649601884233,301.5,0.95,48458558.1
2019-06-30,ORLY,79103,0.0076677122040791235,306.6,1.19,28323151.57
2019-06-30,AXP,59176,0.0074175423610051,285.9,0.23,103082398.64
2019-06-30,SIVB,11786,0.007297597242175858,309.4,1.32,11580309.58
2019-06-30,BMY,19393,0.007281513362058903,292.9,0.55,74180128.75
2019-06-30,ETFC,83862,0.007244249848394775,309.4,1.32,10704669.0
2019-06-30,SPGI,17478,0.007221767638748789,297.4,0.76,56054788.53
2019-06-30,GS,86868,0.006440325989923914,289.1,0.38,74850663.06
2019-06-30,BEN,37584,0.00627549050728279,303.4,1.04,17663088.0
2019-06-30,ZION,84129,0.006159262435009925,305.4,1.13,8135471.3
2019-06-30,USB,66157,0.006034187638785749,285.1,0.19,83424048.8
2019-06-30,SCHW,75186,0.005682810072195271,291.4,0.48,53654011.71
2019-06-30,COF,81055,0.005102887624209847,291.8,0.5,42611231.78
2019-06-30,YUM,85348,0.004918039435278803,293.3,0.57,33862253.25
2019-06-30,DFS,92121,0.004710275688095338,294.7,0.64,25118133.11
2019-06-30,PNC,60442,0.00447200504296328,284.0,0.14,61973408.64
2019-06-30,NDAQ,90601,0.00387046559705993,293.5,0.58,15905460.13
2019-06-30,CFG,14889,0.0037960188881681354,293.1,0.56,16207468.16
2019-06-30,BBT,71563,0.003360462934349888,285.6,0.21,37632744.79
2019-06-30,ATVI,79678,0.0032032289539801967,285.3,0.2,36194895.2
2019-06-30,FAST,11618,0.002647235207250035,287.5,0.3,18687008.23
2019-06-30,TMK,62308,0.002363283461195764,288.6,0.35,9835321.86
2019-06-30,PAYX,61621,0.0022889962213313506,283.1,0.1,29570582.34
2019-06-30,CTXS,82686,0.002080013333084378,286.6,0.26,12805601.62
2019-06-30,KEY,64995,0.0020188240189485526,285.0,0.19,17897129.75
2019-06-30,TDG,91152,0.0020084976727292956,282.9,0.09,25728483.47
2019-06-30,TROW,10138,0.0018295188555640328,282.1,0.05,25838679.78
2019-06-30,CPRT,80320,0.0017396007287481838,284.0,0.14,17123905.62
2019-06-30,HBAN,42906,0.0008738284775204151,281.0,0.0,14342962.62
2019-07-31,MSFT,10107,0.06957842488437563,332.7,2.39,1040477184.43
2019-07-31,AAPL,14593,0.05468202343214176,286.8,0.27,962766062.01
2019-07-31,FB,13407,0.034865112697885586,319.9,1.8,467263578.29
2019-07-31,JNJ,22111,0.02707130384177869,315.8,1.61,343672196.52
2019-07-31,V,92611,0.026976714631422597,324.1,1.99,307400838.0
2019-07-31,ORCL,10104,0.024503590685180317,342.1,2.82,187806609.7
2019-07-31,MRK,22752,0.024390665545170127,335.4,2.51,213669705.56
2019-07-31,JPM,47896,0.0234569107454936,292.3,0.52,376300868.0
2019-07-31,GOOGL,90319,0.022547783462417356,291.1,0.47,364889867.42
2019-07-31,MA,91233,0.0218238131243436,310.0,1.34,273117021.94
2019-07-31,BAC,59408,0.020876063675025005,302.9,1.01,285578674.68
2019-07-31,VRTX,76744,0.019770239186447193,356.4,3.48,42827171.7
2019-07-31,TWTR,14295,0.01964787343802655,358.3,3.57,32706391.58
2019-07-31,PFE,21936,0.018015777941559733,307.3,1.21,215632106.2
2019-07-31,AMGN,14008,0.017805494035031903,331.3,2.32,111892212.58
2019-07-31,KO,11308,0.017637582013108537,303.4,1.03,225047301.01
2019-07-31,EBAY,86356,0.017304171642801312,347.7,3.08,34548689.16
2019-07-31,CSX,62148,0.017257372959467387,342.3,2.83,56191590.4
2019-07-31,CME,89626,0.016640082540588907,336.4,2.56,69620246.64
2019-07-31,MSCI,92402,0.016063855241415598,346.0,3.0,19242456.81
2019-07-31,SYK,73139,0.015111952212135522,327.7,2.16,78269966.9
2019-07-31,INTC,59328,0.014830304679539242,291.5,0.48,223936500.0
2019-07-31,DIS,26403,0.014260316560339787,281.0,0.0,257374935.99
2019-07-31,CELG,11552,0.013921053448776467,325.7,2.06,65104948.26
2019-07-31,FLT,12449,0.01280149724412583,330.6,2.29,24493465.67
2019-07-31,WAT,82651,0.012707774657997365,332.7,2.39,14056775.04
2019-07-31,NKTR,80539,0.012574007839377751,334.3,2.46,4979532.36
2019-07-31,UNP,48725,0.012285210351431338,303.8,1.05,126780173.5
2019-07-31,PEP,13856,0.0118162876118565,289.3,0.38,178700107.7
2019-07-31,MU,53613,0.011674785748288131,319.7,1.79,49549716.67
2019-07-31,LRCX,48486,0.011498672646526337,323.6,1.97,30130168.13
2019-07-31,SNPS,77357,0.01102766478731192,324.0,1.98,19963517.98
2019-07-31,NSC,64311,0.011026501578837581,316.7,1.65,50342345.84
2019-07-31,COO,65541,0.01080054468722061,323.8,1.98,16697250.71
2019-07-31,HON,10145,0.010774625618939153,297.9,0.78,124086356.88
2019-07-31,ZTS,13788,0.010361232664430989,312.7,1.46,54992787.84
2019-07-31,NVDA,86580,0.010192381080678171,300.5,0.9,102750480.0
2019-07-31,TXN,15579,0.010066073318048836,296.6,0.72,116711836.2
2019-07-31,MCD,43449,0.009814619729073992,284.9,0.18,160896520.32
2019-07-31,MCO,48506,0.009653471095860587,313.1,1.48,40553128.0
2019-07-31,A,87432,0.009590875539696054,317.3,1.68,21933074.13
2019-07-31,ADBE,75510,0.009215063254877294,286.1,0.24,145078294.69
2019-07-31,COG,76082,0.009212043202999124,319.0,1.75,8016371.56
2019-07-31,MO,13901,0.008932902756361903,298.6,0.81,87931278.72
2019-07-31,MTB,35554,0.008812435470704578,313.9,1.52,22042350.0
2019-07-31,NEE,24205,0.008729714835577659,295.0,0.65,99255768.51
2019-07-31,VRSN,85753,0.008629496507295144,312.4,1.45,24987145.48
2019-07-31,KLAC,46886,0.008609421824120342,313.1,1.48,21709779.51
2019-07-31,ICE,90993,0.008605554045425593,306.4,1.17,49541178.9
2019-07-31,SPGI,17478,0.008438999980082584,303.1,1.02,60277540.95
2019-07-31,CMA,25081,0.008106389457587465,313.5,1.5,10965140.4
2019-07-31,AXP,59176,0.008070718894070118,291.2,0.47,103186555.38
2019-07-31,KMI,12558,0.007985538979698557,304.4,1.08,46679659.1
2019-07-31,XLNX,76201,0.007943664224347183,308.5,1.27,28850017.05
2019-07-31,GILD,77274,0.007897043501772982,295.3,0.66,82978131.6
2019-07-31,REGN,76614,0.007660939656305511,306.3,1.17,32908900.16
2019-07-31,ZION,84129,0.007294700978315441,310.7,1.37,7975722.41
2019-07-31,ANET,14714,0.007159990962351395,307.0,1.2,20952560.12
2019-07-31,FITB,34746,0.006900792631552217,305.7,1.14,21688129.34
2019-07-31,SIVB,11786,0.006776859796230322,307.5,1.22,11955501.83
2019-07-31,ETFC,83862,0.006508925247727542,306.4,1.17,11700525.06
2019-07-31,GS,86868,0.006423263277814305,289.5,0.39,80532139.07
2019-07-31,BEN,37584,0.006263613888752979,304.2,1.07,16434654.21
2019-07-31,YUM,85348,0.0053916410180724055,296.1,0.7,34428307.0
2019-07-31,ADI,60871,0.0053598261124186515,293.8,0.59,43432127.06
2019-07-31,BMY,19393,0.004994074689123927,285.2,0.19,72644412.47
2019-07-31,COF,81055,0.004277374913986641,289.1,0.37,43468175.86
2019-07-31,NDAQ,90601,0.004248072551283343,295.6,0.67,15870982.56
2019-07-31,SCHW,75186,0.004073708939121689,284.8,0.18,57699088.98
2019-07-31,DFS,92121,0.0040092776080456385,291.4,0.48,29051440.46
2019-07-31,CFG,14889,0.003921788111524392,293.9,0.6,17061503.04
2019-07-31,ORLY,79103,0.003875361341960097,290.8,0.45,29133090.65
2019-07-31,SYF,14776,0.0035339594285926884,290.6,0.44,23804227.2
2019-07-31,BSX,77605,0.0034616561183046504,281.8,0.04,59145633.58
2019-07-31,ATVI,79678,0.003409130077082892,286.8,0.27,37375830.34
2019-07-31,BBT,71563,0.003248419052178504,285.6,0.21,39472495.3
2019-07-31,ANSS,83621,0.0030461685693363924,290.1,0.42,17082595.12
2019-07-31,TROW,10138,0.0025413299129107246,285.6,0.21,26710715.35
2019-07-31,CPRT,80320,0.0023715084727226094,287.0,0.28,17815618.7
2019-07-31,TDG,91152,0.0020302724830850534,283.6,0.12,25815699.2
2019-07-31,KEY,64995,0.0019208536152411188,284.9,0.18,18427204.18
2019-07-31,CTXS,82686,0.0012141969591808474,283.3,0.11,12336204.48
2019-07-31,HBAN,42906,0.001188597827684135,282.6,0.07,14789234.25
2019-08-31,MSFT,10107,0.07597273905283326,330.9,2.3,1052617484.74
2019-08-31,FB,13407,0.031036332631323195,297.7,0.73,446670589.41
2019-08-31,GOOG,14542,0.03010717760431184,302.6,0.96,412680587.55
2019-08-31,V,92611,0.0292510309129428,325.1,2.02,312270913.49
2019-08-31,JPM,47896,0.027851498103872743,309.0,1.27,351275702.1
2019-08-31,GOOGL,90319,0.027259936285897075,305.1,1.08,356601840.95
2019-08-31,JNJ,22111,0.026920195082130182,308.3,1.23,338763347.76
2019-08-31,MRK,22752,0.026766714795088936,338.2,2.64,221395626.25
2019-08-31,TWTR,14295,0.026190223138325894,384.8,4.83,32969217.7
2019-08-31,BAC,59408,0.024584197394650627,319.9,1.78,256071360.51
2019-08-31,ORCL,10104,0.024454310040064615,340.8,2.76,173662737.14
2019-08-31,MA,91233,0.02364594880281845,309.1,1.27,282245342.07
2019-08-31,EBAY,86356,0.018168252898603167,350.5,3.22,33793801.56
2019-08-31,UNP,48725,0.017816661137603333,328.1,2.17,114105685.85
2019-08-31,INTC,59328,0.017809415789697386,303.1,0.99,210026300.0
2019-08-31,AMGN,14008,0.017737689258240725,324.9,2.01,125109622.62
2019-08-31,KO,11308,0.016089646773135825,289.2,0.33,235352526.08
2019-08-31,FLT,12449,0.015962422108815183,343.2,2.88,25831890.33
2019-08-31,PFE,21936,0.015223505867846158,295.6,0.64,196628756.4
2019-08-31,NEE,24205,0.015138328795410345,319.1,1.74,104961885.24
2019-08-31,MU,53613,0.014481860395544222,330.6,2.28,50068620.0
2019-08-31,SYK,73139,0.014340140135974934,321.6,1.86,82329349.3
2019-08-31,CSX,62148,0.014197464371161221,328.5,2.18,53493755.52
2019-08-31,MSCI,92402,0.013973439917708172,336.3,2.55,19872926.37
2019-08-31,CELG,11552,0.013923028199675232,323.4,1.94,68606128.8
2019-08-31,PEP,13856,0.013076998159028954,287.9,0.27,191171784.1
2019-08-31,VRTX,76744,0.013025412179008593,325.4,2.04,46271440.7
2019-08-31,TXN,15579,0.012773636942573836,306.3,1.14,115535475.0
2019-08-31,CME,89626,0.012604087498100552,315.4,1.57,77809807.1
2019-08-31,WAT,82651,0.012233996119677274,330.4,2.27,14145564.51
2019-08-31,HON,10145,0.012222327931543115,303.2,0.99,118445406.96
2019-08-31,COO,65541,0.011931565410936283,328.8,2.2,15355546.5
2019-08-31,ANET,14714,0.011796037300876127,327.7,2.15,17369063.28
2019-08-31,MCD,43449,0.011200490598945437,286.6,0.21,165536008.68
2019-08-31,LRCX,48486,0.010877885699312091,320.4,1.8,30425640.38
2019-08-31,SPGI,17478,0.010727699060797093,311.0,1.36,64084797.0
2019-08-31,ETFC,83862,0.010380247815421037,323.6,1.95,10009836.36
2019-08-31,NVDA,86580,0.009827084740193802,297.3,0.72,102013583.91
2019-08-31,NSC,64311,0.009775059147465303,311.7,1.39,45845988.35
2019-08-31,XLNX,76201,0.009682880973090517,316.4,1.61,26286076.3
2019-08-31,MCO,48506,0.009629914415041293,312.4,1.43,40787736.0
2019-08-31,AMAT,14702,0.00907203103452205,309.1,1.27,44358667.08
2019-08-31,COG,76082,0.009029082472001232,318.6,1.72,7162853.92
2019-08-31,SNPS,77357,0.00888392684944051,314.3,1.52,21312199.47
2019-08-31,MO,13901,0.008842119783989653,298.4,0.77,81710519.04
2019-08-31,ICE,90993,0.008693123060107309,305.4,1.1,52387594.2
2019-08-31,CMA,25081,0.008377729688924548,315.3,1.56,9208105.65
2019-08-31,VRSN,85753,0.008374051557875857,311.4,1.38,24130133.38
2019-08-31,BMY,19393,0.008135706459159491,296.2,0.66,78631319.69
2019-08-31,FITB,34746,0.008055911014844427,311.3,1.37,19321354.7
2019-08-31,USB,66157,0.007863903788845964,293.9,0.56,83030324.63
2019-08-31,SIVB,11786,0.007604390962265216,311.8,1.4,10030520.18
2019-08-31,TROW,10138,0.00750370500572762,307.2,1.18,26058200.3
2019-08-31,EA,75828,0.007457451721342055,306.6,1.15,27608151.76
2019-08-31,DFS,92121,0.007278148182843459,306.4,1.14,25449732.77
2019-08-31,MTB,35554,0.007245794467634254,307.8,1.21,19543453.41
2019-08-31,ADI,60871,0.007051379537357887,301.5,0.91,40571860.98
2019-08-31,GS,86868,0.007033579867919174,292.9,0.51,73318695.24
2019-08-31,CINF,23473,0.0068681741687589976,306.5,1.15,18373666.64
2019-08-31,BSX,77605,0.006188321321183366,292.9,0.51,59521736.29
2019-08-31,GILD,77274,0.006036100084608907,286.8,0.22,80470550.7
2019-08-31,BIIB,76841,0.005660389458445355,295.6,0.64,40532228.25
2019-08-31,PNC,60442,0.005635133583323465,291.1,0.42,57406980.56
2019-08-31,KMI,12558,0.005611905701140945,294.0,0.56,45887327.35
2019-08-31,SCHW,75186,0.005535962016667151,292.6,0.49,50025893.41
2019-08-31,BBT,71563,0.005484436020036593,295.9,0.65,36507714.6
2019-08-31,YUM,85348,0.0051659296096593366,294.8,0.6,35534519.08
2019-08-31,SO,18411,0.005048648997565934,287.7,0.26,60895216.32
2019-08-31,KLAC,46886,0.005043859936125722,297.4,0.72,23553960.81
2019-08-31,A,87432,0.0049490419891441845,297.4,0.72,22006269.48
2019-08-31,MS,69032,0.004930669016617092,285.2,0.15,68573344.32
2019-08-31,CFG,14889,0.004030765131787663,295.3,0.62,15084715.38
2019-08-31,ZION,84129,0.003928649024710716,296.9,0.7,7271409.67
2019-08-31,ZTS,13788,0.003792831298443937,282.5,0.02,60372882.36
2019-08-31,SRE,86136,0.0033471672815587952,286.2,0.19,38884658.13
2019-08-31,SYF,14776,0.0030207257252070187,289.4,0.34,21263252.0
2019-08-31,MCHP,78987,0.002882909910723218,289.0,0.32,20550338.52
2019-08-31,BEN,37584,0.0022230114461381082,288.1,0.28,13236368.76
2019-08-31,ORLY,79103,0.0019636203076117426,282.8,0.03,29362629.65
2019-08-31,GPN,88873,0.00178147842230828,282.9,0.04,26005414.44
2019-08-31,HBAN,42906,0.0015720504356253851,285.2,0.15,13751393.25
2019-08-31,KEY,64995,0.00106736864050451,282.3,0.01,16654099.4
2019-08-31,CPRT,80320,0.0010613315316161638,282.1,0.0,17323868.1
2019-09-30,MSFT,10107,0.07336053296346337,329.2,2.06,1061355020.0
2019-09-30,GOOG,14542,0.030817842865692436,308.8,1.17,420279506.0
2019-09-30,FB,13407,0.030365744146060417,304.4,0.98,428816640.0
2019-09-30,JPM,47896,0.02861945327347936,310.7,1.25,376312009.65
2019-09-30,GOOGL,90319,0.02804333175917079,310.9,1.26,365882854.36
2019-09-30,TWTR,14295,0.02757827357730933,399.8,5.14,31848341.6
2019-09-30,JNJ,22111,0.026548166494089146,310.7,1.25,341455297.08
2019-09-30,V,92611,0.02639556545250467,322.1,1.75,297056264.44
2019-09-30,MRK,22752,0.02460381563460127,336.1,2.36,215532367.5
2019-09-30,BAC,59408,0.02378808608054173,317.1,1.53,271523140.17
2019-09-30,MA,91233,0.02176964322380249,307.6,1.12,272414864.3
2019-09-30,CSCO,76076,0.021753269139267947,324.6,1.86,209759778.9
2019-09-30,AMGN,14008,0.020112821200018123,342.8,2.65,115370656.04
2019-09-30,ORCL,10104,0.019564808556490558,322.5,1.77,180636910.51
2019-09-30,MU,53613,0.018755297506376566,355.1,3.19,47392100.0
2019-09-30,INTC,59328,0.01794253213573506,303.2,0.92,224155500.0
2019-09-30,CELG,11552,0.017411307058456855,342.6,2.64,70642020.0
2019-09-30,EBAY,86356,0.01709482056446236,351.7,3.04,31924620.0
2019-09-30,NEE,24205,0.016011855421461923,324.4,1.85,113874100.38
2019-09-30,CME,89626,0.015761924083553487,333.7,2.25,75542848.98
2019-09-30,VRTX,76744,0.014691518541493932,337.5,2.42,43585836.3
2019-09-30,KO,11308,0.01459603120093495,285.5,0.15,232786909.88
2019-09-30,PEP,13856,0.014085861967694308,294.5,0.55,191177052.44
2019-09-30,FLT,12449,0.013925625738540606,339.1,2.49,24825971.04
2019-09-30,MSCI,92402,0.013786193419254978,340.2,2.54,18443207.25
2019-09-30,CSX,62148,0.013315778201841308,328.3,2.02,54192483.99
2019-09-30,SPGI,17478,0.013114078518887635,325.7,1.91,60338574.0
2019-09-30,TXN,15579,0.013112830555825718,309.2,1.19,120862414.07
2019-09-30,SYK,73139,0.013059505029988976,319.9,1.65,80702611.5
2019-09-30,PFE,21936,0.012703131235720243,286.1,0.18,198730554.64
2019-09-30,LRCX,48486,0.011888809091522257,327.4,1.98,33481136.81
2019-09-30,UNP,48725,0.011621935884517903,304.2,0.97,114119769.4
2019-09-30,WAT,82651,0.01159158746298652,331.1,2.14,14902611.57
2019-09-30,SNPS,77357,0.011386627103338466,328.6,2.03,20626890.75
2019-09-30,ANET,14714,0.011031011345321449,327.6,1.99,18311784.48
2019-09-30,MCO,48506,0.010632200970288608,320.2,1.67,38753836.0
2019-09-30,MCD,43449,0.010343647217532228,285.0,0.13,163060228.83
2019-09-30,ICE,90993,0.010181009094736997,314.6,1.42,51709492.05
2019-09-30,BMY,19393,0.00990055002887905,304.8,0.99,82949744.57
2019-09-30,ETFC,83862,0.009899342386911748,324.7,1.86,9908673.55
2019-09-30,HON,10145,0.009785319703212126,293.7,0.51,121740753.6
2019-09-30,TROW,10138,0.009334020460699257,317.5,1.55,26814703.5
2019-09-30,COG,76082,0.008460897636796326,318.8,1.6,7351129.87
2019-09-30,GS,86868,0.008352563306853886,300.0,0.78,74512447.72
2019-09-30,XLNX,76201,0.008301455222275702,313.5,1.37,24115685.3
2019-09-30,CMA,25081,0.007759386805080037,314.9,1.43,9856332.39
2019-09-30,MO,13901,0.007658263623296444,296.3,0.62,76405126.4
2019-09-30,NVDA,86580,0.00765122180885848,288.2,0.27,106008636.09
2019-09-30,KLAC,46886,0.007578562890697317,309.9,1.22,25160253.3
2019-09-30,AMAT,14702,0.007557921883473458,304.1,0.96,46095324.6
2019-09-30,EA,75828,0.0071106619789826735,306.8,1.08,28661260.0
2019-09-30,FITB,34746,0.0070127515401154986,308.8,1.17,19674802.54
2019-09-30,MTB,35554,0.006902113688714717,307.9,1.13,21115375.99
2019-09-30,ADI,60871,0.006878927120898055,302.3,0.89,41273732.38
2019-09-30,GILD,77274,0.006643229234598759,290.6,0.38,80239080.0
2019-09-30,SIVB,11786,0.0066363902565418405,309.5,1.2,10772626.2
2019-09-30,VRSN,85753,0.006596048032688117,306.2,1.06,22202694.15
2019-09-30,CINF,23473,0.006583966841971012,307.0,1.09,19063878.0
2019-09-30,USB,66157,0.006577539639603298,288.4,0.28,87206266.18
2019-09-30,COO,65541,0.006478679515948627,307.7,1.12,14723478.0
2019-09-30,NSC,64311,0.0063008384143597536,298.0,0.7,47323701.62
2019-09-30,BBT,71563,0.006071171306616001,298.7,0.73,40890172.68
2019-09-30,MS,69032,0.005956885191542166,290.1,0.35,70523610.56
2019-09-30,CPRT,80320,0.005665781422770964,302.9,0.91,18656642.5
2019-09-30,BIIB,76841,0.005418194935281541,295.4,0.58,42010508.24
2019-09-30,NDAQ,90601,0.005306679482149459,301.9,0.87,16282868.9
2019-09-30,PNC,60442,0.0049948858626641165,287.9,0.26,62407221.12
2019-09-30,SCHW,75186,0.004971771095123246,289.9,0.34,54679464.89
2019-09-30,DFS,92121,0.0048477676002056545,297.2,0.66,25806162.69
2019-09-30,SO,18411,0.004817783140736996,286.5,0.2,64563980.64
2019-09-30,KMI,12558,0.0047349042400025455,291.0,0.39,46657021.05
2019-09-30,ZTS,13788,0.0046476316925365595,287.1,0.22,59498951.22
2019-09-30,CFG,14889,0.004406604510832222,297.9,0.69,15813467.19
2019-09-30,YUM,85348,0.004384077010206492,292.7,0.47,34515160.98
2019-09-30,ZION,84129,0.00435373640253118,299.9,0.78,7585005.96
2019-09-30,SRE,86136,0.004283391155744103,290.6,0.38,40526473.11
2019-09-30,A,87432,0.0035896406072691662,292.0,0.44,23714532.84
2019-09-30,BSX,77605,0.00336809394310517,282.0,0.0,56680071.37
2019-09-30,MCHP,78987,0.003215201367263729,290.7,0.38,22183470.33
2019-09-30,HBAN,42906,0.0031216078381877672,292.3,0.45,14737413.85
2019-09-30,KEY,64995,0.001870327461931309,285.7,0.16,17898140.56
2019-09-30,REGN,76614,0.0018217779703340793,282.2,0.01,29923969.12
2019-09-30,FTNT,93132,0.0008249600245444486,282.2,0.01,13148988.0
2019-10-31,MSFT,10107,0.07919442149698479,333.1,2.24,1093741916.22
2019-10-31,GOOG,14542,0.03357956974824408,312.5,1.33,432912047.17
2019-10-31,FB,13407,0.03298413406056635,301.8,0.86,461199568.14
2019-10-31,GOOGL,90319,0.030730286306524978,315.3,1.46,377171741.38
2019-10-31,JPM,47896,0.030508018633833248,308.0,1.14,399429826.2
2019-10-31,V,92611,0.026727069602246235,316.4,1.5,308886033.06
2019-10-31,BAC,59408,0.025582664220751717,319.0,1.62,281276995.89
2019-10-31,JNJ,22111,0.02365034395512929,291.5,0.41,347512352.56
2019-10-31,MA,91233,0.023303034516333334,310.1,1.23,276103857.69
2019-10-31,CELG,11552,0.022576020330036566,363.1,3.56,76852542.0
2019-10-31,MRK,22752,0.02178017155112207,318.5,1.6,221882097.5
2019-10-31,CSCO,76076,0.021326429744869552,322.2,1.76,201489910.0
2019-10-31,TWTR,14295,0.020960734573791242,370.9,3.9,23267419.29
2019-10-31,ORCL,10104,0.02064584156172256,325.5,1.91,178864351.33
2019-10-31,INTC,59328,0.020479636762915837,305.8,1.04,245905500.0
2019-10-31,EBAY,86356,0.018062986094518348,356.2,3.26,28676756.25
2019-10-31,TXN,15579,0.017482945683289234,330.5,2.13,110294102.25
2019-10-31,NEE,24205,0.01740643264266435,328.4,2.03,116494871.84
2019-10-31,AMGN,14008,0.017271466242185854,324.9,1.88,126709738.0
2019-10-31,MU,53613,0.016736728162899655,343.4,2.69,52640275.05
2019-10-31,FLT,12449,0.014629590378979325,341.5,2.61,25470036.96
2019-10-31,MSCI,92402,0.014259374247391493,341.4,2.6,19868873.92
2019-10-31,SYK,73139,0.013701979436011398,321.6,1.73,80971488.0
2019-10-31,CSX,62148,0.013625824294335401,328.6,2.04,54974820.99
2019-10-31,PEP,13856,0.013475275762481679,289.4,0.32,191274648.95
2019-10-31,BMY,19393,0.013225107387278119,315.9,1.48,93472080.45
2019-10-31,VRTX,76744,0.01320118697099957,328.0,2.02,50267682.0
2019-10-31,ANET,14714,0.012649475267570258,334.4,2.3,18744823.85
2019-10-31,UNP,48725,0.012618884299265795,307.1,1.1,114862338.94
2019-10-31,SNPS,77357,0.0121148295332401,331.5,2.17,20407433.25
2019-10-31,SPGI,17478,0.012081992639600145,319.3,1.63,63052753.56
2019-10-31,EA,75828,0.011744081387724732,327.6,2.0,28245200.0
2019-10-31,LRCX,48486,0.011706713923372246,324.3,1.85,39322213.61
2019-10-31,WAT,82651,0.011284412724888417,329.5,2.08,14127539.58
2019-10-31,CME,89626,0.011271935840858293,312.6,1.34,73732775.75
2019-10-31,TROW,10138,0.011186380836184603,325.4,1.9,27059796.6
2019-10-31,MCO,48506,0.010972429941786231,320.3,1.68,41666272.0
2019-10-31,HON,10145,0.010774952574189492,296.3,0.62,123421285.09
2019-10-31,SO,18411,0.010443396309465813,311.1,1.27,65713672.44
2019-10-31,NVDA,86580,0.010134261487036523,293.5,0.5,123024240.0
2019-10-31,AMAT,14702,0.009865989719789707,313.0,1.36,49702160.0
2019-10-31,ETFC,83862,0.009607042830331154,323.2,1.8,9441029.64
2019-10-31,ADI,60871,0.00882887870687015,311.2,1.28,39389761.78
2019-10-31,SRE,86136,0.008582630890672292,310.0,1.22,39675362.26
2019-10-31,COG,76082,0.008172804342217128,317.2,1.54,7603722.0
2019-10-31,SIVB,11786,0.00803613172334645,315.5,1.47,11421280.64
2019-10-31,CMA,25081,0.007978372081614912,315.8,1.48,9430554.68
2019-10-31,KLAC,46886,0.007532321560671855,308.9,1.17,26673496.18
2019-10-31,NSC,64311,0.007460319284537216,302.7,0.9,47455954.0
2019-10-31,CPRT,80320,0.007134225197804111,309.2,1.19,19208345.76
2019-10-31,ICE,90993,0.006939263419323852,298.9,0.73,52522092.0
2019-10-31,MCHP,78987,0.006724921199091957,306.4,1.06,22533235.62
2019-10-31,VRSN,85753,0.006513044217853793,305.5,1.03,22310058.18
2019-10-31,BBT,71563,0.006443343847329,300.0,0.78,40652374.15
2019-10-31,CINF,23473,0.006209902476104398,305.2,1.01,18495570.54
2019-10-31,MO,13901,0.006191861615156965,286.7,0.2,83673408.33
2019-10-31,GILD,77274,0.006132946449650518,287.3,0.22,80602451.66
2019-10-31,FITB,34746,0.006101036249284295,304.1,0.96,20637116.36
2019-10-31,GS,86868,0.005957815217630243,287.6,0.24,76723766.32
2019-10-31,PNC,60442,0.005917754763427925,290.9,0.38,64401300.0
2019-10-31,MTB,35554,0.005797272596803843,302.7,0.9,20705318.81
2019-10-31,USB,66157,0.005568955414153248,282.2,0.0,89578420.0
2019-10-31,BIIB,76841,0.005374895391502398,291.4,0.4,53899828.02
2019-10-31,BAX,27887,0.005294530465274192,295.2,0.57,39159645.2
2019-10-31,A,87432,0.005197411199107465,299.2,0.75,23442201.0
2019-10-31,COO,65541,0.005186896280392743,301.7,0.86,14426034.0
2019-10-31,ANSS,83621,0.005024303908424167,299.8,0.77,18534427.66
2019-10-31,SCHW,75186,0.0049803425478882005,289.8,0.33,53215419.93
2019-10-31,KMI,12558,0.0049253983889543974,291.8,0.42,45254000.7
2019-10-31,DFS,92121,0.004908133628715209,297.4,0.67,25158941.68
2019-10-31,ZION,84129,0.004209704695836591,299.0,0.74,8262390.08
2019-10-31,OXY,34833,0.003418157188860792,287.5,0.23,36226440.0
2019-10-31,HBAN,42906,0.0031072405411081945,292.2,0.44,14592828.15
2019-10-31,CTAS,23660,0.002960755593122762,287.8,0.25,27807346.04
2019-10-31,SYF,14776,0.002784929905296362,288.4,0.27,22855846.41
2019-10-31,CFG,14889,0.0027523482391390726,290.3,0.36,15608016.24
2019-10-31,STI,68144,0.0026125547649368656,285.5,0.15,30345693.6
2019-10-31,YUM,85348,0.0025400556846454612,285.0,0.12,30948929.06
2019-10-31,MRO,15069,0.002380361148177269,290.4,0.36,9270604.26
2019-10-31,ORLY,79103,0.0023564712110862693,283.6,0.06,32950251.85
2019-10-31,XLNX,76201,0.002276578164367001,286.1,0.17,22818115.58
2019-10-31,NDAQ,90601,0.001962702431817578,286.5,0.19,16353799.55
2019-10-31,KEY,64995,0.001958373684393186,286.1,0.17,17699695.26
2019-11-30,MSFT,10107,0.08589429474109501,339.0,2.38,1154848652.28
2019-11-30,FB,13407,0.03985528972972044,325.2,1.75,485240207.52
2019-11-30,GOOG,14542,0.035991291858410074,318.6,1.45,448320299.22
2019-11-30,JPM,47896,0.03526595469293346,325.3,1.76,413263232.24
2019-11-30,GOOGL,90319,0.033868266340436076,325.5,1.77,390741869.53
2019-11-30,V,92611,0.029646987317396005,328.0,1.88,316006016.14
2019-11-30,BAC,59408,0.02767248057521787,323.9,1.69,299716965.24
2019-11-30,MA,91233,0.025033737346903232,314.6,1.27,291484531.24
2019-11-30,INTC,59328,0.023422221830285014,318.5,1.45,252517500.0
2019-11-30,MU,53613,0.022192582251422545,369.5,3.76,52641080.0
2019-11-30,NVDA,86580,0.022188416935105378,346.9,2.74,132644886.12
2019-11-30,ORCL,10104,0.021569694116380336,329.6,1.95,184280504.38
2019-11-30,LRCX,48486,0.019143377984910812,360.0,3.33,38711428.12
2019-11-30,AMGN,14008,0.01869819077513148,329.6,1.95,139466868.48
2019-11-30,NEE,24205,0.018469452477856602,335.7,2.23,114285609.21
2019-11-30,EA,75828,0.018234859330546655,358.6,3.27,29492798.79
2019-11-30,CSCO,76076,0.017469833790194948,309.3,1.03,192216936.53
2019-11-30,PFE,21936,0.017110103833737567,301.8,0.69,213174379.44
2019-11-30,FLT,12449,0.016780447611378875,353.0,3.01,26634825.39
2019-11-30,MRK,22752,0.015924971061610557,294.1,0.34,221958885.12
2019-11-30,SO,18411,0.015584524372467604,336.9,2.28,65011020.66
2019-11-30,VRTX,76744,0.0154132024736537,338.4,2.35,57023012.5
2019-11-30,MSCI,92402,0.015004997900493202,346.5,2.72,21955207.33
2019-11-30,BMY,19393,0.014250873792980085,311.7,1.14,133477893.9
2019-11-30,UNP,48725,0.013571851004643448,311.9,1.15,122172264.94
2019-11-30,CSX,62148,0.013188985651570291,328.9,1.92,55968388.98
2019-11-30,SRE,86136,0.013080104137231506,332.5,2.08,41514823.92
2019-11-30,TWTR,14295,0.013047305669657751,337.3,2.3,23997194.87
2019-11-30,TXN,15579,0.012466979985124763,309.8,1.05,112369302.75
2019-11-30,EBAY,86356,0.012248858058015335,332.4,2.08,28896408.0
2019-11-30,ANET,14714,0.012033556490909375,335.4,2.22,14907736.87
2019-11-30,SYF,14776,0.011787357234124062,331.7,2.05,24174080.13
2019-11-30,CME,89626,0.011738055676670963,317.8,1.42,72650525.53
2019-11-30,SNPS,77357,0.01127913967154196,330.3,1.98,21202682.74
2019-11-30,TROW,10138,0.01079447205355213,326.0,1.79,28873130.12
2019-11-30,NEM,21207,0.010780015951834879,325.2,1.75,31481817.6
2019-11-30,BKNG,86783,0.010486835838780545,310.3,1.08,79695080.94
2019-11-30,SYK,73139,0.010431103572499108,310.9,1.1,76699584.0
2019-11-30,MCO,48506,0.01034716940116253,320.1,1.52,42795296.0
2019-11-30,GS,86868,0.009993761510114326,308.5,0.99,78377160.99
2019-11-30,ALXN,83111,0.009629240477619037,321.9,1.6,25213896.54
2019-11-30,CPRT,80320,0.008953337555488225,320.2,1.53,20688406.0
2019-11-30,AMAT,14702,0.008914848295372924,310.9,1.1,53036400.0
2019-11-30,NSC,64311,0.008522397137167483,309.9,1.06,50454544.5
2019-11-30,COG,76082,0.008452968905083446,322.0,1.61,6502324.5
2019-11-30,LLY,50876,0.007991443428077276,290.0,0.15,112671372.85
2019-11-30,ATVI,79678,0.007738868832633808,308.8,1.01,42123695.8
2019-11-30,ICE,90993,0.007696064325945801,305.7,0.87,52438564.5
2019-11-30,WAT,82651,0.007636499148136808,316.2,1.34,14308859.02
2019-11-30,CMA,25081,0.007438110733890519,316.5,1.36,10149883.14
2019-11-30,SIVB,11786,0.007281028868824087,315.3,1.3,11949852.64
2019-11-30,BIIB,76841,0.006917057934883265,301.8,0.69,54098316.02
2019-11-30,KMI,12558,0.006614466822941558,303.2,0.75,44415963.65
2019-11-30,MCHP,78987,0.006373900505195741,308.3,0.99,22592980.12
2019-11-30,PNC,60442,0.006163110120412196,294.8,0.37,67132030.08
2019-11-30,SPGI,17478,0.005824409997380097,294.0,0.34,64680457.56
2019-11-30,INCY,79906,0.0053631507916556635,304.5,0.81,20281781.52
2019-11-30,ZTS,13788,0.005176519386942952,293.2,0.3,57403555.48
2019-11-30,ADI,60871,0.0049584151390154345,296.7,0.46,41599710.9
2019-11-30,ZION,84129,0.004198671848260775,302.7,0.73,8485697.92
2019-11-30,BBT,71563,0.004139758900189894,293.0,0.29,41932100.16
2019-11-30,ORLY,79103,0.003914874368605723,294.4,0.35,33462462.52
2019-11-30,VRSN,85753,0.003864026280169289,297.3,0.49,22394593.83
2019-11-30,FTNT,93132,0.0038080014369206855,298.3,0.53,17977383.74
2019-11-30,MRO,15069,0.003752645586149023,300.5,0.63,9319172.85
2019-11-30,ETFC,83862,0.0037286838783686252,300.2,0.62,10008078.8
2019-11-30,MXIM,11896,0.003593310043932288,298.1,0.52,15335412.03
2019-11-30,MTB,35554,0.0034588003542826954,295.7,0.41,21739091.72
2019-11-30,DFS,92121,0.0033846036936488527,294.0,0.34,26604029.16
2019-11-30,URI,85663,0.003188807982585952,297.4,0.49,11502625.8
2019-11-30,CFG,14889,0.0030690445092863474,295.4,0.4,16719292.74
2019-11-30,FE,23026,0.003013179802109329,292.6,0.27,25767479.28
2019-11-30,KSU,12650,0.002897685692611608,295.1,0.39,15107870.4
2019-11-30,AEP,24109,0.0028912952622608392,286.6,0.0,45122515.2
2019-11-30,KLAC,46886,0.002837248099315775,291.8,0.24,25856124.84
2019-11-30,QRVO,85035,0.0027961736457761377,295.5,0.4,12106492.54
2019-11-30,STI,68144,0.002469608355500444,288.6,0.09,31455793.6
2019-11-30,ANSS,83621,0.0020776977023207613,289.7,0.14,21442351.1
2019-11-30,CTAS,23660,0.0018897577250813684,287.4,0.04,26657893.18
2019-11-30,HBAN,42906,0.001870708972498105,290.5,0.18,15377721.95
2019-11-30,COO,65541,0.0012442563431648373,287.7,0.05,15521123.66
2019-11-30,RF,35044,0.0011874410852979371,287.3,0.03,16051592.96
2019-11-30,CXO,92239,0.0011162749772958916,287.4,0.04,14586664.24
2019-12-31,MSFT,10107,0.08596304366179314,339.9,2.26,1200254700.0
2019-12-31,FB,13407,0.03869016272298745,322.8,1.59,494036750.0
2019-12-31,JPM,47896,0.03730767942860608,333.8,2.02,437225977.64
2019-12-31,GOOG,14542,0.033650526096432765,308.7,1.04,457349090.16
2019-12-31,GOOGL,90319,0.031707419239505034,316.5,1.35,401586627.92
2019-12-31,BAC,59408,0.03022804873348206,335.9,2.1,316807668.54
2019-12-31,V,92611,0.028397787047429186,325.0,1.68,321654343.08
2019-12-31,MA,91233,0.024627549670561605,313.3,1.22,297828296.91
2019-12-31,NVDA,86580,0.023273287210463185,355.3,2.86,144003600.0
2019-12-31,MU,53613,0.022451978980545993,377.9,3.75,59742803.72
2019-12-31,INTC,59328,0.020351741196643656,304.5,0.88,256756500.0
2019-12-31,AMGN,14008,0.018685877536643247,332.3,1.96,142568803.91
2019-12-31,ORCL,10104,0.018569692719303373,323.0,1.6,169941244.02
2019-12-31,VRTX,76744,0.01760849464509346,354.1,2.82,56706517.35
2019-12-31,LRCX,48486,0.01747415246915113,358.2,2.98,41655887.38
2019-12-31,PFE,21936,0.01630343813795657,296.5,0.56,216826899.96
2019-12-31,C,70519,0.016070869052731154,308.8,1.04,174415368.66
2019-12-31,EA,75828,0.015596976630891834,351.9,2.73,31285410.0
2019-12-31,NEE,24205,0.015302657511019137,322.7,1.59,118361996.16
2019-12-31,UNP,48725,0.015121103135275827,319.5,1.46,125504411.06
2019-12-31,FLT,12449,0.01485202638310235,350.1,2.66,24968629.32
2019-12-31,CPRT,80320,0.014066233995762567,347.3,2.55,21139366.76
2019-12-31,SO,18411,0.013894902667180454,331.9,1.95,66804355.8
2019-12-31,MSCI,92402,0.01362272905415187,344.8,2.45,21869652.41
2019-12-31,CSX,62148,0.013531671236558056,333.5,2.01,55934280.0
2019-12-31,CSCO,76076,0.013359735571854329,285.7,0.14,203458933.48
2019-12-31,ALXN,83111,0.012382105947093259,337.8,2.18,23933595.0
2019-12-31,GS,86868,0.011733252254813375,316.2,1.33,81415220.37
2019-12-31,SYF,14776,0.01165628905077298,334.3,2.04,23269409.93
2019-12-31,TWTR,14295,0.011443695805170663,332.7,1.98,24882241.85
2019-12-31,SIVB,11786,0.011171955013097153,335.1,2.07,12967721.72
2019-12-31,SRE,86136,0.011143986504288451,325.5,1.7,42701606.08
2019-12-31,BMY,19393,0.011022191152596051,290.6,0.33,150473235.15
2019-12-31,NSC,64311,0.010932397443450467,321.9,1.56,50618815.11
2019-12-31,TROW,10138,0.010446482124060357,326.4,1.73,28658473.76
2019-12-31,MCO,48506,0.010200295883949167,320.0,1.48,44823008.0
2019-12-31,FTNT,93132,0.009940967774971358,327.1,1.76,18330692.0
2019-12-31,TXN,15579,0.009882241814037263,294.6,0.49,119570375.96
2019-12-31,USB,66157,0.009828026801575792,302.9,0.81,92602620.11
2019-12-31,CFG,14889,0.009273040768489843,323.9,1.63,17653938.59
2019-12-31,TFC,71563,0.009177637125216562,305.0,0.9,75543987.2
2019-12-31,EBAY,86356,0.00912206538494903,319.6,1.47,28746484.91
2019-12-31,PNC,60442,0.008829370336814333,305.0,0.9,69945077.1
2019-12-31,URI,85663,0.00817226372981114,319.9,1.48,12533766.12
2019-12-31,SYK,73139,0.008096605034256396,298.5,0.64,78601536.0
2019-12-31,SCHW,75186,0.008024602280136912,303.7,0.84,61094577.24
2019-12-31,DFS,92121,0.007814390665489154,313.6,1.23,26588355.76
2019-12-31,CMA,25081,0.007644850962404188,317.9,1.4,10343049.5
2019-12-31,MS,69032,0.007454565746075209,293.9,0.46,82742729.76
2019-12-31,COG,76082,0.0073650187439803175,317.5,1.38,7101974.25
2019-12-31,AMAT,14702,0.006722341785944393,298.7,0.65,55879373.2
2019-12-31,QRVO,85035,0.006703930928131767,312.1,1.17,13452227.74
2019-12-31,ZION,84129,0.00669358705196398,313.6,1.23,8569759.44
2019-12-31,ANET,14714,0.006638195926950138,311.1,1.13,15539555.84
2019-12-31,CME,89626,0.006340603645828225,291.7,0.38,71751177.68
2019-12-31,BKNG,86783,0.006327445010162085,287.4,0.21,85059334.58
2019-12-31,KEY,64995,0.006246692575713894,307.7,1.0,19935549.92
2019-12-31,BIIB,76841,0.006227088044557972,297.5,0.6,51690367.74
2019-12-31,WAT,82651,0.006177796569412707,308.9,1.05,15055003.46
2019-12-31,HBAN,42906,0.006138684011340515,308.6,1.04,15369445.52
2019-12-31,SPGI,17478,0.005735127532731509,290.2,0.32,66733417.56
2019-12-31,MTB,35554,0.005656826322266919,303.9,0.85,22400210.0
2019-12-31,BLK,87267,0.005556203364814002,285.7,0.14,78005468.65
2019-12-31,KMI,12558,0.005466339391939147,294.8,0.5,47949309.05
2019-12-31,INCY,79906,0.005418095296233337,303.8,0.85,18876662.96
2019-12-31,ICE,90993,0.005337439948990446,293.0,0.43,51536467.5
2019-12-31,RF,35044,0.004999769033366094,302.4,0.79,16553205.24
2019-12-31,TFX,44329,0.0048781477648110584,301.5,0.76,17427666.24
2019-12-31,ETFC,83862,0.004578828039783814,302.3,0.79,10100360.14
2019-12-31,KEYS,14939,0.004273508615997007,297.8,0.61,19340418.24
2019-12-31,ATVI,79678,0.004229960424438085,289.2,0.28,45679719.2
2019-12-31,FITB,34746,0.0040348637387360815,295.8,0.54,21792077.84
2019-12-31,KSU,12650,0.004014795604693891,297.8,0.61,15181219.2
2019-12-31,ANSS,83621,0.003973846991987606,295.4,0.52,22068788.94
2019-12-31,NTRS,58246,0.00394783833446789,295.2,0.51,22279484.16
2019-12-31,MRO,15069,0.0038048650267460656,298.1,0.63,10863035.82
2019-12-31,MCHP,78987,0.0035746907824159967,292.4,0.4,25084105.2
2019-12-31,KLAC,46886,0.002618375783391681,286.6,0.18,27945786.33
2019-12-31,NEM,21207,0.002372239242166214,282.9,0.03,35622004.55
2019-12-31,AMP,90880,0.0023102056302796463,287.2,0.2,21105019.68
2019-12-31,GL,62308,0.0022735204413598187,290.1,0.31,11397312.0
2019-12-31,CXO,92239,0.002229340473262686,287.9,0.23,17604109.53
2019-12-31,MXIM,11896,0.0010307235824904514,282.1,0.0,16570424.94
2020-01-31,MSFT,10107,0.08650214285238195,342.8,2.64,1294777380.81
2020-01-31,JPM,47896,0.036844172333144624,343.4,2.67,415145154.6
2020-01-31,GOOG,14542,0.033346919906251625,311.5,1.13,489043738.58
2020-01-31,GOOGL,90319,0.032586634121787555,322.3,1.65,429683567.1
2020-01-31,FB,13407,0.030005761101137982,298.4,0.5,485744174.86
2020-01-31,V,92611,0.02952442586828449,330.8,2.06,339447595.28
2020-01-31,BAC,59408,0.02764497458398161,334.6,2.24,290090771.67
2020-01-31,NVDA,86580,0.025143857220459497,358.4,3.39,144695153.88
2020-01-31,AMGN,14008,0.024980317727949605,361.7,3.55,127771970.0
2020-01-31,INTC,59328,0.02359541887061964,321.7,1.62,273428610.0
2020-01-31,JNJ,22111,0.023459247200603946,293.3,0.26,391806784.64
2020-01-31,MA,91233,0.022944956915007177,309.3,1.03,314676240.0
2020-01-31,BMY,19393,0.019238519432278896,333.2,2.18,147566445.75
2020-01-31,LRCX,48486,0.019216381323701702,357.6,3.35,43403867.62
2020-01-31,MU,53613,0.018388443680822993,350.5,3.01,58976300.66
2020-01-31,NEE,24205,0.01772775586733585,330.8,2.06,131089728.09
2020-01-31,MRK,22752,0.016529729365515188,305.5,0.84,217528872.96
2020-01-31,EA,75828,0.015615362883212143,345.5,2.77,31261618.08
2020-01-31,CPRT,80320,0.015043042572647315,344.9,2.74,23704810.02
2020-01-31,FLT,12449,0.014984893111746648,343.8,2.69,27355975.5
2020-01-31,CSX,62148,0.014806200306779435,335.6,2.29,59073876.84
2020-01-31,PFE,21936,0.014678181572800804,300.5,0.6,206090703.28
2020-01-31,VRTX,76744,0.014674094090883749,335.1,2.27,58867026.45
2020-01-31,SO,18411,0.014245121551695293,329.8,2.01,73830873.6
2020-01-31,MSCI,92402,0.013941396018721429,340.2,2.51,24235839.15
2020-01-31,ORCL,10104,0.013161295943146977,303.1,0.73,168241190.05
2020-01-31,TROW,10138,0.012541548421788888,332.7,2.15,31408125.42
2020-01-31,SRE,86136,0.012195438807415748,328.0,1.93,45283773.44
2020-01-31,UNP,48725,0.012108466830003802,309.0,1.01,124553364.0
2020-01-31,TXN,15579,0.01209739865998125,311.8,1.15,112449660.8
2020-01-31,C,70519,0.011581390181583419,297.9,0.48,162451465.54
2020-01-31,CSCO,76076,0.011086206602356027,288.2,0.01,194958770.0
2020-01-31,TWTR,14295,0.010938864054309199,327.5,1.9,25216075.36
2020-01-31,PNC,60442,0.010745048409558438,317.5,1.42,64322150.0
2020-01-31,FTNT,93132,0.01068079217174887,327.7,1.91,19807312.0
2020-01-31,NEM,21207,0.0101339340005088,321.4,1.61,36941945.34
2020-01-31,LLY,50876,0.009661632587042562,296.6,0.41,134072692.84
2020-01-31,SIVB,11786,0.009563490573672506,324.8,1.77,12406555.59
2020-01-31,MCO,48506,0.009462954839528782,315.9,1.34,48481953.89
2020-01-31,ATVI,79678,0.009142991202337986,315.4,1.32,44957084.8
2020-01-31,CME,89626,0.008728294009726353,306.0,0.87,77610094.59
2020-01-31,CFG,14889,0.008667617477889538,320.2,1.55,16146750.88
2020-01-31,NSC,64311,0.00846745483350703,310.4,1.08,54290135.48
2020-01-31,ALXN,83111,0.0081565343135847,316.7,1.38,22005045.39
2020-01-31,BKNG,86783,0.007952499569998354,303.2,0.73,75815891.42
2020-01-31,GS,86868,0.007679841771726309,300.1,0.58,84184184.25
2020-01-31,ANET,14714,0.007587778378047714,315.5,1.32,17062952.66
2020-01-31,COG,76082,0.007404637294955204,317.4,1.42,5747663.25
2020-01-31,TFC,71563,0.007386171110701933,302.4,0.69,69215500.62
2020-01-31,URI,85663,0.007385730168887673,316.3,1.36,10091943.75
2020-01-31,MS,69032,0.007317437204573997,298.5,0.51,84587931.48
2020-01-31,KEY,64995,0.007151207337462402,313.4,1.22,18283206.19
2020-01-31,USB,66157,0.007126424720241248,298.4,0.5,81639480.0
2020-01-31,CMA,25081,0.0070415343934117315,315.2,1.31,8690836.0
2020-01-31,QRVO,85035,0.006833499154311839,313.5,1.23,12246414.1
2020-01-31,TFX,44329,0.006680504013328743,311.7,1.14,17199427.42
2020-01-31,DFS,92121,0.006014035949163846,307.5,0.94,23290300.0
2020-01-31,ICE,90993,0.005985859468648121,299.8,0.57,55540219.0
2020-01-31,HBAN,42906,0.0058877876801022595,309.2,1.02,13830462.58
2020-01-31,AMAT,14702,0.005639624466548955,298.9,0.52,53252506.95
2020-01-31,SYF,14776,0.005616275795579778,306.4,0.89,20943115.13
2020-01-31,BLK,87267,0.005476565277431689,291.5,0.17,81844189.55
2020-01-31,ZION,84129,0.005240903941089314,308.0,0.96,7508442.93
2020-01-31,ZTS,13788,0.005184346327138206,294.5,0.31,63924093.55
2020-01-31,SYK,73139,0.0049960582303928015,290.2,0.11,78886080.0
2020-01-31,BIIB,76841,0.004890943371133407,297.3,0.45,46833671.74
2020-01-31,MCHP,78987,0.0047893973720930585,302.4,0.69,23350164.24
2020-01-31,ETFC,83862,0.004558383377328074,304.7,0.8,9488149.64
2020-01-31,EBAY,86356,0.004450251613003122,300.2,0.59,26716478.36
2020-01-31,NTRS,58246,0.00433718685416954,301.2,0.64,20466546.88
2020-01-31,SPGI,17478,0.004064424392335795,288.0,0.0,71787614.44
2020-01-31,RF,35044,0.003980627537196721,301.0,0.63,15019429.23
2020-01-31,MXIM,11896,0.003686055316348648,299.5,0.55,16195967.28
2020-01-31,MRO,15069,0.0036452129740710826,301.0,0.63,9095192.73
2020-01-31,SCHW,75186,0.00338506370581656,288.3,0.01,58512573.45
2020-01-31,WAT,82651,0.0029353544444929683,296.8,0.42,14419684.22
2020-01-31,MTB,35554,0.0027147876890186743,294.1,0.29,22006858.28
2020-01-31,ANSS,83621,0.002511476459094936,292.9,0.24,23519407.36
2020-01-31,KSU,12650,0.002290818905220938,293.7,0.27,16219712.19
2020-01-31,FITB,34746,0.0016485790710999656,290.1,0.1,20186754.4
2020-01-31,KLAC,46886,0.0015192687688441507,288.2,0.01,25983392.85
2020-01-31,CXO,92239,0.0011514551701334954,289.2,0.06,15233977.62
2020-01-31,KEYS,14939,0.001062686325414805,288.3,0.01,17493743.75
2020-02-29,MSFT,10107,0.077397319763889,347.7,2.51,1232255598.41
2020-02-29,AAPL,14593,0.07114507199032223,326.0,1.64,1196081169.05
2020-02-29,GOOGL,90319,0.031913134113547265,338.8,2.16,401634378.75
2020-02-29,JPM,47896,0.031264145724738124,347.3,2.5,356919469.47
2020-02-29,FB,13407,0.02660571647985472,296.2,0.45,463033932.62
2020-02-29,V,92611,0.02565365551561423,331.6,1.87,310086905.18
2020-02-29,MA,91233,0.02456275123345292,331.8,1.88,288590060.25
2020-02-29,GOOG,14542,0.02432762989307149,286.5,0.06,456684729.76
2020-02-29,JNJ,22111,0.02295023168609386,306.5,0.86,354317280.08
2020-02-29,KO,11308,0.022936310608257723,339.2,2.17,229486863.24
2020-02-29,NVDA,86580,0.022885341844749912,355.8,2.84,165282846.12
2020-02-29,INTC,59328,0.02283465730437513,336.6,2.07,237459040.0
2020-02-29,BAC,59408,0.021184715573452535,325.4,1.62,248763105.0
2020-02-29,AMGN,14008,0.019745963204502625,352.6,2.71,117802152.11
2020-02-29,MCO,48506,0.01763832926644002,361.2,3.05,44981622.0
2020-02-29,LRCX,48486,0.015735007605051848,352.3,2.7,42708148.18
2020-02-29,CDNS,11403,0.01532476068328001,356.6,2.87,18530311.52
2020-02-29,BSX,77605,0.014891794279888472,345.6,2.43,52203731.05
2020-02-29,MU,53613,0.014518790116470516,342.1,2.29,58446720.0
2020-02-29,ATVI,79678,0.014317416913008068,344.7,2.39,44714874.86
2020-02-29,PFE,21936,0.013802758241278905,305.2,0.81,185402095.38
2020-02-29,SO,18411,0.013488950626140696,335.6,2.03,63633202.08
2020-02-29,TROW,10138,0.013290107220201998,344.0,2.36,27855198.41
2020-02-29,CPRT,80320,0.012923455899616104,344.3,2.38,19743398.4
2020-02-29,EA,75828,0.012808334087093877,341.2,2.25,29364253.38
2020-02-29,CINF,23473,0.012562530177377951,343.7,2.35,15168842.64
2020-02-29,ORCL,10104,0.012395299223981707,305.2,0.81,158650319.54
2020-02-29,TWTR,14295,0.012118457603696753,338.7,2.15,25775052.4
2020-02-29,NEM,21207,0.011776808543871753,334.3,1.98,36042429.29
2020-02-29,CME,89626,0.011164408686258422,322.0,1.48,71257489.22
2020-02-29,MRK,22752,0.011037697278677023,289.1,0.16,194176754.64
2020-02-29,FLT,12449,0.01079336402437734,332.9,1.92,22683051.03
2020-02-29,MSCI,92402,0.010597525076433287,331.3,1.86,25055675.52
2020-02-29,LLY,50876,0.010595317797970152,306.2,0.85,120628461.66
2020-02-29,KMI,12558,0.010461478601395709,325.8,1.64,43421257.71
2020-02-29,PNC,60442,0.010114555721308312,321.1,1.45,54731200.0
2020-02-29,GS,86868,0.009804096993348301,315.7,1.23,69400768.21
2020-02-29,ALXN,83111,0.009492756813439545,326.9,1.68,20818336.03
2020-02-29,CSX,62148,0.009461901881698476,317.9,1.32,54516041.7
2020-02-29,MS,69032,0.009460659269631957,313.3,1.13,72015443.31
2020-02-29,NDAQ,90601,0.009448096043647101,327.7,1.71,16921980.6
2020-02-29,CSCO,76076,0.00933006981532143,287.1,0.08,169338338.4
2020-02-29,NSC,64311,0.009267825718850181,318.9,1.36,47017855.98
2020-02-29,UNP,48725,0.009230767940770246,302.1,0.69,110310610.41
2020-02-29,ADBE,75510,0.008770016281355054,285.0,0.0,166692960.0
2020-02-29,BKNG,86783,0.0085533833013345,309.4,0.98,69627192.15
2020-02-29,ROP,77338,0.008456920280734899,317.4,1.3,37318888.06
2020-02-29,VRTX,76744,0.008447119171787787,311.9,1.08,58084034.07
2020-02-29,SIVB,11786,0.008020033281731443,322.2,1.49,10730023.52
2020-02-29,NRG,90071,0.007687806260255418,321.2,1.45,8224688.97
2020-02-29,C,70519,0.007634272863732035,288.0,0.12,133677665.02
2020-02-29,CTXS,82686,0.0075599324575082155,319.4,1.38,12651007.18
2020-02-29,BMY,19393,0.007535741160811356,287.6,0.1,133328599.66
2020-02-29,TXN,15579,0.007510841912801219,294.5,0.38,106570805.9
2020-02-29,ICE,90993,0.007227537536981699,308.1,0.93,49378809.0
2020-02-29,BLK,87267,0.007087493193134491,301.5,0.66,71858690.54
2020-02-29,SRE,86136,0.007019550101491792,309.3,0.97,40854339.28
2020-02-29,ZBH,89070,0.006849663647666872,311.8,1.07,28101902.54
2020-02-29,BIIB,76841,0.006471767165741665,303.2,0.73,53679598.7
2020-02-29,COG,76082,0.006344698697979735,315.2,1.21,5552163.68
2020-02-29,COF,81055,0.005850412268503597,303.6,0.75,40345675.98
2020-02-29,FITB,34746,0.005402239068844333,307.4,0.9,17351645.2
2020-02-29,CMA,25081,0.005021085260446101,308.1,0.93,7440453.44
2020-02-29,AMAT,14702,0.004391284148007649,292.9,0.32,53371886.6
2020-02-29,KLAC,46886,0.004274061890443723,300.0,0.6,24097425.69
2020-02-29,QRVO,85035,0.004259756671615653,303.2,0.73,11635597.3
2020-02-29,WAT,82651,0.004064466303360813,302.1,0.69,12113972.62
2020-02-29,SCHW,75186,0.003919975868125735,290.8,0.23,52413302.0
2020-02-29,SPGI,17478,0.003911804926745898,287.5,0.1,64828858.0
2020-02-29,MXIM,11896,0.0036743219775256823,299.4,0.58,14983694.28
2020-02-29,ZTS,13788,0.0035895774576927787,286.3,0.05,63275456.82
2020-02-29,KEY,64995,0.0033795963944877713,297.7,0.51,15857701.5
2020-02-29,ANET,14714,0.0033624340798996057,297.9,0.52,14769624.48
2020-02-29,MTB,35554,0.003228071864590271,296.3,0.45,18310746.06
2020-02-29,FTNT,93132,0.00303070675955198,295.5,0.42,17606880.9
2020-02-29,ANSS,83621,0.002755887020639525,293.3,0.33,20763917.46
2020-02-29,KSU,12650,0.0024056597032184684,293.2,0.33,14488031.72
2020-02-29,TTWO,84761,0.002064340265183996,292.1,0.28,12190811.52
2020-02-29,CFG,14889,0.001834981429369607,290.6,0.22,13545383.46
2020-02-29,ETFC,83862,0.0015562284060840635,290.1,0.2,10151760.78
2020-02-29,GL,62308,0.00152630869653135,290.0,0.2,9964007.78
2020-02-29,MCHP,78987,0.0012033000834367408,285.3,0.01,21728491.98
2020-02-29,MGM,11891,0.0008567550541985257,286.1,0.04,12094179.04
2020-03-31,MSFT,10107,0.08983230797723,344.4,2.51,1197018975.9
2020-03-31,AAPL,14593,0.0776997397454089,318.7,1.34,1099546610.99
2020-03-31,GOOGL,90319,0.033280440529404064,336.6,2.15,348639596.65
2020-03-31,JPM,47896,0.030774132070871305,346.0,2.58,276750149.31
2020-03-31,FB,13407,0.028230589170141818,299.4,0.46,401320800.0
2020-03-31,V,92611,0.025677563695999238,324.1,1.59,274874586.88
2020-03-31,JNJ,22111,0.025366479565585794,302.6,0.61,345704837.76
2020-03-31,MA,91233,0.024823101181557217,330.2,1.86,240178518.36
2020-03-31,AMGN,14008,0.022759776708330355,355.5,3.01,119205240.0
2020-03-31,KO,11308,0.022308991664576918,333.4,2.01,189983038.5
2020-03-31,INTC,59328,0.022202211485896996,321.8,1.48,229144080.0
2020-03-31,BAC,59408,0.020484866606208855,326.7,1.7,185306691.9
2020-03-31,BIIB,76841,0.020077598110997567,362.9,3.35,51629103.06
2020-03-31,MCO,48506,0.018232730765860395,358.2,3.14,39594492.0
2020-03-31,LRCX,48486,0.016630584679345098,352.5,2.88,34837440.0
2020-03-31,MU,53613,0.01637926519059558,348.0,2.67,46778543.16
2020-03-31,BSX,77605,0.016374932992489856,348.3,2.69,45655896.0
2020-03-31,CME,89626,0.014784916812182535,336.7,2.16,61845930.07
2020-03-31,ATVI,79678,0.014636173093299802,340.6,2.34,45820120.6
2020-03-31,PFE,21936,0.014440993686388282,301.3,0.55,181074936.96
2020-03-31,TWTR,14295,0.014396393830632636,347.1,2.63,19236300.72
2020-03-31,TROW,10138,0.013251388786719392,341.2,2.36,22262735.25
2020-03-31,CINF,23473,0.012847180439919798,342.3,2.41,12132360.0
2020-03-31,CPRT,80320,0.012620683927291257,340.2,2.32,16013466.6
2020-03-31,SO,18411,0.012250453523888235,326.9,1.71,57075903.92
2020-03-31,NEM,21207,0.012153644440908407,332.3,1.96,36576640.64
2020-03-31,VRTX,76744,0.011818655208028252,323.7,1.57,61647848.05
2020-03-31,CDNS,11403,0.011800286685923289,335.9,2.12,18437509.48
2020-03-31,ORCL,10104,0.01172695399893244,297.5,0.38,152412714.72
2020-03-31,EA,75828,0.01170010677989085,332.5,1.97,28848960.0
2020-03-31,LLY,50876,0.011366760431405602,301.5,0.56,132760311.36
2020-03-31,MSCI,92402,0.010628386730838005,329.0,1.81,24565933.55
2020-03-31,ADBE,75510,0.009991274305485293,289.6,0.02,153328345.42
2020-03-31,BMY,19393,0.009937693724720933,297.1,0.36,126109687.62
2020-03-31,ALXN,83111,0.009915102978750394,327.2,1.73,19852569.0
2020-03-31,PNC,60442,0.009510945339563063,319.4,1.37,41037748.44
2020-03-31,SIVB,11786,0.009453586861152517,328.6,1.79,7779109.2
2020-03-31,TXN,15579,0.009353681695886807,304.2,0.68,92083596.33
2020-03-31,NDAQ,90601,0.009345419189717378,325.9,1.67,15603893.1
2020-03-31,ABBV,13721,0.008764068415888757,295.8,0.3,112507715.87
2020-03-31,CSX,62148,0.00867089997647819,314.9,1.17,43861201.8
2020-03-31,KMI,12558,0.00848806776762571,317.6,1.29,31529676.96
2020-03-31,GS,86868,0.008039700870572162,309.4,0.92,53437589.07
2020-03-31,FLT,12449,0.008003717772678316,319.9,1.39,15935924.81
2020-03-31,UNP,48725,0.007717463354459927,295.5,0.29,97354404.54
2020-03-31,FITB,34746,0.007656781635687199,319.9,1.39,10562894.1
2020-03-31,KEY,64995,0.007283379955461282,318.4,1.33,10057759.3
2020-03-31,BLK,87267,0.007238358056559021,301.7,0.57,68119675.16
2020-03-31,CTXS,82686,0.007190189342531277,315.9,1.21,17410791.55
2020-03-31,BKNG,86783,0.007145078074963842,305.0,0.72,55063945.55
2020-03-31,MS,69032,0.007067390339394188,305.5,0.74,52101532.0
2020-03-31,NRG,90071,0.006984073232729422,318.0,1.31,6829774.92
2020-03-31,ETFC,83862,0.006760262750559665,316.8,1.25,7585818.24
2020-03-31,ICE,90993,0.0066800107657878,306.0,0.76,44342893.5
2020-03-31,NSC,64311,0.006591170045438265,306.7,0.8,40504050.0
2020-03-31,COF,81055,0.0065555262385282205,311.5,1.01,23063166.82
2020-03-31,ROP,77338,0.006475701639420648,308.3,0.87,33086159.1
2020-03-31,CMA,25081,0.006445450150280688,316.4,1.24,4117692.96
2020-03-31,URI,85663,0.0063082592120426596,314.8,1.16,7622626.2
2020-03-31,ZBH,89070,0.006210825407004393,310.6,0.97,20891416.56
2020-03-31,GILD,77274,0.006053367562121139,289.2,0.0,93749040.0
2020-03-31,COG,76082,0.005940402885324575,313.4,1.1,6851521.44
2020-03-31,CFG,14889,0.005562764785453519,311.4,1.01,8040033.54
2020-03-31,MXIM,11896,0.005448826793876824,309.5,0.92,12960641.25
2020-03-31,SCHW,75186,0.005268542075533404,300.1,0.5,43242581.92
2020-03-31,QRVO,85035,0.004322686806078083,305.6,0.75,9242213.75
2020-03-31,TFC,71563,0.004314119962190271,296.4,0.33,41479861.68
2020-03-31,MCHP,78987,0.004118345547170366,302.6,0.61,16633102.8
2020-03-31,REGN,76614,0.004046931045368827,291.7,0.11,53878896.28
2020-03-31,HBAN,42906,0.00396822693728346,304.3,0.69,8326729.78
2020-03-31,SRE,86136,0.003768996420464572,296.4,0.33,33037485.07
2020-03-31,ZTS,13788,0.0036318532883630357,289.3,0.0,55894982.46
2020-03-31,KLAC,46886,0.0032565741238070093,297.2,0.36,22286744.81
2020-03-31,SNPS,77357,0.0028623313324845,296.3,0.32,19347733.83
2020-03-31,MTB,35554,0.002253733065214962,295.3,0.28,13440831.93
2020-03-31,RF,35044,0.0021221262773287756,296.1,0.31,8587815.21
2020-03-31,EBAY,86356,0.0020194724539086915,292.1,0.13,21072060.0
2020-03-31,COO,65541,0.002017066951882903,293.9,0.21,14701481.63
2020-03-31,WAT,82651,0.0019120529583147097,294.4,0.24,11315863.9
2020-03-31,FTNT,93132,0.0018573561252281086,292.7,0.16,16450242.0
2020-03-31,ZION,84129,0.001828011151016833,296.0,0.31,4384679.52
2020-03-31,KSU,12650,0.0010622203216515257,290.4,0.05,12228484.18
2020-03-31,GL,62308,0.0010216215138171955,291.5,0.1,7729362.09
2020-04-30,MSFT,10107,0.08935871301332447,341.2,2.32,1359028358.23
2020-04-30,AAPL,14593,0.07931962023746522,314.7,1.29,1273427579.66
2020-04-30,GOOGL,90319,0.03299866327686386,332.4,1.97,404077320.0
2020-04-30,JNJ,22111,0.030769738276359586,323.5,1.63,395294607.45
2020-04-30,INTC,59328,0.02662999460109977,343.1,2.39,256534460.0
2020-04-30,AMGN,14008,0.0262086416171219,375.1,3.63,140720447.34
2020-04-30,V,92611,0.02497568050932189,320.3,1.51,304900609.28
2020-04-30,JPM,47896,0.02354340019194792,316.8,1.37,291736383.12
2020-04-30,MA,91233,0.021931224965469245,314.0,1.26,273056483.77
2020-04-30,PFE,21936,0.02143133890183497,329.2,1.85,212807432.04
2020-04-30,BIIB,76841,0.020306550826044347,371.9,3.51,48438795.58
2020-04-30,LLY,50876,0.02014665951751996,341.7,2.34,147996356.32
2020-04-30,KO,11308,0.019193603834296285,322.3,1.58,197092547.99
2020-04-30,BSX,77605,0.018654211366387948,362.2,3.13,52442016.0
2020-04-30,MRK,22752,0.017401051821408022,312.1,1.19,200340402.58
2020-04-30,ORCL,10104,0.017357582537592627,321.7,1.56,167045344.48
2020-04-30,EA,75828,0.017322828301015798,361.1,3.09,32906880.0
2020-04-30,BAC,59408,0.016324651110598682,304.1,0.88,208645462.35
2020-04-30,MCO,48506,0.015434196755711418,347.6,2.56,45660029.33
2020-04-30,ATVI,79678,0.015049351708846491,344.6,2.45,49103009.05
2020-04-30,LRCX,48486,0.014379335790025706,344.7,2.45,37056955.36
2020-04-30,CTXS,82686,0.014311058322769164,350.0,2.66,17901628.28
2020-04-30,VRTX,76744,0.013697243451372111,332.9,1.99,65130382.4
2020-04-30,NEM,21207,0.013650577496739138,337.7,2.18,48047230.24
2020-04-30,CSCO,76076,0.013164320496143678,296.6,0.59,178843600.0
2020-04-30,CDNS,11403,0.013152061964332884,342.6,2.37,22730029.84
2020-04-30,ALXN,83111,0.012766835627242344,340.3,2.28,23793965.47
2020-04-30,CME,89626,0.012676600796715523,328.0,1.8,63903436.44
2020-04-30,SO,18411,0.012117990954517648,326.3,1.74,59904383.88
2020-04-30,GILD,77274,0.011829837024003774,311.4,1.16,105367332.0
2020-04-30,ADBE,75510,0.011759440438114182,291.7,0.4,170902900.35
2020-04-30,BMY,19393,0.011598020860094694,300.7,0.74,137580375.03
2020-04-30,REGN,76614,0.010934290225037583,320.7,1.52,58200717.24
2020-04-30,ABBV,13721,0.010380049493874905,299.2,0.69,121382520.6
2020-04-30,COG,76082,0.010191367274962514,331.5,1.94,8617213.12
2020-04-30,MSCI,92402,0.009989661484094968,324.8,1.68,27799905.0
2020-04-30,UNP,48725,0.009949007926553476,300.8,0.75,108428373.93
2020-04-30,WAT,82651,0.009837056614460396,328.8,1.83,11576983.0
2020-04-30,TROW,10138,0.009749306409963432,324.0,1.65,26311490.87
2020-04-30,NDAQ,90601,0.009389644135046536,324.6,1.67,17993666.57
2020-04-30,CSX,62148,0.009321651968063943,314.6,1.28,50696813.18
2020-04-30,NRG,90071,0.009267344327307976,326.8,1.76,8400673.26
2020-04-30,TWTR,14295,0.009027044356821645,321.4,1.55,22503159.72
2020-04-30,CPRT,80320,0.008892801519637339,321.8,1.56,18801897.11
2020-04-30,CINF,23473,0.008693844526245435,323.2,1.62,10580771.6
2020-04-30,MU,53613,0.007874395307190519,306.4,0.97,53199755.86
2020-04-30,TXN,15579,0.00778411064819383,290.2,0.34,106525912.11
2020-04-30,NEE,24205,0.007618497024073343,287.4,0.23,113121684.0
2020-04-30,ROP,77338,0.007507302676554629,309.7,1.09,35601485.82
2020-04-30,BKNG,86783,0.007444549760887029,302.0,0.8,60601208.62
2020-04-30,SIVB,11786,0.007319437915489944,316.3,1.35,9950766.21
2020-04-30,BLK,87267,0.007287871905333018,296.1,0.57,77859376.99
2020-04-30,KMI,12558,0.006762095825389667,306.2,0.96,34442447.01
2020-04-30,ICE,90993,0.006632315800244322,301.2,0.76,49120394.1
2020-04-30,SCHW,75186,0.00609571165118128,298.6,0.66,48556050.72
2020-04-30,CMA,25081,0.0059217346735091075,310.6,1.13,4846760.1
2020-04-30,ANET,14714,0.005798680292998147,306.5,0.97,16592018.7
2020-04-30,EBAY,86356,0.00536051119984968,300.9,0.75,27914974.99
2020-04-30,GS,86868,0.005296749950659516,290.1,0.33,63403341.66
2020-04-30,NSC,64311,0.00528226206468271,295.8,0.55,43832229.46
2020-04-30,PNC,60442,0.005265166597829044,295.3,0.54,45228080.0
2020-04-30,ZBH,89070,0.004984829727138466,299.9,0.71,24739835.4
2020-04-30,ZTS,13788,0.004096505750710671,284.5,0.12,61410612.1
2020-04-30,SPGI,17478,0.004037948270511243,281.5,0.0,70554792.0
2020-04-30,MXIM,11896,0.003981171555990526,297.7,0.63,14659042.5
2020-04-30,SNPS,77357,0.003800938578478837,294.1,0.49,23710664.96
2020-04-30,COO,65541,0.00378450900234135,296.5,0.58,15289711.53
2020-04-30,KLAC,46886,0.003667268112939567,292.9,0.44,25441990.41
2020-04-30,ETFC,83862,0.0036559619846418838,297.7,0.63,8976678.06
2020-04-30,FTNT,93132,0.003333123303587218,293.2,0.45,18586766.1
2020-04-30,SRE,86136,0.0032944850042675197,287.8,0.24,36212873.05
2020-04-30,QRVO,85035,0.0028348826791476404,292.8,0.44,11236688.75
2020-04-30,TTWO,84761,0.0027453883792822164,291.6,0.39,13739901.3
2020-04-30,FLT,12449,0.0025566675661951267,288.6,0.28,20609746.25
2020-04-30,ANSS,83621,0.002446414922303844,287.5,0.23,22411337.99
2020-04-30,FITB,34746,0.0023907961979567106,289.9,0.33,13305635.28
2020-04-30,MTB,35554,0.0023464878138468068,289.3,0.3,14564908.08
2020-04-30,INCY,79906,0.0015252869736287864,283.1,0.06,21228647.18
2020-04-30,NTRS,58246,0.0012335120839232284,283.0,0.06,16469396.32
2020-04-30,KEY,64995,0.001069107178649527,283.7,0.09,11224378.9
2020-04-30,ZION,84129,0.001033502732776746,285.3,0.15,5179677.82
2020-04-30,KSU,12650,0.0008457220332448434,282.2,0.03,12404861.0
2020-05-31,MSFT,10107,0.07869395321119663,343.4,2.11,1389665380.0
2020-05-31,AAPL,14593,0.07377737874922417,317.8,1.24,1378058469.9
2020-05-31,GOOG,14542,0.0316620534877614,329.1,1.62,480348618.49
2020-05-31,GOOGL,90319,0.031168470674750662,340.7,2.01,430127682.0
2020-05-31,FB,13407,0.029733582415707,299.9,0.63,542122062.12
2020-05-31,JNJ,22111,0.02869879220606942,337.2,1.9,391896006.25
2020-05-31,INTC,59328,0.02570065423396249,355.0,2.5,269151610.0
2020-05-31,V,92611,0.024189432902597802,328.7,1.61,329391763.75
2020-05-31,AMGN,14008,0.022454540356860897,374.6,3.17,135120335.9
2020-05-31,NEM,21207,0.019928538848287717,385.2,3.53,46927144.95
2020-05-31,VRTX,76744,0.019132315854143486,372.5,3.09,74661402.33
2020-05-31,MA,91233,0.01883388827344497,306.0,0.84,298796116.42
2020-05-31,EA,75828,0.01705727253048846,371.6,3.06,35473981.44
2020-05-31,BIIB,76841,0.01694325840015458,366.7,2.9,50113095.83
2020-05-31,PFE,21936,0.016451164851345606,317.0,1.21,212139110.46
2020-05-31,ORCL,10104,0.016281885464833584,328.3,1.59,169568211.68
2020-05-31,JPM,47896,0.015834708659555722,289.0,0.26,296505808.13
2020-05-31,LLY,50876,0.01512743124387068,328.2,1.59,146378962.1
2020-05-31,NLOK,75607,0.015075378831321505,366.3,2.88,13418080.62
2020-05-31,KO,11308,0.014656875703901284,309.8,0.96,200485511.88
2020-05-31,MRK,22752,0.014596022414858639,308.5,0.92,203745432.72
2020-05-31,MCO,48506,0.014142618353210361,350.2,2.34,50139375.0
2020-05-31,GILD,77274,0.013839895081864909,334.7,1.81,97627850.59
2020-05-31,CDNS,11403,0.013379284715580524,352.8,2.42,25576536.72
2020-05-31,NEE,24205,0.012911152941560554,321.3,1.36,125083842.0
2020-05-31,BAC,59408,0.012828545786045767,296.5,0.51,209255737.32
2020-05-31,BSX,77605,0.012745542980011805,341.1,2.03,53161306.5
2020-05-31,LRCX,48486,0.012477113711519515,343.4,2.11,39726485.99
2020-05-31,ATVI,79678,0.01233185081425219,338.0,1.92,55459510.3
2020-05-31,ALXN,83111,0.012285708691319511,346.1,2.2,26477157.3
2020-05-31,VZ,65875,0.012190156844507567,284.6,0.11,237438153.1
2020-05-31,ABBV,13721,0.012171384094028967,305.9,0.83,163316233.14
2020-05-31,REGN,76614,0.011998173694154951,334.2,1.79,61812306.27
2020-05-31,CTXS,82686,0.011119734290138723,341.6,2.04,18285562.12
2020-05-31,ADBE,75510,0.01107227290845757,293.0,0.39,185568004.8
2020-05-31,CSCO,76076,0.011058778969297725,288.2,0.23,201910194.72
2020-05-31,CSX,62148,0.0109405999673409,330.0,1.65,54792056.28
2020-05-31,NRG,90071,0.010926120709805955,343.2,2.1,8799336.35
2020-05-31,UNP,48725,0.010578381695187274,310.4,0.98,115261560.48
2020-05-31,EBAY,86356,0.010332051887059532,333.0,1.75,32000001.66
2020-05-31,MU,53613,0.009694515058886364,323.1,1.42,53275920.0
2020-05-31,ANET,14714,0.00954443418274421,332.5,1.74,17674090.06
2020-05-31,ALGN,88860,0.009032084288527864,329.0,1.62,19345768.06
2020-05-31,TROW,10138,0.008685405973742599,324.6,1.47,27510674.1
2020-05-31,CME,89626,0.008526965396587366,312.7,1.06,65477624.59
2020-05-31,NDAQ,90601,0.00830630329486357,324.7,1.47,19435850.66
2020-05-31,HOLX,76095,0.008092135646600912,325.1,1.48,13684918.0
2020-05-31,MSCI,92402,0.007756350287328668,319.0,1.28,27957183.6
2020-05-31,TXN,15579,0.007604004048696933,294.7,0.45,108976366.02
2020-05-31,SIVB,11786,0.007454055768780853,322.1,1.38,11062416.75
2020-05-31,FTNT,93132,0.007030244077491567,316.3,1.19,22501540.8
2020-05-31,COG,76082,0.006976667418435327,320.2,1.32,7907747.84
2020-05-31,EW,87657,0.006946717949961539,308.9,0.93,46417039.6
2020-05-31,CPRT,80320,0.006921980908294125,316.1,1.18,20986805.42
2020-05-31,BLK,87267,0.006903940226975563,298.5,0.58,81549065.22
2020-05-31,SPGI,17478,0.005861404082043134,293.3,0.4,78297315.59
2020-05-31,URI,85663,0.0058230110181927185,312.8,1.07,10006885.61
2020-05-31,MXIM,11896,0.005695947161387074,310.5,0.99,15378930.0
2020-05-31,TWTR,14295,0.005539190537654373,307.0,0.87,24299960.13
2020-05-31,SCHW,75186,0.005409267470410941,299.9,0.63,46231000.83
2020-05-31,WAT,82651,0.005208849497704332,308.5,0.92,12372514.27
2020-05-31,VRSN,85753,0.0051808966863101215,304.6,0.79,25304195.23
2020-05-31,SRE,86136,0.005140805896798767,301.0,0.67,36949843.23
2020-05-31,AMP,90880,0.005000978102712449,305.9,0.83,17135744.81
2020-05-31,ICE,90993,0.00491987144403169,295.0,0.46,53217339.5
2020-05-31,ZTS,13788,0.004724704761382802,290.1,0.3,66202025.99
2020-05-31,QRVO,85035,0.004681980986671649,305.5,0.82,12017239.16
2020-05-31,ETFC,83862,0.0040089234523843775,302.1,0.7,10066434.84
2020-05-31,SNPS,77357,0.003953227657198756,296.8,0.52,27279237.99
2020-05-31,FLT,12449,0.003481413923497478,296.0,0.5,20430088.74
2020-05-31,ROP,77338,0.0033751031531922037,289.4,0.27,41111537.56
2020-05-31,CTL,60599,0.003280176805932503,297.6,0.55,10788444.66
2020-05-31,SO,18411,0.003278670903248608,283.3,0.06,60263408.92
2020-05-31,TFX,44329,0.0032376715781550886,295.6,0.48,16845775.04
2020-05-31,NSC,64311,0.003191353936038211,287.0,0.19,45674151.35
2020-05-31,KEYS,14939,0.003060918609679427,293.6,0.41,20166245.0
2020-05-31,FMC,19166,0.0020343193162946594,289.7,0.28,12738879.27
2020-05-31,NTRS,58246,0.0020289815661419016,288.6,0.24,16438188.52
2020-05-31,A,87432,0.0019500811758024663,285.0,0.12,27292639.14
2020-05-31,KHC,15408,0.0018771033957145173,281.7,0.01,37229251.51
2020-05-31,KMI,12558,0.001752691661462042,281.4,0.0,35731494.6
2020-05-31,KSU,12650,0.0014996832423592229,286.1,0.16,14302410.4
2020-06-30,MSFT,10107,0.08243853172829983,336.1,1.86,1540774134.29
2020-06-30,AAPL,14593,0.07977446141042589,313.3,1.12,1562780904.36
2020-06-30,GOOG,14542,0.031208401234199927,332.7,1.75,473123954.77
2020-06-30,GOOGL,90319,0.030894375637365534,344.6,2.14,425728404.06
2020-06-30,FB,13407,0.02879493546869695,296.5,0.57,546330444.06
2020-06-30,NVDA,86580,0.02555063516776345,367.8,2.89,233644650.0
2020-06-30,JNJ,22111,0.025393972223733782,326.9,1.56,370503094.85
2020-06-30,INTC,59328,0.02411488255281518,352.9,2.41,254456990.0
2020-06-30,V,92611,0.02332561222159979,327.2,1.57,325899425.04
2020-06-30,AMGN,14008,0.020488622453636317,364.5,2.78,138308304.0
2020-06-30,NEM,21207,0.018894519327225027,380.6,3.31,49551597.9
2020-06-30,MA,91233,0.018882881604649154,309.3,0.99,293642233.63
2020-06-30,VRTX,76744,0.018581705907003337,371.1,3.0,75516598.44
2020-06-30,BIIB,76841,0.01621070219388986,366.2,2.84,42356641.57
2020-06-30,EA,75828,0.016142375321599102,367.0,2.87,38175655.0
2020-06-30,LLY,50876,0.015282103503506287,327.0,1.56,157126489.27
2020-06-30,JPM,47896,0.014921442691971537,287.0,0.26,286602983.38
2020-06-30,PFE,21936,0.014607751805129727,315.7,1.2,181643071.8
2020-06-30,NLOK,75607,0.014217848360648717,362.9,2.73,11680445.07
2020-06-30,ABBV,13721,0.014182502872841948,315.6,1.19,173026737.56
2020-06-30,KO,11308,0.013695530115071207,307.1,0.92,191895729.88
2020-06-30,MCO,48506,0.013668590042044921,347.9,2.24,51511876.88
2020-06-30,ORCL,10104,0.013597221187254899,313.0,1.11,169606054.14
2020-06-30,NEE,24205,0.013127101311561938,325.3,1.51,117551206.5
2020-06-30,MRK,22752,0.012778280918308658,300.5,0.7,195188730.33
2020-06-30,CDNS,11403,0.01275364423647695,349.5,2.3,26753072.24
2020-06-30,CSCO,76076,0.012145128482427412,296.1,0.56,196927885.44
2020-06-30,LRCX,48486,0.012039704886085963,339.2,1.96,47008763.81
2020-06-30,NRG,90071,0.012007411416286997,350.4,2.33,7947472.72
2020-06-30,ATVI,79678,0.011889151338349745,334.9,1.82,58572485.4
2020-06-30,UNP,48725,0.011821825592469207,318.1,1.28,114725498.55
2020-06-30,ALXN,83111,0.011691363623098215,343.6,2.1,24591784.0
2020-06-30,CSX,62148,0.01169028642959033,335.2,1.83,53354796.22
2020-06-30,REGN,76614,0.011656126648061538,331.6,1.71,64971859.08
2020-06-30,ALGN,88860,0.011225016502442405,341.6,2.04,21620657.64
2020-06-30,GILD,77274,0.011118575514567849,319.1,1.31,96482760.0
2020-06-30,BAC,59408,0.010983851437280024,286.3,0.24,206045761.25
2020-06-30,ADBE,75510,0.010968331340029572,285.4,0.21,208802971.15
2020-06-30,EBAY,86356,0.010766515931891266,334.3,1.8,36977250.0
2020-06-30,CTXS,82686,0.010594232212033013,338.7,1.95,18269399.47
2020-06-30,BSX,77605,0.010562816988220154,329.2,1.64,50162815.63
2020-06-30,ANET,14714,0.00968474844726186,333.8,1.79,15900321.15
2020-06-30,CPRT,80320,0.009402534933157155,331.0,1.69,19549964.06
2020-06-30,CME,89626,0.008940980970638416,316.9,1.24,58144943.0
2020-06-30,AMP,90880,0.008012025288304135,322.8,1.43,18355442.26
2020-06-30,NDAQ,90601,0.007958321156538087,322.1,1.41,19622828.03
2020-06-30,MU,53613,0.007889470453293933,310.7,1.03,57238616.96
2020-06-30,SIVB,11786,0.007653828242897355,322.7,1.42,11151737.73
2020-06-30,FTNT,93132,0.0073491682858291725,317.6,1.26,22210286.0
2020-06-30,COG,76082,0.007319397122829951,321.9,1.4,6847535.68
2020-06-30,TWTR,14295,0.007225483991398063,316.5,1.22,23374097.91
2020-06-30,HOLX,76095,0.007125107903816433,318.4,1.29,14748351.0
2020-06-30,MSCI,92402,0.00708896273392892,314.2,1.15,28379708.15
2020-06-30,TROW,10138,0.007039986499507367,314.0,1.14,28033265.0
2020-06-30,TXN,15579,0.0063964087976846416,284.3,0.18,116252589.27
2020-06-30,ETFC,83862,0.0063288419006104725,314.6,1.16,10994954.89
2020-06-30,EW,87657,0.006229353786124168,304.7,0.84,42824979.04
2020-06-30,SPGI,17478,0.006191090238794017,293.8,0.48,79371734.41
2020-06-30,ICE,90993,0.005974040701084031,301.0,0.72,50125535.2
2020-06-30,SCHW,75186,0.005656577599804969,301.0,0.72,43437314.62
2020-06-30,WAT,82651,0.005556306735296571,309.8,1.01,11168382.98
2020-06-30,ROP,77338,0.0054699320043953715,300.7,0.71,40533180.26
2020-06-30,BLK,87267,0.005334012809339228,287.2,0.27,83932416.21
2020-06-30,VRSN,85753,0.004902815911421057,302.1,0.75,23787725.13
2020-06-30,SRE,86136,0.004848513281700225,298.7,0.64,34295050.35
2020-06-30,QRVO,85035,0.004715242086872506,304.2,0.82,12639547.62
2020-06-30,NSC,64311,0.004428398398992357,293.0,0.46,44977349.59
2020-06-30,MNST,88031,0.004370287739988713,295.1,0.53,36556664.52
2020-06-30,ZTS,13788,0.0039839969978818085,284.4,0.18,65085909.89
2020-06-30,MKTX,90454,0.0037485860740735987,296.4,0.57,19003903.34
2020-06-30,MS,69032,0.003612361500033369,278.9,0.0,76104184.8
2020-06-30,MXIM,11896,0.0035327689755181102,295.9,0.55,16170566.17
2020-06-30,URI,85663,0.0033237133649862837,296.2,0.56,10738182.24
2020-06-30,SO,18411,0.002989209830663463,281.3,0.08,54751318.6
2020-06-30,ADSK,85631,0.002716205911142808,280.3,0.05,52426620.96
2020-06-30,FLT,12449,0.002269269000657179,286.7,0.25,21078717.06
2020-06-30,KSU,12650,0.002202332891153652,288.3,0.31,14185534.85
2020-06-30,KMI,12558,0.002018788236250234,281.3,0.08,34306757.79
2020-06-30,TFX,44329,0.00192442241428164,285.8,0.22,16897771.96
2020-06-30,SNPS,77357,0.001493279371512115,279.5,0.02,29403855.0
2020-06-30,FMC,19166,0.0013928654327718545,283.7,0.16,12895510.14
2020-06-30,NTRS,58246,0.0010113921370111072,280.3,0.05,16510098.62
2020-07-31,AAPL,14593,0.08592140462134083,311.4,1.05,1817315518.12
2020-07-31,MSFT,10107,0.07852393251572821,339.6,1.93,1551444465.85
2020-07-31,FB,13407,0.030332720413676014,298.6,0.65,609894214.94
2020-07-31,GOOG,14542,0.029079149218099114,323.3,1.42,494761414.41
2020-07-31,GOOGL,90319,0.028899163289714803,335.7,1.81,447085809.43
2020-07-31,NVDA,86580,0.025804233053178686,368.5,2.84,261972030.0
2020-07-31,JNJ,22111,0.02535469742458809,331.0,1.66,383760254.15
2020-07-31,V,92611,0.021992152319160758,327.3,1.55,321015715.94
2020-07-31,INTC,59328,0.02081340729085306,353.3,2.36,202995690.0
2020-07-31,AMGN,14008,0.02016245282511602,366.1,2.76,143301750.98
2020-07-31,NEM,21207,0.01890732464427471,383.0,3.29,55572513.2
2020-07-31,MA,91233,0.018322410886295264,308.0,0.95,306227132.08
2020-07-31,VRTX,76744,0.018304978697892913,374.8,3.03,70847024.0
2020-07-31,ALGN,88860,0.01785858054293934,385.5,3.37,23149197.13
2020-07-31,EA,75828,0.01728995519263225,376.8,3.09,40942342.0
2020-07-31,LLY,50876,0.015076707384688252,333.4,1.74,143747866.74
2020-07-31,PFE,21936,0.014701918703045196,311.1,1.04,213750012.32
2020-07-31,ABBV,13721,0.014574726290974975,323.5,1.43,167263879.22
2020-07-31,BIIB,76841,0.013952360097520274,354.7,2.4,43486997.97
2020-07-31,JPM,47896,0.013865780419122849,282.8,0.16,294464302.72
2020-07-31,ADBE,75510,0.013752983287578326,305.2,0.86,213124757.6
2020-07-31,ORCL,10104,0.013735173459673542,317.3,1.24,170158416.9
2020-07-31,NLOK,75607,0.01372466005990536,362.0,2.63,12677014.35
2020-07-31,ALXN,83111,0.013393951812222533,357.1,2.48,22463040.77
2020-07-31,CSX,62148,0.013242438865228287,347.0,2.16,54578881.02
2020-07-31,KO,11308,0.012956409338392674,303.0,0.79,202916538.36
2020-07-31,MCO,48506,0.012911175692432239,345.4,2.11,52743748.12
2020-07-31,CDNS,11403,0.012874466666026518,351.5,2.3,30458244.5
2020-07-31,MRK,22752,0.012798905121237679,302.1,0.76,202533864.24
2020-07-31,NEE,24205,0.012579838210039456,319.2,1.3,137444198.5
2020-07-31,LRCX,48486,0.012331647662922343,341.1,1.98,54813039.96
2020-07-31,EBAY,86356,0.012068802454029358,344.0,2.07,38689421.68
2020-07-31,ATVI,79678,0.012027029520548776,336.6,1.84,63779783.36
2020-07-31,REGN,76614,0.01173872328194176,334.1,1.76,66078495.06
2020-07-31,CSCO,76076,0.011605764076472867,295.3,0.55,199572496.8
2020-07-31,GILD,77274,0.011316555790750402,325.4,1.49,87171429.72
2020-07-31,CTXS,82686,0.010837689517681702,342.1,2.01,17635427.08
2020-07-31,UNP,48725,0.010734455746350569,313.0,1.1,117676747.44
2020-07-31,NRG,90071,0.010624214099710805,343.4,2.05,8252581.47
2020-07-31,VZ,65875,0.010556970789343386,277.7,0.0,237855343.92
2020-07-31,BAC,59408,0.010535560723064693,283.9,0.19,215562758.24
2020-07-31,BSX,77605,0.009908987443946337,325.5,1.49,55106231.81
2020-07-31,AMP,90880,0.009796209420637534,335.1,1.79,18794633.31
2020-07-31,COG,76082,0.008356044799038,329.1,1.61,7453446.0
2020-07-31,NDAQ,90601,0.008295552221978976,324.7,1.47,21568717.98
2020-07-31,ANET,14714,0.007805151441405363,322.1,1.39,19665887.09
2020-07-31,CPRT,80320,0.0077188648251888614,320.9,1.35,21943123.75
2020-07-31,HOLX,76095,0.007687567306850441,321.8,1.38,18071973.3
2020-07-31,SIVB,11786,0.007681729063533277,323.6,1.43,11608439.47
2020-07-31,CME,89626,0.007422781305949982,308.3,0.96,59596132.73
2020-07-31,FTNT,93132,0.007394823369279662,318.7,1.28,22381365.6
2020-07-31,MSCI,92402,0.007078929633528174,314.1,1.14,31445840.1
2020-07-31,TROW,10138,0.006965239426314634,313.4,1.11,31346768.87
2020-07-31,ETFC,83862,0.006696681694583824,317.4,1.24,11224891.61
2020-07-31,TXN,15579,0.006293866322887088,284.8,0.22,116828657.2
2020-07-31,BLK,87267,0.006092442505006816,291.8,0.44,87666026.12
2020-07-31,SPGI,17478,0.005807418538085049,290.9,0.41,84410250.0
2020-07-31,URI,85663,0.005665058468434926,310.8,1.03,11199069.6
2020-07-31,NSC,64311,0.0055488178838111225,299.3,0.67,49034503.44
2020-07-31,ROP,77338,0.005532384928678196,300.3,0.71,45146483.69
2020-07-31,MS,69032,0.005245124485699107,289.4,0.37,77018065.28
2020-07-31,TWTR,14295,0.005061658419118063,302.0,0.76,28560495.6
2020-07-31,ICE,90993,0.004972283240002632,294.6,0.53,52578348.06
2020-07-31,MXIM,11896,0.004881357601630901,303.8,0.82,18166207.73
2020-07-31,QRVO,85035,0.004709207926264269,303.7,0.81,14639342.26
2020-07-31,WAT,82651,0.00447355694840193,302.6,0.78,13199526.28
2020-07-31,VRSN,85753,0.004404707533511734,299.0,0.67,24312293.57
2020-07-31,SRE,86136,0.004379580342689971,295.4,0.55,36410150.7
2020-07-31,SCHW,75186,0.004142522476320372,292.1,0.45,42677740.95
2020-07-31,ZTS,13788,0.004024885154339196,283.0,0.17,72039046.13
2020-07-31,ADSK,85631,0.0039875054628465065,288.5,0.34,51849096.81
2020-07-31,MNST,88031,0.003554517215339185,288.7,0.34,41390038.08
2020-07-31,MKTX,90454,0.0034626260530917015,294.3,0.52,19620132.78
2020-07-31,FLT,12449,0.003334962882173635,292.9,0.47,21668683.98
2020-07-31,MU,53613,0.0033269696069042954,283.2,0.17,55611004.89
2020-07-31,EW,87657,0.002210591300088288,278.0,0.01,48750711.81
2020-07-31,TFX,44329,0.002206712273937896,286.9,0.29,17355120.07
2020-07-31,KSU,12650,0.002067497566182576,286.3,0.27,16329187.95
2020-07-31,SNPS,77357,0.0020288562856365464,282.1,0.14,30233228.76
2020-07-31,KMI,12558,0.0018693387279585794,280.6,0.09,31915857.6
2020-07-31,FMC,19166,0.0011401489026793888,281.1,0.11,13727854.35
2020-07-31,MTB,35554,0.0006813669896500755,278.2,0.02,13592749.3
2020-08-31,AAPL,14593,0.09818282663926647,318.1,1.16,2206911074.41
2020-08-31,MSFT,10107,0.08085455940305472,339.9,1.89,1706732781.09
2020-08-31,FB,13407,0.034661724017498646,314.1,1.03,704935506.44
2020-08-31,GOOGL,90319,0.03029738345026861,342.2,1.96,489626517.64
2020-08-31,GOOG,14542,0.02931654995370004,322.2,1.3,545213124.26
2020-08-31,NVDA,86580,0.02810152644031471,369.3,2.86,330082647.66
2020-08-31,JNJ,22111,0.024262340325954455,327.4,1.47,403901376.43
2020-08-31,NEM,21207,0.020302063607517993,392.0,3.61,54030616.88
2020-08-31,VRTX,76744,0.018900710553317625,378.8,3.17,72701549.04
2020-08-31,ALGN,88860,0.018788550548706866,390.6,3.56,23398164.05
2020-08-31,V,92611,0.01743876329794631,297.9,0.5,357416640.79
2020-08-31,AMGN,14008,0.01700742608652414,348.2,2.16,148368009.94
2020-08-31,INTC,59328,0.016460383664033813,327.6,1.48,216690350.0
2020-08-31,NLOK,75607,0.01614215582963163,377.0,3.11,13900390.56
2020-08-31,BIIB,76841,0.015796056886396143,366.9,2.78,45537152.9
2020-08-31,MA,91233,0.015672563368521256,287.7,0.16,355516469.84
2020-08-31,REGN,76614,0.015494709265871985,360.2,2.56,64809340.94
2020-08-31,PG,18163,0.015368312470901618,288.8,0.2,343900414.71
2020-08-31,PFE,21936,0.015303743599984935,322.3,1.3,209994495.2
2020-08-31,ADBE,75510,0.015274113608072066,312.9,0.99,246427204.8
2020-08-31,CDNS,11403,0.01491977685040109,365.3,2.73,30921042.54
2020-08-31,ORCL,10104,0.014789887158950053,327.9,1.49,175589984.04
2020-08-31,LLY,50876,0.014621399181401505,335.4,1.74,141930583.3
2020-08-31,EBAY,86356,0.014502662897214079,360.9,2.58,38339481.18
2020-08-31,MCO,48506,0.013625188408645156,351.3,2.26,55303929.88
2020-08-31,EA,75828,0.013558580147214712,354.7,2.37,40278517.59
2020-08-31,ANET,14714,0.013245282910275496,358.7,2.51,16988009.7
2020-08-31,MRK,22752,0.013209622661968033,308.2,0.84,215668380.07
2020-08-31,CSCO,76076,0.013168699354124264,317.3,1.14,178735203.5
2020-08-31,CSX,62148,0.013064265421867265,347.1,2.12,58495952.38
2020-08-31,ATVI,79678,0.01242120543636285,341.7,1.94,64466749.44
2020-08-31,CTXS,82686,0.011796750098163541,349.7,2.21,17936846.4
2020-08-31,UNP,48725,0.011469859439941523,319.2,1.2,130635777.16
2020-08-31,HOLX,76095,0.011197285401938314,346.7,2.11,15466584.2
2020-08-31,NEE,24205,0.010863573805013755,314.0,1.03,136695037.06
2020-08-31,NRG,90071,0.010405491562268013,343.7,2.01,8400788.58
2020-08-31,KO,11308,0.010160736409158789,290.5,0.25,212753093.67
2020-08-31,ABBV,13721,0.009983970535609187,300.5,0.58,169018056.41
2020-08-31,BLK,87267,0.009695280084158852,318.6,1.18,90604467.96
2020-08-31,CPRT,80320,0.00936821669115099,333.4,1.67,24312745.8
2020-08-31,SIVB,11786,0.009234637873554788,335.4,1.74,13218724.18
2020-08-31,BSX,77605,0.00864057466019963,320.3,1.24,58686288.5
2020-08-31,ALXN,83111,0.008389701670652028,327.3,1.47,25033940.06
2020-08-31,MS,69032,0.008227526113230674,311.8,0.96,82401529.86
2020-08-31,FTNT,93132,0.008103764371684825,326.5,1.44,21362633.16
2020-08-31,URI,85663,0.007991847117446965,328.0,1.49,12761764.0
2020-08-31,ETFC,83862,0.007826058117829058,327.2,1.47,11961293.6
2020-08-31,TROW,10138,0.007788036824585853,322.0,1.29,31598723.33
2020-08-31,NDAQ,90601,0.007720367921584178,324.0,1.36,22079560.36
2020-08-31,BMY,19393,0.00738865069609576,292.1,0.3,140194757.0
2020-08-31,COG,76082,0.007344254062370371,325.4,1.41,7561062.6
2020-08-31,QRVO,85035,0.007260734437883096,323.1,1.33,14653051.72
2020-08-31,MSCI,92402,0.0072099274365917745,318.6,1.18,31219182.15
2020-08-31,NSC,64311,0.006485796290477053,308.4,0.84,54218315.77
2020-08-31,SPGI,17478,0.006110034568767733,297.5,0.48,88307222.41
2020-08-31,WAT,82651,0.0060669764094877475,316.2,1.1,13392116.14
2020-08-31,MNST,88031,0.005885768112541799,307.3,0.81,44227428.56
2020-08-31,AMP,90880,0.005832729471753284,313.4,1.01,18858179.2
2020-08-31,CHTR,12308,0.005808189543992169,286.1,0.11,126137871.34
2020-08-31,LRCX,48486,0.00577046449376067,305.4,0.74,48979512.5
2020-08-31,ROP,77338,0.005741503516905946,306.3,0.77,44731492.09
2020-08-31,MCHP,78987,0.005458398149157845,308.9,0.86,27693984.4
2020-08-31,CME,89626,0.005202698107620353,298.4,0.51,63071202.88
2020-08-31,ADSK,85631,0.004354893411786159,295.6,0.42,53876850.3
2020-08-31,ORLY,79103,0.004171767009838183,299.4,0.55,34486885.95
2020-08-31,VRSN,85753,0.004058592694219451,301.2,0.61,24670639.2
2020-08-31,SCHW,75186,0.003404424448415851,291.9,0.3,45785450.26
2020-08-31,APD,28222,0.003131794600586983,285.5,0.09,64558482.65
2020-08-31,ICE,90993,0.003108654046036527,287.1,0.14,57683739.84
2020-08-31,MKTX,90454,0.002971537587040259,296.2,0.44,18452113.68
2020-08-31,STT,72726,0.0027239178125524795,293.3,0.34,23993758.47
2020-08-31,KSU,12650,0.002653524359915279,294.6,0.39,17175291.02
2020-08-31,MXIM,11896,0.0025009867562051,293.4,0.35,18271905.88
2020-08-31,FMC,19166,0.0024810929112356237,294.4,0.38,13845422.76
2020-08-31,AKAM,87299,0.0021157032329788042,290.9,0.26,18943743.15
2020-08-31,BK,49656,0.00204899212855829,287.0,0.14,32759176.76
2020-08-31,PEG,23712,0.00191600648580582,287.8,0.16,26420693.44
2020-08-31,SRE,86136,0.0017945447257420343,284.7,0.06,35766999.0
2020-08-31,NTRS,58246,0.001639195092287927,288.5,0.19,17040735.77
2020-08-31,RMD,81736,0.0014931686035109656,285.3,0.08,26195202.78
2020-08-31,A,87432,0.0013638442011931532,283.3,0.01,31007386.34
2020-08-31,FLT,12449,0.0008845224506060372,282.9,0.0,21134875.4
2020-09-30,AAPL,14593,0.09238076827056886,320.6,1.24,1966078923.03
2020-09-30,MSFT,10107,0.07963953329463284,343.5,1.98,1590936120.0
2020-09-30,FB,13407,0.03471529220871501,326.2,1.42,630131375.94
2020-09-30,GOOGL,90319,0.029432925301571343,344.9,2.02,440619443.59
2020-09-30,GOOG,14542,0.028442353045459882,326.3,1.42,486684486.18
2020-09-30,NVDA,86580,0.028218817041006875,366.3,2.72,333932721.49
2020-09-30,JNJ,22111,0.024985909389698364,330.6,1.56,391974688.24
2020-09-30,V,92611,0.020640211955414225,318.6,1.17,337150819.79
2020-09-30,NEM,21207,0.019939137244902032,391.8,3.54,50954854.95
2020-09-30,VRTX,76744,0.018915631416073737,380.1,3.16,70798548.88
2020-09-30,AMGN,14008,0.018591335594870872,357.1,2.42,148302360.0
2020-09-30,ALGN,88860,0.018448390361167813,389.4,3.46,25812007.85
2020-09-30,MA,91233,0.0183084935600318,304.6,0.72,335645909.05
2020-09-30,PG,18163,0.016384843467342154,289.9,0.24,346032447.69
2020-09-30,INTC,59328,0.016084245291945885,324.3,1.36,212194440.0
2020-09-30,NLOK,75607,0.015947014580931777,377.6,3.08,12316502.52
2020-09-30,ADBE,75510,0.015768806372707188,316.1,1.09,235268584.37
2020-09-30,REGN,76614,0.015469953227779738,362.1,2.58,58650952.64
2020-09-30,BIIB,76841,0.01497424916662058,363.1,2.61,43653244.22
2020-09-30,CDNS,11403,0.014817506171539652,365.9,2.7,29742412.53
2020-09-30,MRK,22752,0.014571295071409352,315.6,1.07,209800540.95
2020-09-30,LLY,50876,0.01455799390054199,334.0,1.67,141576689.4
2020-09-30,MCO,48506,0.014539334742491323,357.5,2.43,54404846.88
2020-09-30,PFE,21936,0.014395161609865465,316.1,1.09,203937496.0
2020-09-30,ORCL,10104,0.014257192384278474,321.8,1.28,179750013.6
2020-09-30,EBAY,86356,0.014197224882975028,360.4,2.52,35896900.0
2020-09-30,UNP,48725,0.013465702661405975,329.4,1.52,133643033.93
2020-09-30,CSX,62148,0.01343126425683086,349.3,2.17,59400074.25
2020-09-30,EA,75828,0.012533635234648724,349.6,2.18,37818900.0
2020-09-30,CRM,90215,0.012163184860966552,295.6,0.43,228701209.1
2020-09-30,ATVI,79678,0.012064647174792564,340.0,1.86,62558645.7
2020-09-30,CSCO,76076,0.011874845622097417,310.6,0.91,166754610.75
2020-09-30,KO,11308,0.01119108411988993,294.1,0.38,212065823.43
2020-09-30,CTXS,82686,0.011084037805535745,346.3,2.07,16936816.42
2020-09-30,ALXN,83111,0.010889938072284534,342.9,1.96,25060170.0
2020-09-30,NEE,24205,0.010214891580886164,308.7,0.85,135906698.88
2020-09-30,BSX,77605,0.010164965518201828,330.4,1.55,54666091.75
2020-09-30,SIVB,11786,0.010030071227539064,341.0,1.9,12461228.56
2020-09-30,BLK,87267,0.009253845593999445,316.3,1.1,85932356.68
2020-09-30,ANET,14714,0.009170075224046085,334.8,1.7,15732059.42
2020-09-30,NRG,90071,0.009133045640994148,336.8,1.76,7504802.12
2020-09-30,MS,69032,0.008942033740058898,317.0,1.12,76236394.35
2020-09-30,ABBV,13721,0.008363323164020293,292.2,0.32,154581722.47
2020-09-30,HOLX,76095,0.008275899352798804,328.9,1.51,17115892.06
2020-09-30,NDAQ,90601,0.008003319488286033,326.4,1.42,20127016.91
2020-09-30,SNPS,77357,0.007800191038968994,321.8,1.28,32474032.76
2020-09-30,ETFC,83862,0.0077840744902798135,327.5,1.46,11065854.8
2020-09-30,FTNT,93132,0.007781171328939454,325.3,1.39,19120563.0
2020-09-30,NSC,64311,0.007766453942957914,315.6,1.07,54590777.46
2020-09-30,URI,85663,0.007753266427416883,326.9,1.44,12577960.0
2020-09-30,TROW,10138,0.007325333765451379,319.8,1.21,29025802.5
2020-09-30,BMY,19393,0.007187768432286801,290.0,0.25,135889741.15
2020-09-30,MSCI,92402,0.007134457027915663,318.4,1.17,29840008.86
2020-09-30,SPGI,17478,0.007046916690971095,302.4,0.65,86904602.41
2020-09-30,MNST,88031,0.0068408016497606226,313.2,1.0,42337018.6
2020-09-30,COG,76082,0.006744535804733126,322.2,1.29,6919348.8
2020-09-30,QRVO,85035,0.006698897345282483,319.8,1.21,14737585.22
2020-09-30,CME,89626,0.006623686015306933,307.1,0.8,59901999.3
2020-09-30,ROP,77338,0.006086419010355837,308.8,0.85,41372362.16
2020-09-30,CHTR,12308,0.0058433783774503555,284.7,0.07,124789963.5
2020-09-30,VRSN,85753,0.005735711151997782,311.5,0.94,23406571.84
2020-09-30,MCHP,78987,0.005347957970100803,308.2,0.84,26743803.8
2020-09-30,ICE,90993,0.00521315676618461,299.4,0.55,56152862.4
2020-09-30,WAT,82651,0.004868545203191492,309.2,0.87,12117679.06
2020-09-30,LRCX,48486,0.004368825377801776,296.4,0.45,47968727.75
2020-09-30,MKTX,90454,0.004248763627708903,303.7,0.69,18283564.35
2020-09-30,CPRT,80320,0.003806839225394317,299.2,0.54,24814815.52
2020-09-30,APD,28222,0.00325689124475082,284.7,0.07,65795484.63
2020-09-30,AMP,90880,0.0031430866399049144,296.8,0.47,18534655.59
2020-09-30,SCHW,75186,0.0029855770855688043,288.2,0.19,46687499.66
2020-09-30,ORLY,79103,0.002808274114839103,290.6,0.27,33784253.03
2020-09-30,TFX,44329,0.0023611872074468607,292.7,0.33,15834977.19
2020-09-30,EW,87657,0.0021758060696783657,282.4,0.0,49627366.62
2020-09-30,KSU,12650,0.0021560036723291516,291.1,0.28,17061129.67
2020-09-30,FMC,19166,0.0017668636141334915,289.6,0.23,13722335.06
2020-09-30,AKAM,87299,0.0017276556033078763,288.2,0.19,17995912.0
2020-09-30,TER,51369,0.0017113224063463378,289.4,0.23,13193776.78
2020-09-30,STT,72726,0.0015154201179740164,286.1,0.12,20906883.39
2020-09-30,BK,49656,0.0015117443383326368,283.5,0.04,30420501.08
2020-09-30,NTRS,58246,0.0014720876165227157,287.1,0.15,16227194.37
2020-09-30,MXIM,11896,0.001358772675660397,285.9,0.11,18072220.61
2020-09-30,FLT,12449,0.0011687270289221282,284.2,0.06,20012782.04
2020-10-31,AAPL,14593,0.09023387620281784,321.9,1.38,1850816165.72
2020-10-31,MSFT,10107,0.07872728563272417,340.5,1.96,1530773625.12
2020-10-31,FB,13407,0.03473109321487163,317.8,1.25,632508259.55
2020-10-31,GOOGL,90319,0.03103334241396226,336.4,1.83,485873771.83
2020-10-31,GOOG,14542,0.03015560288343602,316.7,1.22,534717708.97
2020-10-31,NVDA,86580,0.027830663344939104,366.5,2.77,310341833.81
2020-10-31,JNJ,22111,0.024158086833218954,328.4,1.58,360947970.73
2020-10-31,NEM,21207,0.01983089228038654,390.2,3.51,50483016.72
2020-10-31,V,92611,0.019278905691648432,312.9,1.1,306364348.83
2020-10-31,VRTX,76744,0.017779315495034666,376.0,3.07,54181517.68
2020-10-31,MA,91233,0.017534233658506072,307.8,0.94,285311990.68
2020-10-31,AMGN,14008,0.017512096970587306,353.5,2.36,126295742.86
2020-10-31,PG,18163,0.01751117390592034,291.9,0.44,339954007.4
2020-10-31,ALGN,88860,0.01674299106115917,375.3,3.05,33596407.21
2020-10-31,ORCL,10104,0.01649580315798121,334.7,1.78,168940925.68
2020-10-31,ADBE,75510,0.01629723927759587,320.3,1.33,214482369.7
2020-10-31,NLOK,75607,0.016028270270294024,376.9,3.1,12174765.9
2020-10-31,REGN,76614,0.01562545071446729,361.4,2.61,56996070.92
2020-10-31,CDNS,11403,0.014963692194633445,364.8,2.72,30506683.47
2020-10-31,EBAY,86356,0.014927874211314592,363.9,2.69,32833216.57
2020-10-31,INTC,59328,0.014747681928784966,319.9,1.32,181459440.0
2020-10-31,CSX,62148,0.014434072192581613,352.8,2.34,60371338.5
2020-10-31,UNP,48725,0.014343127956088584,335.2,1.79,119402848.11
2020-10-31,LLY,50876,0.01430480559067123,333.4,1.74,124795697.29
2020-10-31,MRK,22752,0.014205137279376268,313.9,1.13,190224215.61
2020-10-31,MCO,48506,0.014156286975700164,354.2,2.39,49346328.12
2020-10-31,PFE,21936,0.014033142395744588,310.8,1.03,197158102.4
2020-10-31,EA,75828,0.012639889313589371,348.7,2.22,34750700.0
2020-10-31,ATVI,79678,0.012195440751884523,339.0,1.91,58528460.61
2020-10-31,KO,11308,0.01209667502655536,295.7,0.56,206534726.1
2020-10-31,CRM,90215,0.011908085672301226,293.1,0.48,211365700.0
2020-10-31,CSCO,76076,0.011699057882694415,309.0,0.97,151569800.0
2020-10-31,HOLX,76095,0.011091985122809489,343.7,2.06,17721012.36
2020-10-31,NEE,24205,0.010941715749304479,306.5,0.9,143423807.54
2020-10-31,BIIB,76841,0.01068171893041661,335.0,1.79,38789037.28
2020-10-31,ALXN,83111,0.010460199716962945,337.5,1.87,25197813.3
2020-10-31,CTXS,82686,0.010250315742780508,339.4,1.92,13946255.48
2020-10-31,BSX,77605,0.009580790487726181,325.0,1.47,49029232.25
2020-10-31,NOW,13447,0.009182629076076913,308.6,0.96,97075908.95
2020-10-31,BLK,87267,0.008972542091680339,308.9,0.97,91369940.69
2020-10-31,SNPS,77357,0.00854591563860463,323.1,1.42,32638885.48
2020-10-31,NSC,64311,0.008499435341040482,316.9,1.22,53113343.2
2020-10-31,TXN,15579,0.008444883732521854,293.6,0.49,132725233.78
2020-10-31,ANET,14714,0.008416143138778337,327.1,1.54,15881830.64
2020-10-31,SIVB,11786,0.008238431737044123,326.2,1.51,15057388.42
2020-10-31,NRG,90071,0.00811106933039195,327.5,1.55,7719643.56
2020-10-31,MNST,88031,0.007662400935471492,315.2,1.17,40422604.69
2020-10-31,URI,85663,0.007624058595335583,322.9,1.41,12861305.01
2020-10-31,NDAQ,90601,0.007548118449003591,320.4,1.33,19846957.62
2020-10-31,ABBV,13721,0.0074817198038408484,282.4,0.14,150187288.3
2020-10-31,SPGI,17478,0.007464284592385248,303.2,0.79,77648840.41
2020-10-31,MS,69032,0.007433588847515587,300.3,0.7,87026743.35
2020-10-31,FTNT,93132,0.007398708182902669,320.0,1.32,17916582.84
2020-10-31,CME,89626,0.007310131767400953,309.0,0.97,54106520.64
2020-10-31,MSCI,92402,0.007226125361053569,315.7,1.18,28999986.8
2020-10-31,ROP,77338,0.006968263060593462,311.2,1.04,38883382.74
2020-10-31,QRVO,85035,0.006902367792450561,317.8,1.25,14525917.44
2020-10-31,TROW,10138,0.00685244206374314,313.4,1.11,28680003.78
2020-10-31,VRSN,85753,0.006056619495215684,310.3,1.02,21760777.0
2020-10-31,CHTR,12308,0.005528519395787333,278.4,0.02,120688524.5
2020-10-31,APD,28222,0.005200251701576193,293.5,0.49,61019756.35
2020-10-31,COG,76082,0.005083592236904359,308.3,0.95,7090738.2
2020-10-31,ICE,90993,0.0050727524134661405,295.0,0.54,52985209.6
2020-10-31,SCHW,75186,0.005061769453330577,288.9,0.35,73901062.62
2020-10-31,WAT,82651,0.005058838126321612,306.2,0.89,13825535.98
2020-10-31,MCHP,78987,0.004746714684192566,300.3,0.7,27360310.08
2020-10-31,ZTS,13788,0.0047357925259182134,286.4,0.27,75334239.75
2020-10-31,CPRT,80320,0.004141347571298891,296.8,0.59,26057982.48
2020-10-31,AMP,90880,0.0036046459977773643,295.3,0.55,19342863.27
2020-10-31,MKTX,90454,0.0034204795023972325,293.8,0.5,20456361.79
2020-10-31,LRCX,48486,0.0033430566035593003,285.0,0.22,49262597.28
2020-10-31,AKAM,87299,0.00333722079013311,294.7,0.53,15485536.0
2020-10-31,KSU,12650,0.0026012905022429916,289.7,0.37,16487056.28
2020-10-31,TER,51369,0.0025470150807356475,289.9,0.38,14588019.6
2020-10-31,FMC,19166,0.00222398605501135,288.2,0.32,13311610.84
2020-10-31,SRE,86136,0.002179640132265383,281.3,0.11,36261633.6
2020-10-31,ORLY,79103,0.002112271581591875,282.1,0.13,31990555.93
2020-10-31,MXIM,11896,0.0019318186945444335,284.8,0.22,18617514.65
2020-10-31,PEG,23712,0.0017773635633771075,280.7,0.09,29409711.4
2020-10-31,FLT,12449,0.0012578996101062757,280.5,0.08,18567927.32
2020-10-31,TFX,44329,0.000792288696990998,278.6,0.02,14819016.88
2020-10-31,NTRS,58246,0.0007335479159486426,277.8,0.0,16289630.67
2020-11-30,MSFT,10107,0.0906599146027576,342.2,1.96,1618475454.32
2020-11-30,FB,13407,0.03991210988684038,321.9,1.33,665827293.93
2020-11-30,GOOG,14542,0.03765992693696962,334.8,1.73,580810018.28
2020-11-30,GOOGL,90319,0.037392094760200535,350.3,2.21,527449839.61
2020-11-30,NVDA,86580,0.030896847857926873,371.5,2.86,331821140.0
2020-11-30,JNJ,22111,0.026492584530276468,327.2,1.49,380876294.91
2020-11-30,PG,18163,0.021339670326535425,305.7,0.83,344342885.22
2020-11-30,V,92611,0.019910032595594276,292.7,0.42,355992991.32
2020-11-30,ALGN,88860,0.018935040495464014,389.1,3.41,37949717.29
2020-11-30,HOLX,76095,0.018127645885612685,390.4,3.45,17767101.3
2020-11-30,ADBE,75510,0.017890901747600878,320.6,1.29,229187130.0
2020-11-30,NEM,21207,0.017620285322091526,377.6,3.05,47253517.56
2020-11-30,ORCL,10104,0.016902178149806414,332.1,1.64,173788455.36
2020-11-30,LLY,50876,0.01677399214230249,342.4,1.96,139326158.73
2020-11-30,EBAY,86356,0.01674851146516251,376.0,3.0,34763365.77
2020-11-30,REGN,76614,0.0161212972210498,365.7,2.68,54109360.86
2020-11-30,NLOK,75607,0.016061184185401513,379.3,3.1,10789790.1
2020-11-30,CSX,62148,0.016038618709278044,360.4,2.52,68867988.75
2020-11-30,NEE,24205,0.016025528009143076,336.0,1.76,144168255.66
2020-11-30,CDNS,11403,0.015719332427992647,370.1,2.82,32439675.3
2020-11-30,ATVI,79678,0.015032259068762105,356.3,2.39,61426674.36
2020-11-30,AMGN,14008,0.014584363773711858,331.5,1.62,129264798.94
2020-11-30,LRCX,48486,0.014198790623258862,349.7,2.19,65187113.94
2020-11-30,CSCO,76076,0.014067223751941672,311.2,1.0,181781612.28
2020-11-30,KO,11308,0.013681191810902552,295.8,0.52,221747646.0
2020-11-30,UNP,48725,0.013666157962802065,322.9,1.36,137523185.52
2020-11-30,CRM,90215,0.013560998640457102,294.4,0.48,223678000.0
2020-11-30,MCO,48506,0.013529039068224138,349.3,2.18,53023452.0
2020-11-30,VRTX,76744,0.013328185430909007,346.0,2.07,59223654.5
2020-11-30,NFLX,89393,0.013294106061653925,294.9,0.49,216788810.92
2020-11-30,INTC,59328,0.013228723916538726,300.5,0.67,198138300.0
2020-11-30,SIVB,11786,0.013071914386346648,357.7,2.44,17862712.9
2020-11-30,ANET,14714,0.01283136501245715,355.3,2.36,20481433.46
2020-11-30,MRK,22752,0.012562602631546505,294.5,0.48,203389433.26
2020-11-30,ABBV,13721,0.012244331789293007,298.5,0.6,184633270.92
2020-11-30,BLK,87267,0.011760214582864009,320.6,1.29,106506053.8
2020-11-30,TMO,62092,0.010694989491180303,288.6,0.3,184287852.26
2020-11-30,ALXN,83111,0.010171971895811786,336.1,1.77,26723162.95
2020-11-30,MCHP,78987,0.009486418316701144,329.0,1.55,34991930.64
2020-11-30,TXN,15579,0.009269388677577123,291.1,0.37,148018147.5
2020-11-30,BMY,19393,0.009197660055942435,292.9,0.43,141008524.8
2020-11-30,BIIB,76841,0.008826357192587241,324.1,1.4,36957839.94
2020-11-30,NRG,90071,0.008787448131523296,333.2,1.68,7998237.75
2020-11-30,CHTR,12308,0.008555023243197393,292.2,0.41,130316499.25
2020-11-30,NSC,64311,0.008471198346104405,314.3,1.09,60199524.7
2020-11-30,SNPS,77357,0.008405045058945293,322.1,1.33,34720595.0
2020-11-30,NOW,13447,0.008384163817753774,299.5,0.63,104290703.05
2020-11-30,MNST,88031,0.008256606364226322,317.9,1.2,44756803.26
2020-11-30,SPGI,17478,0.008160384012552549,304.4,0.79,84638268.0
2020-11-30,MSCI,92402,0.007901713425112158,319.1,1.24,33938871.73
2020-11-30,NDAQ,90601,0.0078739087859183,323.1,1.36,20995223.62
2020-11-30,BSX,77605,0.0075254692636837275,312.3,1.03,47468181.15
2020-11-30,WAT,82651,0.0074357875535757435,322.4,1.34,14395755.86
2020-11-30,CME,89626,0.007364779432787806,306.3,0.84,62833494.61
2020-11-30,TROW,10138,0.007008243002202102,313.8,1.08,32472756.53
2020-11-30,COG,76082,0.006941554747318634,321.6,1.32,6983121.6
2020-11-30,EA,75828,0.006787131212823249,310.9,0.99,37028848.5
2020-11-30,ZTS,13788,0.006764915087941505,298.1,0.59,76223481.84
2020-11-30,PEG,23712,0.006409936994700261,310.9,0.99,29480821.44
2020-11-30,VRSN,85753,0.006158662181558553,311.4,1.0,22904159.2
2020-11-30,URI,85663,0.005708511733605567,310.6,0.98,16373656.26
2020-11-30,QRVO,85035,0.005566628939913367,309.2,0.93,17869979.58
2020-11-30,MKTX,90454,0.005479845241819298,307.8,0.89,20468889.96
2020-11-30,TER,51369,0.005264261645722723,307.1,0.87,18322619.04
2020-11-30,INTU,78975,0.004683956286265119,279.4,0.01,92491844.29
2020-11-30,ROP,77338,0.004621025195402297,294.4,0.48,44780344.0
2020-11-30,CPRT,80320,0.004581246953519579,299.8,0.64,27261554.85
2020-11-30,FTNT,93132,0.00434238150062892,300.6,0.67,20004172.36
2020-11-30,SO,18411,0.004288785571318583,286.3,0.23,63216083.7
2020-11-30,CTXS,82686,0.004012326060796691,300.0,0.65,15257526.08
2020-11-30,RMD,81736,0.003730881400396854,293.3,0.44,30374185.45
2020-11-30,KSU,12650,0.0035635641621230077,296.4,0.54,17425884.34
2020-11-30,ICE,90993,0.003423695504741735,282.0,0.09,59221074.84
2020-11-30,ABMD,75107,0.0033426883357721825,296.6,0.54,12386579.45
2020-11-30,VRSK,93089,0.003127881598544597,288.8,0.3,32243222.9
2020-11-30,MXIM,11896,0.0029198656230663396,290.7,0.36,22196675.04
2020-11-30,PGR,64390,0.002843207937651333,280.9,0.06,51011441.78
2020-11-30,ODFL,77037,0.0027863499246402372,289.3,0.32,23860432.16
2020-11-30,AKAM,87299,0.0023122565108826265,288.5,0.29,16850806.94
2020-11-30,ORLY,79103,0.002050606383363085,281.9,0.09,32053893.12
2020-11-30,BK,49656,0.0017323307126876004,279.0,0.0,34665640.32
2020-11-30,FMC,19166,0.0017117273604685024,285.2,0.19,15053109.57
2020-11-30,CHD,23393,0.0011980533552684973,279.7,0.02,21806456.5
2020-12-31,MSFT,10107,0.08904190081864846,339.8,1.96,1678381320.0
2020-12-31,FB,13407,0.037581279528012684,320.8,1.31,657222960.0
2020-12-31,GOOGL,90319,0.03649753187247264,350.5,2.32,527071430.21
2020-12-31,GOOG,14542,0.036069234813041876,334.5,1.78,575753610.12
2020-12-31,NVDA,86580,0.03079247148402364,373.5,3.11,323241806.19
2020-12-31,JNJ,22111,0.025547719962527134,317.5,1.2,414309617.34
2020-12-31,V,92611,0.020429464081732025,299.5,0.58,370895430.21
2020-12-31,ALGN,88860,0.020245296896092294,389.5,3.65,42141206.8
2020-12-31,PG,18163,0.018729929469677286,296.7,0.49,345012378.84
2020-12-31,HOLX,76095,0.018356644340042742,384.9,3.49,18750447.65
2020-12-31,CSX,62148,0.01782630716023158,367.8,2.91,69242250.0
2020-12-31,EBAY,86356,0.01744092059833711,375.2,3.16,34371000.0
2020-12-31,ADBE,75510,0.017380642692503515,318.0,1.21,239557480.0
2020-12-31,ORCL,10104,0.017277483030383463,331.0,1.66,190449559.46
2020-12-31,MA,91233,0.017206837167561013,285.6,0.11,352824481.8
2020-12-31,NEM,21207,0.017067158876570922,369.2,2.96,48113110.62
2020-12-31,LLY,50876,0.01652446271670698,334.6,1.78,161509304.88
2020-12-31,CDNS,11403,0.016353810739700794,367.8,2.91,38060420.03
2020-12-31,ANET,14714,0.01632761206725905,372.1,3.06,21984817.53
2020-12-31,REGN,76614,0.016170195995682403,363.2,2.75,50775826.17
2020-12-31,LRCX,48486,0.015773011491891184,356.2,2.52,67631423.92
2020-12-31,NEE,24205,0.01468835461793177,326.7,1.51,151142559.1
2020-12-31,ATVI,79678,0.014542198557422233,347.8,2.23,71887255.5
2020-12-31,UNP,48725,0.014500807863904074,328.6,1.57,140313003.18
2020-12-31,VRTX,76744,0.014440054406058039,350.1,2.31,61422402.6
2020-12-31,ABBV,13721,0.014285332429460274,313.8,1.07,189170539.1
2020-12-31,SIVB,11786,0.014245452907560418,360.4,2.66,20123722.52
2020-12-31,NLOK,75607,0.01359844962435266,358.8,2.6,12197860.0
2020-12-31,MCO,48506,0.013448734736817907,346.2,2.17,54507070.12
2020-12-31,AMGN,14008,0.013131002906666352,322.6,1.37,132962736.0
2020-12-31,NFLX,89393,0.013064893754658451,292.7,0.35,239486604.49
2020-12-31,BLK,87267,0.012764549133970331,326.8,1.51,110042783.89
2020-12-31,CSCO,76076,0.012662330470580947,304.3,0.75,189091751.5
2020-12-31,CRM,90215,0.012547039856261983,299.6,0.59,203614950.0
2020-12-31,KO,11308,0.01225405820121518,289.0,0.22,235671335.4
2020-12-31,CPRT,80320,0.012208477615509104,345.7,2.16,30047924.25
2020-12-31,INTC,59328,0.01170412183981223,295.0,0.43,202368840.0
2020-12-31,ALXN,83111,0.011252524853096206,338.9,1.93,34349053.72
2020-12-31,MCHP,78987,0.011250190869088234,338.1,1.9,37187222.38
2020-12-31,MRK,22752,0.010829893427580908,288.6,0.21,206956781.2
2020-12-31,NSC,64311,0.009633809234802539,322.2,1.36,60349375.85
2020-12-31,TMO,62092,0.009194841276102502,285.2,0.1,184604916.3
2020-12-31,TER,51369,0.008747154995625466,328.2,1.56,19916486.47
2020-12-31,MSCI,92402,0.008395536741355117,321.4,1.33,37015104.35
2020-12-31,TXN,15579,0.008318786676323353,289.4,0.24,150893572.02
2020-12-31,TROW,10138,0.00826026994827778,321.3,1.33,34511621.35
2020-12-31,SPGI,17478,0.008098496027277803,308.0,0.87,79092111.68
2020-12-31,NOW,13447,0.007900695949464,299.0,0.57,107388891.05
2020-12-31,NRG,90071,0.007898796945711847,326.2,1.49,9170498.55
2020-12-31,MNST,88031,0.00779480297465983,314.6,1.1,48838410.56
2020-12-31,CHTR,12308,0.007603317344862531,291.5,0.31,128162741.11
2020-12-31,NDAQ,90601,0.0075280376181364,320.5,1.3,21893340.81
2020-12-31,CME,89626,0.007442183379306988,308.0,0.87,65193925.5
2020-12-31,URI,85663,0.007215995976376265,320.1,1.29,16729291.67
2020-12-31,BIIB,76841,0.006960946553984543,312.9,1.04,37316664.0
2020-12-31,QRVO,85035,0.00617356641060467,313.4,1.06,18838224.73
2020-12-31,ROP,77338,0.006055278279168862,305.4,0.78,45209270.48
2020-12-31,INTU,78975,0.006042552832401837,290.2,0.27,99804070.73
2020-12-31,WAT,82651,0.005633941334174605,311.2,0.98,15351916.16
2020-12-31,MKTX,90454,0.00548979521760237,308.6,0.89,21684132.8
2020-12-31,SNPS,77357,0.00541880150292844,303.2,0.71,39672014.15
2020-12-31,VRSN,85753,0.005335595350879695,306.9,0.84,24554906.87
2020-12-31,EA,75828,0.0052426861043282915,301.7,0.66,41356802.88
2020-12-31,SCHW,75186,0.005132149027871028,286.1,0.13,95324124.48
2020-12-31,BSX,77605,0.005089950112714128,298.0,0.53,51477559.95
2020-12-31,FIS,89003,0.0045712210075996625,284.9,0.09,87777209.35
2020-12-31,FTNT,93132,0.004395385630465373,301.5,0.65,24136125.0
2020-12-31,PEG,23712,0.004375534370569139,299.9,0.6,29490938.4
2020-12-31,CTXS,82686,0.004212880862379137,302.7,0.69,15939983.33
2020-12-31,ZTS,13788,0.0040553060486355685,284.4,0.07,78656854.0
2020-12-31,ICE,90993,0.0037717070596655473,286.6,0.14,64710432.36
2020-12-31,RMD,81736,0.0034659311478753034,294.2,0.4,30803132.4
2020-12-31,ABMD,75107,0.003436635387826021,298.5,0.55,14661945.45
2020-12-31,VRSK,93089,0.0034028822481114206,293.0,0.36,33799388.62
2020-12-31,MXIM,11896,0.003269781189670089,295.0,0.43,23761834.65
2020-12-31,COG,76082,0.0032381753920532877,299.6,0.59,6488882.4
2020-12-31,KSU,12650,0.0028624695413509284,293.9,0.39,19106976.26
2020-12-31,ODFL,77037,0.002630020604690068,291.5,0.31,22847379.27
2020-12-31,ADI,60871,0.0025776156417794613,282.4,0.0,54584019.05
2020-12-31,AKAM,87299,0.0022214457240598987,290.7,0.28,17082922.9
2020-12-31,FMC,19166,0.0018462532769044433,289.1,0.23,14912972.01
2020-12-31,ZBRA,76795,0.001635048891240039,286.3,0.13,20547049.93
2020-12-31,KEYS,14939,0.0013653342851376038,283.6,0.04,24581156.46
